nazwa_produktu,opis
Reliable Bench 4180,Łatwy w utrzymaniu czystości i bardzo praktyczny.
Balanced Jacket 5929,Doskonały jako prezent dla bliskiej osoby. wykonany z wysokiej jakości materiałów zapewniających trwałość.
Transparent Monitor 7431,"Lekki, a jednocześnie wyjątkowo solidny."
Robust Bag 3588,"Lekki, a jednocześnie wyjątkowo solidny."
Eco-Conscious Screen 161,Łatwy w utrzymaniu czystości i bardzo praktyczny. łatwy w utrzymaniu czystości i bardzo praktyczny.
Compact Camera 4168,Idealny do codziennego użytku w domu i biurze.
Luxury Jacket 1703,"Wykonany z wysokiej jakości materiałów zapewniających trwałość. lekki, a jednocześnie wyjątkowo solidny."
Advanced Ring 9021,Nowoczesny design pasujący do każdego wnętrza. świetnie sprawdza się w podróży i codziennym użytkowaniu.
Comfortable Phone 8032,"Lekki, a jednocześnie wyjątkowo solidny."
Noise-Cancelling Case 92,"Lekki, a jednocześnie wyjątkowo solidny."
Affordable Cover 9967,Dzięki kompaktowym wymiarom łatwy do przenoszenia.
Smart-Enabled Drone 7378,Doskonały jako prezent dla bliskiej osoby. łatwy w utrzymaniu czystości i bardzo praktyczny.
Premium-Grade Tripod 6363,Nowoczesny design pasujący do każdego wnętrza.
Eco-Safe Mug 6757,"Prosty, ale niezwykle funkcjonalny. prosty, ale niezwykle funkcjonalny."
Adjustable Tablet 6975,"Prosty, ale niezwykle funkcjonalny."
Portable Cup 2622,Zaprojektowany z myślą o komforcie użytkownika.
Comfortable Case 4358,Wykonany z wysokiej jakości materiałów zapewniających trwałość.
Classic Necklace 1267,Dzięki kompaktowym wymiarom łatwy do przenoszenia.
Strong Lamp 2314,Doskonały jako prezent dla bliskiej osoby.
Portable Cushion 8679,Zaprojektowany z myślą o komforcie użytkownika.
Dynamic Cup 1260,"Prosty, ale niezwykle funkcjonalny."
Multi-Functional Screen 9561,"Lekki, a jednocześnie wyjątkowo solidny. wykonany z wysokiej jakości materiałów zapewniających trwałość."
Lightweight Mouse 9620,Wykonany z wysokiej jakości materiałów zapewniających trwałość. nowoczesny design pasujący do każdego wnętrza.
Eco-Friendly Toy 298,Zaprojektowany z myślą o komforcie użytkownika.
Customizable Brush 3484,Łatwy w utrzymaniu czystości i bardzo praktyczny. świetnie sprawdza się w podróży i codziennym użytkowaniu.
Foldable Shoe 6400,Wykonany z wysokiej jakości materiałów zapewniających trwałość.
Premium-Grade Printer 9758,"Prosty, ale niezwykle funkcjonalny."
Multi-Functional Necklace 7706,Idealny do codziennego użytku w domu i biurze. nowoczesny design pasujący do każdego wnętrza.
Premium Screen 632,Świetnie sprawdza się w podróży i codziennym użytkowaniu.
Compact Phone 1899,"Idealny do codziennego użytku w domu i biurze. lekki, a jednocześnie wyjątkowo solidny."
Eco-Friendly Glasses 7645,Nowoczesny design pasujący do każdego wnętrza.
Efficient Router 9766,Zaprojektowany z myślą o komforcie użytkownika. zaprojektowany z myślą o komforcie użytkownika.
Colorful Phone 203,Dzięki kompaktowym wymiarom łatwy do przenoszenia.
Smart-Enabled Ring 1750,Dzięki kompaktowym wymiarom łatwy do przenoszenia. świetnie sprawdza się w podróży i codziennym użytkowaniu.
Multi-Functional Phone 688,Świetnie sprawdza się w podróży i codziennym użytkowaniu.
Foldable Basket 5431,Świetnie sprawdza się w podróży i codziennym użytkowaniu.
Durable Shoe 1940,Świetnie sprawdza się w podróży i codziennym użytkowaniu.
Practical Tripod 948,"Lekki, a jednocześnie wyjątkowo solidny. łatwy w utrzymaniu czystości i bardzo praktyczny."
Strong Glasses 9406,Świetnie sprawdza się w podróży i codziennym użytkowaniu. wykonany z wysokiej jakości materiałów zapewniających trwałość.
Advanced Glove 867,Wykonany z wysokiej jakości materiałów zapewniających trwałość.
Energy-Saving Phone 2451,"Lekki, a jednocześnie wyjątkowo solidny. wykonany z wysokiej jakości materiałów zapewniających trwałość."
Portable Cover 3432,"Lekki, a jednocześnie wyjątkowo solidny. wykonany z wysokiej jakości materiałów zapewniających trwałość."
Innovative Belt 6183,Idealny do codziennego użytku w domu i biurze.
Comfortable Bag 3297,Dzięki kompaktowym wymiarom łatwy do przenoszenia.
Foldable Blanket 9192,Idealny do codziennego użytku w domu i biurze.
Robust Plate 3109,"Lekki, a jednocześnie wyjątkowo solidny. nowoczesny design pasujący do każdego wnętrza."
Magnetic Umbrella 182,Świetnie sprawdza się w podróży i codziennym użytkowaniu. idealny do codziennego użytku w domu i biurze.
Affordable Mirror 4602,"Zaprojektowany z myślą o komforcie użytkownika. prosty, ale niezwykle funkcjonalny."
Eco-Conscious Stand 7012,Łatwy w utrzymaniu czystości i bardzo praktyczny. idealny do codziennego użytku w domu i biurze.
Balanced Tool 240,"Lekki, a jednocześnie wyjątkowo solidny."
Premium Bottle 3505,Nowoczesny design pasujący do każdego wnętrza.
Transparent Fan 8596,"Prosty, ale niezwykle funkcjonalny."
Eco-Friendly Screen 8717,Łatwy w utrzymaniu czystości i bardzo praktyczny. dzięki kompaktowym wymiarom łatwy do przenoszenia.
Versatile Mug 8532,Wykonany z wysokiej jakości materiałów zapewniających trwałość.
Refined Box 6036,Doskonały jako prezent dla bliskiej osoby. dzięki kompaktowym wymiarom łatwy do przenoszenia.
Transparent Router 3747,Nowoczesny design pasujący do każdego wnętrza.
Elegant Speaker 3348,Świetnie sprawdza się w podróży i codziennym użytkowaniu.
Transparent Phone 3049,Doskonały jako prezent dla bliskiej osoby.
Strong Printer 2332,"Prosty, ale niezwykle funkcjonalny."
Smart-Enabled Speaker 1360,Dzięki kompaktowym wymiarom łatwy do przenoszenia.
Robust Umbrella 1031,Zaprojektowany z myślą o komforcie użytkownika. dzięki kompaktowym wymiarom łatwy do przenoszenia.
Smart-Enabled Lamp 3542,Idealny do codziennego użytku w domu i biurze. doskonały jako prezent dla bliskiej osoby.
Premium Flashlight 8860,Łatwy w utrzymaniu czystości i bardzo praktyczny.
Efficient Charger 889,Idealny do codziennego użytku w domu i biurze.
Smart-Enabled Brush 9466,Dzięki kompaktowym wymiarom łatwy do przenoszenia.
Classic Speaker 9132,Łatwy w utrzymaniu czystości i bardzo praktyczny.
Strong Holder 1191,Dzięki kompaktowym wymiarom łatwy do przenoszenia. nowoczesny design pasujący do każdego wnętrza.
Flexible Toy 849,Nowoczesny design pasujący do każdego wnętrza. nowoczesny design pasujący do każdego wnętrza.
Robust Bottle 5150,Zaprojektowany z myślą o komforcie użytkownika.
Dynamic Brush 3539,Nowoczesny design pasujący do każdego wnętrza.
Colorful Towel 9196,Idealny do codziennego użytku w domu i biurze.
Balanced Cover 6258,Zaprojektowany z myślą o komforcie użytkownika.
Robust Basket 8849,Idealny do codziennego użytku w domu i biurze. doskonały jako prezent dla bliskiej osoby.
Advanced Watch 6265,Świetnie sprawdza się w podróży i codziennym użytkowaniu.
Stylish Wallet 8588,Idealny do codziennego użytku w domu i biurze. nowoczesny design pasujący do każdego wnętrza.
Ultra-Light Printer 9260,Doskonały jako prezent dla bliskiej osoby.
Minimalist Plate 2314,"Prosty, ale niezwykle funkcjonalny. lekki, a jednocześnie wyjątkowo solidny."
Precision Container 4685,"Prosty, ale niezwykle funkcjonalny. idealny do codziennego użytku w domu i biurze."
Lightweight Glove 9389,"Łatwy w utrzymaniu czystości i bardzo praktyczny. lekki, a jednocześnie wyjątkowo solidny."
Precision Tool 9879,Nowoczesny design pasujący do każdego wnętrza. idealny do codziennego użytku w domu i biurze.
Efficient Umbrella 6519,Nowoczesny design pasujący do każdego wnętrza.
Noise-Cancelling Container 1473,Wykonany z wysokiej jakości materiałów zapewniających trwałość. nowoczesny design pasujący do każdego wnętrza.
Stylish Mouse 2037,"Lekki, a jednocześnie wyjątkowo solidny."
Multi-Functional Table 2169,"Lekki, a jednocześnie wyjątkowo solidny. świetnie sprawdza się w podróży i codziennym użytkowaniu."
Soft Container 2077,Świetnie sprawdza się w podróży i codziennym użytkowaniu.
Luxury Plate 7524,"Nowoczesny design pasujący do każdego wnętrza. lekki, a jednocześnie wyjątkowo solidny."
Advanced Table 4939,Idealny do codziennego użytku w domu i biurze.
Waterproof Blanket 8978,"Prosty, ale niezwykle funkcjonalny. idealny do codziennego użytku w domu i biurze."
Flexible Clock 4973,"Lekki, a jednocześnie wyjątkowo solidny. łatwy w utrzymaniu czystości i bardzo praktyczny."
Dynamic Necklace 2499,"Świetnie sprawdza się w podróży i codziennym użytkowaniu. lekki, a jednocześnie wyjątkowo solidny."
Premium-Grade Frame 2490,Świetnie sprawdza się w podróży i codziennym użytkowaniu. wykonany z wysokiej jakości materiałów zapewniających trwałość.
Balanced Stand 6227,Łatwy w utrzymaniu czystości i bardzo praktyczny.
Noise-Cancelling Shoe 354,Zaprojektowany z myślą o komforcie użytkownika.
Magnetic Printer 4256,Doskonały jako prezent dla bliskiej osoby. doskonały jako prezent dla bliskiej osoby.
Durable Lamp 4284,"Nowoczesny design pasujący do każdego wnętrza. prosty, ale niezwykle funkcjonalny."
Adjustable Tablet 513,Nowoczesny design pasujący do każdego wnętrza. nowoczesny design pasujący do każdego wnętrza.
Eco-Conscious Wallet 3019,Świetnie sprawdza się w podróży i codziennym użytkowaniu.
Noise-Cancelling Phone 3133,Świetnie sprawdza się w podróży i codziennym użytkowaniu.
Customizable Bag 8090,Idealny do codziennego użytku w domu i biurze. dzięki kompaktowym wymiarom łatwy do przenoszenia.
Powerful Ring 7097,"Lekki, a jednocześnie wyjątkowo solidny. zaprojektowany z myślą o komforcie użytkownika."
Portable Pen 9805,Nowoczesny design pasujący do każdego wnętrza. idealny do codziennego użytku w domu i biurze.
Stylish Printer 597,"Prosty, ale niezwykle funkcjonalny. lekki, a jednocześnie wyjątkowo solidny."
Portable Holder 2772,Idealny do codziennego użytku w domu i biurze.
Colorful Wallet 2953,Wykonany z wysokiej jakości materiałów zapewniających trwałość.
Practical Printer 2416,"Lekki, a jednocześnie wyjątkowo solidny."
Noise-Cancelling Drill 8736,Idealny do codziennego użytku w domu i biurze.
Premium-Grade Lamp 853,Nowoczesny design pasujący do każdego wnętrza.
Stylish Glove 771,"Idealny do codziennego użytku w domu i biurze. lekki, a jednocześnie wyjątkowo solidny."
Customizable Lamp 6284,Wykonany z wysokiej jakości materiałów zapewniających trwałość. wykonany z wysokiej jakości materiałów zapewniających trwałość.
Adjustable Cable 1342,Łatwy w utrzymaniu czystości i bardzo praktyczny. nowoczesny design pasujący do każdego wnętrza.
Eco-Friendly Drone 9331,Wykonany z wysokiej jakości materiałów zapewniających trwałość. wykonany z wysokiej jakości materiałów zapewniających trwałość.
Elegant Blanket 1266,Łatwy w utrzymaniu czystości i bardzo praktyczny. dzięki kompaktowym wymiarom łatwy do przenoszenia.
Luxury Notebook 9269,"Prosty, ale niezwykle funkcjonalny."
Colorful Printer 9633,Doskonały jako prezent dla bliskiej osoby. nowoczesny design pasujący do każdego wnętrza.
Lightweight Holder 5727,"Prosty, ale niezwykle funkcjonalny."
Foldable Shelf 7115,"Lekki, a jednocześnie wyjątkowo solidny. wykonany z wysokiej jakości materiałów zapewniających trwałość."
Powerful Case 9041,"Zaprojektowany z myślą o komforcie użytkownika. lekki, a jednocześnie wyjątkowo solidny."
Eco-Conscious Bottle 6640,Idealny do codziennego użytku w domu i biurze. wykonany z wysokiej jakości materiałów zapewniających trwałość.
Portable Bottle 3768,Łatwy w utrzymaniu czystości i bardzo praktyczny. dzięki kompaktowym wymiarom łatwy do przenoszenia.
Lightweight Necklace 6318,Łatwy w utrzymaniu czystości i bardzo praktyczny.
Eco-Conscious Mirror 2926,"Prosty, ale niezwykle funkcjonalny."
Adjustable Screen 4441,"Łatwy w utrzymaniu czystości i bardzo praktyczny. prosty, ale niezwykle funkcjonalny."
Modern Necklace 4145,Łatwy w utrzymaniu czystości i bardzo praktyczny. idealny do codziennego użytku w domu i biurze.
Premium-Grade Phone 4984,Dzięki kompaktowym wymiarom łatwy do przenoszenia.
Balanced Cushion 9175,Dzięki kompaktowym wymiarom łatwy do przenoszenia.
Flexible Tablet 2461,"Lekki, a jednocześnie wyjątkowo solidny. dzięki kompaktowym wymiarom łatwy do przenoszenia."
Compact Plate 4980,Zaprojektowany z myślą o komforcie użytkownika. zaprojektowany z myślą o komforcie użytkownika.
High-Quality Shoe 3138,"Prosty, ale niezwykle funkcjonalny. świetnie sprawdza się w podróży i codziennym użytkowaniu."
Precision Mirror 5392,"Lekki, a jednocześnie wyjątkowo solidny. świetnie sprawdza się w podróży i codziennym użytkowaniu."
Multi-Functional Bicycle 5387,"Lekki, a jednocześnie wyjątkowo solidny."
Transparent Speaker 2796,"Lekki, a jednocześnie wyjątkowo solidny. idealny do codziennego użytku w domu i biurze."
High-Quality Cable 1129,"Prosty, ale niezwykle funkcjonalny. zaprojektowany z myślą o komforcie użytkownika."
Wireless Wallet 4155,Łatwy w utrzymaniu czystości i bardzo praktyczny. zaprojektowany z myślą o komforcie użytkownika.
Multi-Functional Toy 6758,Łatwy w utrzymaniu czystości i bardzo praktyczny.
Dynamic Mug 8696,Wykonany z wysokiej jakości materiałów zapewniających trwałość.
Portable Cable 6665,"Lekki, a jednocześnie wyjątkowo solidny. wykonany z wysokiej jakości materiałów zapewniających trwałość."
Smart Container 382,"Wykonany z wysokiej jakości materiałów zapewniających trwałość. lekki, a jednocześnie wyjątkowo solidny."
Comfortable Backpack 9695,Doskonały jako prezent dla bliskiej osoby. doskonały jako prezent dla bliskiej osoby.
Sustainable Watch 7327,Łatwy w utrzymaniu czystości i bardzo praktyczny.
Efficient Pen 1838,Łatwy w utrzymaniu czystości i bardzo praktyczny.
Lightweight Stand 7536,Dzięki kompaktowym wymiarom łatwy do przenoszenia. dzięki kompaktowym wymiarom łatwy do przenoszenia.
Innovative Mirror 6660,Łatwy w utrzymaniu czystości i bardzo praktyczny.
Multi-Functional Cushion 7597,Zaprojektowany z myślą o komforcie użytkownika. wykonany z wysokiej jakości materiałów zapewniających trwałość.
Waterproof Printer 8922,Wykonany z wysokiej jakości materiałów zapewniających trwałość. idealny do codziennego użytku w domu i biurze.
Lightweight Umbrella 7611,"Prosty, ale niezwykle funkcjonalny. prosty, ale niezwykle funkcjonalny."
Minimalist Blanket 1415,Zaprojektowany z myślą o komforcie użytkownika. świetnie sprawdza się w podróży i codziennym użytkowaniu.
Precision Phone 3685,Dzięki kompaktowym wymiarom łatwy do przenoszenia.
Colorful Shoe 6586,"Lekki, a jednocześnie wyjątkowo solidny. świetnie sprawdza się w podróży i codziennym użytkowaniu."
Sustainable Necklace 1850,"Prosty, ale niezwykle funkcjonalny. doskonały jako prezent dla bliskiej osoby."
Strong Blanket 8641,Dzięki kompaktowym wymiarom łatwy do przenoszenia.
Waterproof Glasses 1274,Dzięki kompaktowym wymiarom łatwy do przenoszenia. dzięki kompaktowym wymiarom łatwy do przenoszenia.
Smart-Enabled Cushion 6099,Dzięki kompaktowym wymiarom łatwy do przenoszenia.
Multi-Functional Towel 773,"Lekki, a jednocześnie wyjątkowo solidny. dzięki kompaktowym wymiarom łatwy do przenoszenia."
Refined Flashlight 4628,"Dzięki kompaktowym wymiarom łatwy do przenoszenia. lekki, a jednocześnie wyjątkowo solidny."
Comfortable Glove 2062,Wykonany z wysokiej jakości materiałów zapewniających trwałość.
Strong Mat 3885,Dzięki kompaktowym wymiarom łatwy do przenoszenia.
Powerful Keyboard 5586,Nowoczesny design pasujący do każdego wnętrza. świetnie sprawdza się w podróży i codziennym użytkowaniu.
Comfortable Phone 8094,Zaprojektowany z myślą o komforcie użytkownika. idealny do codziennego użytku w domu i biurze.
Classic Charger 3761,"Lekki, a jednocześnie wyjątkowo solidny."
Smart Charger 5164,Idealny do codziennego użytku w domu i biurze.
Colorful Plate 4272,Dzięki kompaktowym wymiarom łatwy do przenoszenia. zaprojektowany z myślą o komforcie użytkownika.
Advanced Mat 2908,Zaprojektowany z myślą o komforcie użytkownika.
Strong Towel 7409,Idealny do codziennego użytku w domu i biurze.
Ergonomic Towel 6793,Dzięki kompaktowym wymiarom łatwy do przenoszenia.
Ergonomic Toy 4319,Nowoczesny design pasujący do każdego wnętrza.
Ergonomic Screen 1633,"Lekki, a jednocześnie wyjątkowo solidny. doskonały jako prezent dla bliskiej osoby."
Customizable Cup 4359,Łatwy w utrzymaniu czystości i bardzo praktyczny.
Magnetic Camera 9507,Nowoczesny design pasujący do każdego wnętrza.
Rechargeable Monitor 7354,Nowoczesny design pasujący do każdego wnętrza. dzięki kompaktowym wymiarom łatwy do przenoszenia.
Portable Cushion 1442,Nowoczesny design pasujący do każdego wnętrza. zaprojektowany z myślą o komforcie użytkownika.
Adjustable Razor 7577,Świetnie sprawdza się w podróży i codziennym użytkowaniu. zaprojektowany z myślą o komforcie użytkownika.
Advanced Cover 5016,Świetnie sprawdza się w podróży i codziennym użytkowaniu.
Customizable Container 1284,Idealny do codziennego użytku w domu i biurze.
Refined Box 6931,Idealny do codziennego użytku w domu i biurze.
Eco-Safe Notebook 2688,"Prosty, ale niezwykle funkcjonalny."
Eco-Friendly Phone 9678,Łatwy w utrzymaniu czystości i bardzo praktyczny. łatwy w utrzymaniu czystości i bardzo praktyczny.
Adjustable Fan 7074,Doskonały jako prezent dla bliskiej osoby.
Smart-Enabled Drill 7576,Doskonały jako prezent dla bliskiej osoby.
Energy-Saving Mug 9847,Wykonany z wysokiej jakości materiałów zapewniających trwałość.
Dynamic Tool 4769,"Łatwy w utrzymaniu czystości i bardzo praktyczny. prosty, ale niezwykle funkcjonalny."
Powerful Monitor 5044,Zaprojektowany z myślą o komforcie użytkownika.
Colorful Glasses 5073,Nowoczesny design pasujący do każdego wnętrza.
Elegant Glove 540,Wykonany z wysokiej jakości materiałów zapewniających trwałość. zaprojektowany z myślą o komforcie użytkownika.
Waterproof Toy 5650,"Prosty, ale niezwykle funkcjonalny."
Precision Router 6433,Świetnie sprawdza się w podróży i codziennym użytkowaniu.
Noise-Cancelling Drill 6913,Dzięki kompaktowym wymiarom łatwy do przenoszenia.
Premium-Grade Stand 1888,Świetnie sprawdza się w podróży i codziennym użytkowaniu.
Colorful Bench 9699,Dzięki kompaktowym wymiarom łatwy do przenoszenia. nowoczesny design pasujący do każdego wnętrza.
Comfortable Table 8393,Wykonany z wysokiej jakości materiałów zapewniających trwałość.
Adjustable Blanket 4583,Zaprojektowany z myślą o komforcie użytkownika. idealny do codziennego użytku w domu i biurze.
Stylish Towel 8225,Idealny do codziennego użytku w domu i biurze. nowoczesny design pasujący do każdego wnętrza.
Lightweight Flashlight 7607,Dzięki kompaktowym wymiarom łatwy do przenoszenia.
Robust Basket 9476,"Lekki, a jednocześnie wyjątkowo solidny."
Luxury Plate 476,Zaprojektowany z myślą o komforcie użytkownika. zaprojektowany z myślą o komforcie użytkownika.
Compact Basket 2393,Wykonany z wysokiej jakości materiałów zapewniających trwałość.
Eco-Safe Backpack 7834,Zaprojektowany z myślą o komforcie użytkownika.
Eco-Conscious Lamp 6733,Idealny do codziennego użytku w domu i biurze. doskonały jako prezent dla bliskiej osoby.
High-Quality Headphones 9251,Łatwy w utrzymaniu czystości i bardzo praktyczny. nowoczesny design pasujący do każdego wnętrza.
Smart Powerbank 1617,Łatwy w utrzymaniu czystości i bardzo praktyczny.
Foldable Charger 3882,Doskonały jako prezent dla bliskiej osoby.
Classic Case 1147,Dzięki kompaktowym wymiarom łatwy do przenoszenia. dzięki kompaktowym wymiarom łatwy do przenoszenia.
Versatile Glasses 8368,"Prosty, ale niezwykle funkcjonalny. wykonany z wysokiej jakości materiałów zapewniających trwałość."
Comfortable Monitor 25,"Lekki, a jednocześnie wyjątkowo solidny. zaprojektowany z myślą o komforcie użytkownika."
Powerful Drill 5210,Wykonany z wysokiej jakości materiałów zapewniających trwałość.
Eco-Safe Monitor 1107,Idealny do codziennego użytku w domu i biurze. doskonały jako prezent dla bliskiej osoby.
Adjustable Drill 4963,Idealny do codziennego użytku w domu i biurze. dzięki kompaktowym wymiarom łatwy do przenoszenia.
Adjustable Bicycle 5625,Świetnie sprawdza się w podróży i codziennym użytkowaniu.
Foldable Belt 2102,Zaprojektowany z myślą o komforcie użytkownika.
Strong Pen 4863,Nowoczesny design pasujący do każdego wnętrza.
Colorful Camera 1300,Łatwy w utrzymaniu czystości i bardzo praktyczny.
Smart Wallet 4732,Wykonany z wysokiej jakości materiałów zapewniających trwałość. łatwy w utrzymaniu czystości i bardzo praktyczny.
High-Quality Fan 3564,Nowoczesny design pasujący do każdego wnętrza.
Minimalist Printer 8463,"Prosty, ale niezwykle funkcjonalny."
Reliable Powerbank 7036,"Prosty, ale niezwykle funkcjonalny. wykonany z wysokiej jakości materiałów zapewniających trwałość."
Modern Necklace 254,Zaprojektowany z myślą o komforcie użytkownika.
Foldable Flashlight 7845,Wykonany z wysokiej jakości materiałów zapewniających trwałość.
Magnetic Mug 8192,Doskonały jako prezent dla bliskiej osoby. dzięki kompaktowym wymiarom łatwy do przenoszenia.
Eco-Safe Pen 7199,"Prosty, ale niezwykle funkcjonalny. łatwy w utrzymaniu czystości i bardzo praktyczny."
Eco-Safe Flashlight 7564,"Lekki, a jednocześnie wyjątkowo solidny."
Transparent Chair 7840,Wykonany z wysokiej jakości materiałów zapewniających trwałość. idealny do codziennego użytku w domu i biurze.
Smart-Enabled Shoe 460,Nowoczesny design pasujący do każdego wnętrza. łatwy w utrzymaniu czystości i bardzo praktyczny.
Sustainable Shoe 4577,"Świetnie sprawdza się w podróży i codziennym użytkowaniu. prosty, ale niezwykle funkcjonalny."
Strong Umbrella 927,Świetnie sprawdza się w podróży i codziennym użytkowaniu. idealny do codziennego użytku w domu i biurze.
Eco-Conscious Clock 8794,Łatwy w utrzymaniu czystości i bardzo praktyczny.
Magnetic Mirror 5356,Nowoczesny design pasujący do każdego wnętrza.
Robust Brush 7382,Wykonany z wysokiej jakości materiałów zapewniających trwałość. nowoczesny design pasujący do każdego wnętrza.
Luxury Drill 3727,Świetnie sprawdza się w podróży i codziennym użytkowaniu. dzięki kompaktowym wymiarom łatwy do przenoszenia.
Smart-Enabled Shelf 8671,Zaprojektowany z myślą o komforcie użytkownika.
Lightweight Cover 2820,Wykonany z wysokiej jakości materiałów zapewniających trwałość. idealny do codziennego użytku w domu i biurze.
Advanced Drill 8576,Idealny do codziennego użytku w domu i biurze.
Reliable Router 3538,Wykonany z wysokiej jakości materiałów zapewniających trwałość.
Rechargeable Chair 3430,"Świetnie sprawdza się w podróży i codziennym użytkowaniu. lekki, a jednocześnie wyjątkowo solidny."
Colorful Bottle 5302,Łatwy w utrzymaniu czystości i bardzo praktyczny.
Powerful Chair 6983,Zaprojektowany z myślą o komforcie użytkownika.
Smart Box 3831,Doskonały jako prezent dla bliskiej osoby. idealny do codziennego użytku w domu i biurze.
Rechargeable Monitor 2815,"Lekki, a jednocześnie wyjątkowo solidny."
Advanced Cushion 8306,"Prosty, ale niezwykle funkcjonalny. zaprojektowany z myślą o komforcie użytkownika."
Balanced Frame 5788,"Nowoczesny design pasujący do każdego wnętrza. lekki, a jednocześnie wyjątkowo solidny."
Reliable Cushion 2459,"Lekki, a jednocześnie wyjątkowo solidny. wykonany z wysokiej jakości materiałów zapewniających trwałość."
Versatile Container 1947,"Prosty, ale niezwykle funkcjonalny."
Compact Frame 1796,Zaprojektowany z myślą o komforcie użytkownika.
Rechargeable Basket 8430,Dzięki kompaktowym wymiarom łatwy do przenoszenia. idealny do codziennego użytku w domu i biurze.
Adjustable Jacket 9707,"Nowoczesny design pasujący do każdego wnętrza. lekki, a jednocześnie wyjątkowo solidny."
Innovative Glasses 5631,Idealny do codziennego użytku w domu i biurze.
Colorful Backpack 7093,Idealny do codziennego użytku w domu i biurze. łatwy w utrzymaniu czystości i bardzo praktyczny.
Comfortable Plate 709,Nowoczesny design pasujący do każdego wnętrza. świetnie sprawdza się w podróży i codziennym użytkowaniu.
Rechargeable Stand 5365,Dzięki kompaktowym wymiarom łatwy do przenoszenia.
Customizable Tablet 9839,Łatwy w utrzymaniu czystości i bardzo praktyczny.
Portable Screen 7455,Łatwy w utrzymaniu czystości i bardzo praktyczny.
Rechargeable Monitor 8413,"Prosty, ale niezwykle funkcjonalny."
Affordable Mouse 3826,Idealny do codziennego użytku w domu i biurze.
Reliable Notebook 2925,Zaprojektowany z myślą o komforcie użytkownika.
Sustainable Powerbank 7869,"Zaprojektowany z myślą o komforcie użytkownika. prosty, ale niezwykle funkcjonalny."
Premium-Grade Cup 7745,"Lekki, a jednocześnie wyjątkowo solidny."
Premium-Grade Flashlight 2952,Nowoczesny design pasujący do każdego wnętrza.
Customizable Glove 5283,"Lekki, a jednocześnie wyjątkowo solidny. lekki, a jednocześnie wyjątkowo solidny."
Energy-Saving Cup 532,Dzięki kompaktowym wymiarom łatwy do przenoszenia. nowoczesny design pasujący do każdego wnętrza.
Classic Mat 670,Zaprojektowany z myślą o komforcie użytkownika.
Reliable Frame 8562,Łatwy w utrzymaniu czystości i bardzo praktyczny. nowoczesny design pasujący do każdego wnętrza.
Customizable Bicycle 6453,Dzięki kompaktowym wymiarom łatwy do przenoszenia. łatwy w utrzymaniu czystości i bardzo praktyczny.
Balanced Jacket 4706,Nowoczesny design pasujący do każdego wnętrza. łatwy w utrzymaniu czystości i bardzo praktyczny.
High-Quality Monitor 2341,"Prosty, ale niezwykle funkcjonalny."
Portable Cushion 9953,Idealny do codziennego użytku w domu i biurze. idealny do codziennego użytku w domu i biurze.
Strong Bag 1489,Zaprojektowany z myślą o komforcie użytkownika. zaprojektowany z myślą o komforcie użytkownika.
Magnetic Keyboard 531,Zaprojektowany z myślą o komforcie użytkownika.
Smart Speaker 8004,"Prosty, ale niezwykle funkcjonalny. prosty, ale niezwykle funkcjonalny."
Magnetic Cup 9851,Łatwy w utrzymaniu czystości i bardzo praktyczny. idealny do codziennego użytku w domu i biurze.
Modern Cup 4353,Łatwy w utrzymaniu czystości i bardzo praktyczny. zaprojektowany z myślą o komforcie użytkownika.
Stylish Clock 815,Dzięki kompaktowym wymiarom łatwy do przenoszenia.
Minimalist Table 5037,"Prosty, ale niezwykle funkcjonalny. łatwy w utrzymaniu czystości i bardzo praktyczny."
Soft Powerbank 7673,Wykonany z wysokiej jakości materiałów zapewniających trwałość. nowoczesny design pasujący do każdego wnętrza.
Strong Monitor 5076,"Nowoczesny design pasujący do każdego wnętrza. lekki, a jednocześnie wyjątkowo solidny."
Ergonomic Shelf 511,"Zaprojektowany z myślą o komforcie użytkownika. prosty, ale niezwykle funkcjonalny."
Compact Drone 4964,Dzięki kompaktowym wymiarom łatwy do przenoszenia. dzięki kompaktowym wymiarom łatwy do przenoszenia.
Affordable Pillow 7652,"Lekki, a jednocześnie wyjątkowo solidny."
Smart-Enabled Glove 8891,Nowoczesny design pasujący do każdego wnętrza.
Innovative Drill 7885,"Prosty, ale niezwykle funkcjonalny. łatwy w utrzymaniu czystości i bardzo praktyczny."
Multi-Functional Tablet 6653,Doskonały jako prezent dla bliskiej osoby.
Durable Cable 6018,Idealny do codziennego użytku w domu i biurze. idealny do codziennego użytku w domu i biurze.
Stylish Frame 1221,"Łatwy w utrzymaniu czystości i bardzo praktyczny. prosty, ale niezwykle funkcjonalny."
Noise-Cancelling Bottle 7908,"Lekki, a jednocześnie wyjątkowo solidny."
Noise-Cancelling Container 7048,"Lekki, a jednocześnie wyjątkowo solidny."
Smart Cushion 5565,Wykonany z wysokiej jakości materiałów zapewniających trwałość. wykonany z wysokiej jakości materiałów zapewniających trwałość.
Lightweight Blanket 2766,"Prosty, ale niezwykle funkcjonalny."
Minimalist Phone 4076,Wykonany z wysokiej jakości materiałów zapewniających trwałość.
Magnetic Box 7251,Zaprojektowany z myślą o komforcie użytkownika.
High-Quality Blanket 2395,Doskonały jako prezent dla bliskiej osoby.
Magnetic Tablet 5049,Dzięki kompaktowym wymiarom łatwy do przenoszenia. wykonany z wysokiej jakości materiałów zapewniających trwałość.
Colorful Necklace 1616,"Dzięki kompaktowym wymiarom łatwy do przenoszenia. lekki, a jednocześnie wyjątkowo solidny."
Elegant Lamp 6758,"Prosty, ale niezwykle funkcjonalny. nowoczesny design pasujący do każdego wnętrza."
Wireless Razor 9084,Zaprojektowany z myślą o komforcie użytkownika.
Eco-Conscious Ring 1859,"Lekki, a jednocześnie wyjątkowo solidny. nowoczesny design pasujący do każdego wnętrza."
Innovative Pen 8811,Zaprojektowany z myślą o komforcie użytkownika.
Elegant Watch 2502,Świetnie sprawdza się w podróży i codziennym użytkowaniu. zaprojektowany z myślą o komforcie użytkownika.
Efficient Cup 3357,Zaprojektowany z myślą o komforcie użytkownika.
Soft Tablet 6482,Świetnie sprawdza się w podróży i codziennym użytkowaniu.
Flexible Cover 7000,"Lekki, a jednocześnie wyjątkowo solidny. lekki, a jednocześnie wyjątkowo solidny."
Luxury Scarf 7982,"Prosty, ale niezwykle funkcjonalny. prosty, ale niezwykle funkcjonalny."
Energy-Saving Scarf 411,Łatwy w utrzymaniu czystości i bardzo praktyczny.
Transparent Glasses 3126,Wykonany z wysokiej jakości materiałów zapewniających trwałość.
Rechargeable Powerbank 3111,Dzięki kompaktowym wymiarom łatwy do przenoszenia.
Transparent Printer 838,Nowoczesny design pasujący do każdego wnętrza.
Flexible Box 9391,Doskonały jako prezent dla bliskiej osoby.
Ergonomic Wallet 5129,Idealny do codziennego użytku w domu i biurze. łatwy w utrzymaniu czystości i bardzo praktyczny.
High-Quality Clock 3964,"Prosty, ale niezwykle funkcjonalny. prosty, ale niezwykle funkcjonalny."
Refined Glove 3815,Doskonały jako prezent dla bliskiej osoby.
Adjustable Bicycle 4942,"Lekki, a jednocześnie wyjątkowo solidny."
Multi-Functional Scarf 7750,Nowoczesny design pasujący do każdego wnętrza. świetnie sprawdza się w podróży i codziennym użytkowaniu.
Powerful Charger 7680,Nowoczesny design pasujący do każdego wnętrza.
Affordable Drill 5874,"Lekki, a jednocześnie wyjątkowo solidny."
Soft Glove 1683,Nowoczesny design pasujący do każdego wnętrza.
Premium-Grade Drill 2558,Zaprojektowany z myślą o komforcie użytkownika.
Efficient Drill 1769,Nowoczesny design pasujący do każdego wnętrza.
Multi-Functional Flashlight 7300,Zaprojektowany z myślą o komforcie użytkownika.
Luxury Pen 6767,Wykonany z wysokiej jakości materiałów zapewniających trwałość. nowoczesny design pasujący do każdego wnętrza.
Premium-Grade Tool 3573,Nowoczesny design pasujący do każdego wnętrza.
Noise-Cancelling Pen 2209,Doskonały jako prezent dla bliskiej osoby. wykonany z wysokiej jakości materiałów zapewniających trwałość.
Customizable Shoe 6592,Zaprojektowany z myślą o komforcie użytkownika.
Advanced Backpack 6643,Idealny do codziennego użytku w domu i biurze.
Balanced Bottle 8855,Świetnie sprawdza się w podróży i codziennym użytkowaniu.
Smart-Enabled Bottle 231,Wykonany z wysokiej jakości materiałów zapewniających trwałość.
Refined Plate 5089,Dzięki kompaktowym wymiarom łatwy do przenoszenia.
Flexible Toy 312,Dzięki kompaktowym wymiarom łatwy do przenoszenia. doskonały jako prezent dla bliskiej osoby.
Luxury Holder 9045,Doskonały jako prezent dla bliskiej osoby. zaprojektowany z myślą o komforcie użytkownika.
Comfortable Lamp 157,Dzięki kompaktowym wymiarom łatwy do przenoszenia. dzięki kompaktowym wymiarom łatwy do przenoszenia.
Eco-Conscious Mouse 6001,Dzięki kompaktowym wymiarom łatwy do przenoszenia.
Transparent Cover 7302,Doskonały jako prezent dla bliskiej osoby. wykonany z wysokiej jakości materiałów zapewniających trwałość.
Stylish Bicycle 6848,"Łatwy w utrzymaniu czystości i bardzo praktyczny. lekki, a jednocześnie wyjątkowo solidny."
Smart-Enabled Necklace 9713,Wykonany z wysokiej jakości materiałów zapewniających trwałość.
Soft Monitor 3600,Łatwy w utrzymaniu czystości i bardzo praktyczny. doskonały jako prezent dla bliskiej osoby.
Minimalist Cover 4176,Doskonały jako prezent dla bliskiej osoby. dzięki kompaktowym wymiarom łatwy do przenoszenia.
Premium Holder 377,Nowoczesny design pasujący do każdego wnętrza. nowoczesny design pasujący do każdego wnętrza.
Eco-Conscious Screen 6538,"Lekki, a jednocześnie wyjątkowo solidny. lekki, a jednocześnie wyjątkowo solidny."
Compact Shelf 5521,"Lekki, a jednocześnie wyjątkowo solidny. łatwy w utrzymaniu czystości i bardzo praktyczny."
Transparent Powerbank 3743,Nowoczesny design pasujący do każdego wnętrza. zaprojektowany z myślą o komforcie użytkownika.
Luxury Glove 5364,Łatwy w utrzymaniu czystości i bardzo praktyczny.
Affordable Tablet 2999,Nowoczesny design pasujący do każdego wnętrza. doskonały jako prezent dla bliskiej osoby.
Robust Router 5213,Świetnie sprawdza się w podróży i codziennym użytkowaniu.
Eco-Friendly Watch 7970,Doskonały jako prezent dla bliskiej osoby. nowoczesny design pasujący do każdego wnętrza.
Wireless Razor 2161,"Prosty, ale niezwykle funkcjonalny. prosty, ale niezwykle funkcjonalny."
Adjustable Shelf 2366,"Prosty, ale niezwykle funkcjonalny."
Practical Ring 9470,Nowoczesny design pasujący do każdego wnętrza.
Smart Brush 1985,"Lekki, a jednocześnie wyjątkowo solidny. zaprojektowany z myślą o komforcie użytkownika."
Smart Pillow 5659,Idealny do codziennego użytku w domu i biurze. nowoczesny design pasujący do każdego wnętrza.
High-Quality Notebook 8580,Nowoczesny design pasujący do każdego wnętrza.
Portable Tool 4382,Dzięki kompaktowym wymiarom łatwy do przenoszenia.
Rechargeable Watch 9380,Świetnie sprawdza się w podróży i codziennym użytkowaniu. zaprojektowany z myślą o komforcie użytkownika.
Customizable Necklace 1461,Zaprojektowany z myślą o komforcie użytkownika. świetnie sprawdza się w podróży i codziennym użytkowaniu.
Adjustable Belt 8673,"Dzięki kompaktowym wymiarom łatwy do przenoszenia. lekki, a jednocześnie wyjątkowo solidny."
Soft Holder 1779,Zaprojektowany z myślą o komforcie użytkownika. świetnie sprawdza się w podróży i codziennym użytkowaniu.
Robust Screen 1315,Doskonały jako prezent dla bliskiej osoby.
Wireless Cable 7391,Doskonały jako prezent dla bliskiej osoby. łatwy w utrzymaniu czystości i bardzo praktyczny.
Stylish Lamp 2070,Zaprojektowany z myślą o komforcie użytkownika. łatwy w utrzymaniu czystości i bardzo praktyczny.
Eco-Safe Tablet 8886,Nowoczesny design pasujący do każdego wnętrza.
Adjustable Stand 9458,Doskonały jako prezent dla bliskiej osoby. świetnie sprawdza się w podróży i codziennym użytkowaniu.
High-Quality Towel 2479,Nowoczesny design pasujący do każdego wnętrza.
Smart-Enabled Router 9403,"Zaprojektowany z myślą o komforcie użytkownika. lekki, a jednocześnie wyjątkowo solidny."
Premium Mug 6296,"Prosty, ale niezwykle funkcjonalny. wykonany z wysokiej jakości materiałów zapewniających trwałość."
Smart Clock 7829,Zaprojektowany z myślą o komforcie użytkownika.
Luxury Blanket 2629,Idealny do codziennego użytku w domu i biurze. świetnie sprawdza się w podróży i codziennym użytkowaniu.
Comfortable Scarf 9692,Nowoczesny design pasujący do każdego wnętrza. nowoczesny design pasujący do każdego wnętrza.
Magnetic Shoe 3198,"Prosty, ale niezwykle funkcjonalny."
Reliable Pen 651,"Lekki, a jednocześnie wyjątkowo solidny."
Dynamic Speaker 4225,Doskonały jako prezent dla bliskiej osoby.
Affordable Screen 8519,Łatwy w utrzymaniu czystości i bardzo praktyczny.
Premium Bag 2896,"Łatwy w utrzymaniu czystości i bardzo praktyczny. lekki, a jednocześnie wyjątkowo solidny."
Elegant Screen 6728,Zaprojektowany z myślą o komforcie użytkownika.
Refined Pen 7510,"Doskonały jako prezent dla bliskiej osoby. prosty, ale niezwykle funkcjonalny."
Wireless Cup 717,Zaprojektowany z myślą o komforcie użytkownika.
Foldable Wallet 9832,Idealny do codziennego użytku w domu i biurze. idealny do codziennego użytku w domu i biurze.
Innovative Mug 5407,Dzięki kompaktowym wymiarom łatwy do przenoszenia. świetnie sprawdza się w podróży i codziennym użytkowaniu.
Refined Cup 1481,Idealny do codziennego użytku w domu i biurze.
Magnetic Bench 8241,"Łatwy w utrzymaniu czystości i bardzo praktyczny. lekki, a jednocześnie wyjątkowo solidny."
Modern Monitor 7086,Nowoczesny design pasujący do każdego wnętrza. łatwy w utrzymaniu czystości i bardzo praktyczny.
Energy-Saving Bag 8754,Dzięki kompaktowym wymiarom łatwy do przenoszenia. wykonany z wysokiej jakości materiałów zapewniających trwałość.
Innovative Bicycle 8280,Dzięki kompaktowym wymiarom łatwy do przenoszenia.
Efficient Screen 7864,Wykonany z wysokiej jakości materiałów zapewniających trwałość. dzięki kompaktowym wymiarom łatwy do przenoszenia.
Minimalist Basket 181,Nowoczesny design pasujący do każdego wnętrza.
Versatile Clock 4737,"Idealny do codziennego użytku w domu i biurze. prosty, ale niezwykle funkcjonalny."
Refined Container 6401,Świetnie sprawdza się w podróży i codziennym użytkowaniu. doskonały jako prezent dla bliskiej osoby.
Smart-Enabled Frame 7712,"Prosty, ale niezwykle funkcjonalny. wykonany z wysokiej jakości materiałów zapewniających trwałość."
Magnetic Bicycle 1255,Świetnie sprawdza się w podróży i codziennym użytkowaniu.
Powerful Cover 8483,Idealny do codziennego użytku w domu i biurze.
Smart-Enabled Bicycle 7661,"Nowoczesny design pasujący do każdego wnętrza. prosty, ale niezwykle funkcjonalny."
Waterproof Table 4450,Nowoczesny design pasujący do każdego wnętrza.
Minimalist Camera 7629,Wykonany z wysokiej jakości materiałów zapewniających trwałość.
High-Quality Charger 1102,Zaprojektowany z myślą o komforcie użytkownika. idealny do codziennego użytku w domu i biurze.
Eco-Friendly Backpack 4235,Idealny do codziennego użytku w domu i biurze. wykonany z wysokiej jakości materiałów zapewniających trwałość.
Soft Backpack 6995,Świetnie sprawdza się w podróży i codziennym użytkowaniu.
Dynamic Cable 4652,"Doskonały jako prezent dla bliskiej osoby. lekki, a jednocześnie wyjątkowo solidny."
Smart Blanket 4146,Zaprojektowany z myślą o komforcie użytkownika.
Flexible Shelf 6121,"Lekki, a jednocześnie wyjątkowo solidny."
Versatile Box 9853,"Lekki, a jednocześnie wyjątkowo solidny."
Rechargeable Scarf 3115,Dzięki kompaktowym wymiarom łatwy do przenoszenia.
Classic Blanket 1330,Łatwy w utrzymaniu czystości i bardzo praktyczny. świetnie sprawdza się w podróży i codziennym użytkowaniu.
Multi-Functional Shoe 9418,Świetnie sprawdza się w podróży i codziennym użytkowaniu. idealny do codziennego użytku w domu i biurze.
Transparent Razor 3680,Zaprojektowany z myślą o komforcie użytkownika.
Rechargeable Tablet 2918,Dzięki kompaktowym wymiarom łatwy do przenoszenia.
Flexible Drill 8097,Świetnie sprawdza się w podróży i codziennym użytkowaniu.
Flexible Mouse 3490,Zaprojektowany z myślą o komforcie użytkownika. doskonały jako prezent dla bliskiej osoby.
Luxury Mug 7547,"Prosty, ale niezwykle funkcjonalny. dzięki kompaktowym wymiarom łatwy do przenoszenia."
Colorful Cushion 8777,Wykonany z wysokiej jakości materiałów zapewniających trwałość. wykonany z wysokiej jakości materiałów zapewniających trwałość.
Eco-Conscious Plate 7603,Dzięki kompaktowym wymiarom łatwy do przenoszenia.
Modern Lamp 5092,Nowoczesny design pasujący do każdego wnętrza. łatwy w utrzymaniu czystości i bardzo praktyczny.
Compact Case 8380,Świetnie sprawdza się w podróży i codziennym użytkowaniu.
Efficient Watch 4290,Nowoczesny design pasujący do każdego wnętrza.
Strong Mat 9417,"Lekki, a jednocześnie wyjątkowo solidny. wykonany z wysokiej jakości materiałów zapewniających trwałość."
Modern Blanket 5343,Świetnie sprawdza się w podróży i codziennym użytkowaniu.
Magnetic Bicycle 5228,Wykonany z wysokiej jakości materiałów zapewniających trwałość. doskonały jako prezent dla bliskiej osoby.
Colorful Tripod 4317,Dzięki kompaktowym wymiarom łatwy do przenoszenia.
Eco-Friendly Drone 6588,Zaprojektowany z myślą o komforcie użytkownika. dzięki kompaktowym wymiarom łatwy do przenoszenia.
Sustainable Printer 2099,Idealny do codziennego użytku w domu i biurze. dzięki kompaktowym wymiarom łatwy do przenoszenia.
Affordable Jacket 1711,Łatwy w utrzymaniu czystości i bardzo praktyczny. doskonały jako prezent dla bliskiej osoby.
Energy-Saving Cup 4851,Dzięki kompaktowym wymiarom łatwy do przenoszenia. doskonały jako prezent dla bliskiej osoby.
Noise-Cancelling Cup 8433,Zaprojektowany z myślą o komforcie użytkownika.
Versatile Bench 1360,"Lekki, a jednocześnie wyjątkowo solidny."
Affordable Screen 8396,Wykonany z wysokiej jakości materiałów zapewniających trwałość.
Affordable Glasses 5212,"Wykonany z wysokiej jakości materiałów zapewniających trwałość. lekki, a jednocześnie wyjątkowo solidny."
Smart-Enabled Bag 7786,Zaprojektowany z myślą o komforcie użytkownika. dzięki kompaktowym wymiarom łatwy do przenoszenia.
Stylish Container 3924,Nowoczesny design pasujący do każdego wnętrza.
Wireless Bench 3640,"Łatwy w utrzymaniu czystości i bardzo praktyczny. lekki, a jednocześnie wyjątkowo solidny."
Customizable Brush 1704,Świetnie sprawdza się w podróży i codziennym użytkowaniu.
Magnetic Printer 762,Zaprojektowany z myślą o komforcie użytkownika.
Lightweight Wallet 6643,Wykonany z wysokiej jakości materiałów zapewniających trwałość.
Sustainable Wallet 9199,"Prosty, ale niezwykle funkcjonalny. prosty, ale niezwykle funkcjonalny."
Adjustable Mouse 5071,Idealny do codziennego użytku w domu i biurze.
Energy-Saving Tool 291,Nowoczesny design pasujący do każdego wnętrza.
Stylish Fan 1197,Idealny do codziennego użytku w domu i biurze.
Transparent Case 1942,Świetnie sprawdza się w podróży i codziennym użytkowaniu.
Transparent Holder 3479,"Łatwy w utrzymaniu czystości i bardzo praktyczny. lekki, a jednocześnie wyjątkowo solidny."
Premium Mouse 8238,"Prosty, ale niezwykle funkcjonalny."
Soft Brush 8777,Dzięki kompaktowym wymiarom łatwy do przenoszenia.
Ergonomic Scarf 903,"Prosty, ale niezwykle funkcjonalny."
Eco-Safe Monitor 2588,Nowoczesny design pasujący do każdego wnętrza.
Flexible Pen 4200,Zaprojektowany z myślą o komforcie użytkownika.
Transparent Bottle 7187,Doskonały jako prezent dla bliskiej osoby. idealny do codziennego użytku w domu i biurze.
Adjustable Fan 8724,Nowoczesny design pasujący do każdego wnętrza. łatwy w utrzymaniu czystości i bardzo praktyczny.
Magnetic Tablet 8640,Idealny do codziennego użytku w domu i biurze. zaprojektowany z myślą o komforcie użytkownika.
Dynamic Mat 4772,Łatwy w utrzymaniu czystości i bardzo praktyczny. świetnie sprawdza się w podróży i codziennym użytkowaniu.
Magnetic Holder 1884,"Prosty, ale niezwykle funkcjonalny. świetnie sprawdza się w podróży i codziennym użytkowaniu."
Premium-Grade Phone 7403,Nowoczesny design pasujący do każdego wnętrza. zaprojektowany z myślą o komforcie użytkownika.
Eco-Safe Cover 7078,Świetnie sprawdza się w podróży i codziennym użytkowaniu.
Eco-Conscious Drill 8381,Doskonały jako prezent dla bliskiej osoby. nowoczesny design pasujący do każdego wnętrza.
Magnetic Scarf 5345,Idealny do codziennego użytku w domu i biurze. wykonany z wysokiej jakości materiałów zapewniających trwałość.
Modern Umbrella 6564,Doskonały jako prezent dla bliskiej osoby.
Strong Charger 2863,Wykonany z wysokiej jakości materiałów zapewniających trwałość.
Stylish Mug 8010,Łatwy w utrzymaniu czystości i bardzo praktyczny.
Reliable Container 9429,Łatwy w utrzymaniu czystości i bardzo praktyczny.
Balanced Toy 6018,Zaprojektowany z myślą o komforcie użytkownika.
Practical Shelf 4913,Świetnie sprawdza się w podróży i codziennym użytkowaniu.
Ergonomic Bag 2739,Idealny do codziennego użytku w domu i biurze.
Noise-Cancelling Mat 7628,Doskonały jako prezent dla bliskiej osoby.
Magnetic Bench 6399,Świetnie sprawdza się w podróży i codziennym użytkowaniu.
Durable Router 9437,Idealny do codziennego użytku w domu i biurze. nowoczesny design pasujący do każdego wnętrza.
High-Quality Umbrella 3841,"Nowoczesny design pasujący do każdego wnętrza. lekki, a jednocześnie wyjątkowo solidny."
Ergonomic Keyboard 9381,Łatwy w utrzymaniu czystości i bardzo praktyczny.
Affordable Speaker 269,Doskonały jako prezent dla bliskiej osoby. zaprojektowany z myślą o komforcie użytkownika.
Modern Backpack 1920,Nowoczesny design pasujący do każdego wnętrza.
Ultra-Light Jacket 2547,Idealny do codziennego użytku w domu i biurze.
Refined Bicycle 2475,Łatwy w utrzymaniu czystości i bardzo praktyczny.
Eco-Friendly Cover 684,Nowoczesny design pasujący do każdego wnętrza. idealny do codziennego użytku w domu i biurze.
Rechargeable Tablet 5850,Doskonały jako prezent dla bliskiej osoby.
Flexible Glove 6519,Świetnie sprawdza się w podróży i codziennym użytkowaniu.
Wireless Clock 7254,Doskonały jako prezent dla bliskiej osoby. świetnie sprawdza się w podróży i codziennym użytkowaniu.
Compact Drill 6811,Idealny do codziennego użytku w domu i biurze. zaprojektowany z myślą o komforcie użytkownika.
Premium-Grade Drone 9900,Wykonany z wysokiej jakości materiałów zapewniających trwałość.
Reliable Glasses 3251,Zaprojektowany z myślą o komforcie użytkownika. nowoczesny design pasujący do każdego wnętrza.
Eco-Safe Shelf 5073,Dzięki kompaktowym wymiarom łatwy do przenoszenia. zaprojektowany z myślą o komforcie użytkownika.
Advanced Bench 9535,Łatwy w utrzymaniu czystości i bardzo praktyczny.
Dynamic Drone 956,"Prosty, ale niezwykle funkcjonalny. wykonany z wysokiej jakości materiałów zapewniających trwałość."
Reliable Scarf 9781,"Lekki, a jednocześnie wyjątkowo solidny."
Powerful Tool 7240,Wykonany z wysokiej jakości materiałów zapewniających trwałość. nowoczesny design pasujący do każdego wnętrza.
Sustainable Flashlight 5354,Dzięki kompaktowym wymiarom łatwy do przenoszenia. wykonany z wysokiej jakości materiałów zapewniających trwałość.
Elegant Container 3231,"Nowoczesny design pasujący do każdego wnętrza. lekki, a jednocześnie wyjątkowo solidny."
Advanced Bench 8375,Dzięki kompaktowym wymiarom łatwy do przenoszenia.
High-Quality Belt 644,Świetnie sprawdza się w podróży i codziennym użytkowaniu.
Compact Mouse 3114,Łatwy w utrzymaniu czystości i bardzo praktyczny. dzięki kompaktowym wymiarom łatwy do przenoszenia.
Noise-Cancelling Box 4647,"Lekki, a jednocześnie wyjątkowo solidny."
Ergonomic Router 9302,Wykonany z wysokiej jakości materiałów zapewniających trwałość.
Wireless Box 9802,"Idealny do codziennego użytku w domu i biurze. lekki, a jednocześnie wyjątkowo solidny."
Ultra-Light Bag 7032,"Prosty, ale niezwykle funkcjonalny. idealny do codziennego użytku w domu i biurze."
Ergonomic Phone 3528,"Świetnie sprawdza się w podróży i codziennym użytkowaniu. lekki, a jednocześnie wyjątkowo solidny."
Durable Bench 7842,Wykonany z wysokiej jakości materiałów zapewniających trwałość. łatwy w utrzymaniu czystości i bardzo praktyczny.
Eco-Conscious Backpack 5320,Dzięki kompaktowym wymiarom łatwy do przenoszenia. wykonany z wysokiej jakości materiałów zapewniających trwałość.
Soft Glove 1228,"Zaprojektowany z myślą o komforcie użytkownika. prosty, ale niezwykle funkcjonalny."
Transparent Belt 6516,"Lekki, a jednocześnie wyjątkowo solidny."
Noise-Cancelling Tablet 6526,"Prosty, ale niezwykle funkcjonalny."
Eco-Safe Chair 5751,Nowoczesny design pasujący do każdego wnętrza. doskonały jako prezent dla bliskiej osoby.
Transparent Blanket 7395,Wykonany z wysokiej jakości materiałów zapewniających trwałość.
Practical Fan 6612,Dzięki kompaktowym wymiarom łatwy do przenoszenia.
Multi-Functional Basket 7339,Idealny do codziennego użytku w domu i biurze. dzięki kompaktowym wymiarom łatwy do przenoszenia.
Energy-Saving Pillow 8876,Doskonały jako prezent dla bliskiej osoby. świetnie sprawdza się w podróży i codziennym użytkowaniu.
Balanced Lamp 3029,"Świetnie sprawdza się w podróży i codziennym użytkowaniu. prosty, ale niezwykle funkcjonalny."
Affordable Drill 5780,Doskonały jako prezent dla bliskiej osoby.
Customizable Drill 5233,Idealny do codziennego użytku w domu i biurze.
Comfortable Headphones 9005,Idealny do codziennego użytku w domu i biurze.
Modern Fan 411,Łatwy w utrzymaniu czystości i bardzo praktyczny.
Lightweight Toy 4386,"Prosty, ale niezwykle funkcjonalny. doskonały jako prezent dla bliskiej osoby."
Durable Pillow 7670,"Lekki, a jednocześnie wyjątkowo solidny."
Foldable Cable 5216,"Lekki, a jednocześnie wyjątkowo solidny."
Noise-Cancelling Drill 842,Doskonały jako prezent dla bliskiej osoby. zaprojektowany z myślą o komforcie użytkownika.
Adjustable Pen 280,Nowoczesny design pasujący do każdego wnętrza. dzięki kompaktowym wymiarom łatwy do przenoszenia.
Ultra-Light Mirror 8188,Zaprojektowany z myślą o komforcie użytkownika.
Elegant Blanket 6549,Świetnie sprawdza się w podróży i codziennym użytkowaniu. idealny do codziennego użytku w domu i biurze.
Eco-Friendly Camera 899,Łatwy w utrzymaniu czystości i bardzo praktyczny. zaprojektowany z myślą o komforcie użytkownika.
Minimalist Camera 3996,Dzięki kompaktowym wymiarom łatwy do przenoszenia. zaprojektowany z myślą o komforcie użytkownika.
Sustainable Notebook 8356,Idealny do codziennego użytku w domu i biurze. doskonały jako prezent dla bliskiej osoby.
Modern Case 6886,Wykonany z wysokiej jakości materiałów zapewniających trwałość.
Robust Bag 963,Doskonały jako prezent dla bliskiej osoby.
Transparent Printer 765,Świetnie sprawdza się w podróży i codziennym użytkowaniu. idealny do codziennego użytku w domu i biurze.
Compact Powerbank 4238,Nowoczesny design pasujący do każdego wnętrza.
Modern Powerbank 1332,Zaprojektowany z myślą o komforcie użytkownika.
Ultra-Light Brush 4632,Świetnie sprawdza się w podróży i codziennym użytkowaniu.
Energy-Saving Pillow 6036,Wykonany z wysokiej jakości materiałów zapewniających trwałość.
Colorful Blanket 6642,Idealny do codziennego użytku w domu i biurze.
Versatile Towel 1864,"Dzięki kompaktowym wymiarom łatwy do przenoszenia. prosty, ale niezwykle funkcjonalny."
Luxury Printer 4272,"Lekki, a jednocześnie wyjątkowo solidny."
Soft Lamp 2565,"Lekki, a jednocześnie wyjątkowo solidny. doskonały jako prezent dla bliskiej osoby."
Energy-Saving Blanket 9662,Wykonany z wysokiej jakości materiałów zapewniających trwałość. dzięki kompaktowym wymiarom łatwy do przenoszenia.
Minimalist Clock 4611,Zaprojektowany z myślą o komforcie użytkownika.
Compact Camera 9790,"Prosty, ale niezwykle funkcjonalny."
Lightweight Bag 5037,Zaprojektowany z myślą o komforcie użytkownika.
Premium Stand 2312,Doskonały jako prezent dla bliskiej osoby. nowoczesny design pasujący do każdego wnętrza.
Affordable Plate 5812,Łatwy w utrzymaniu czystości i bardzo praktyczny. dzięki kompaktowym wymiarom łatwy do przenoszenia.
High-Quality Cable 2947,Wykonany z wysokiej jakości materiałów zapewniających trwałość.
Dynamic Mug 4832,Wykonany z wysokiej jakości materiałów zapewniających trwałość.
Innovative Drill 5886,Idealny do codziennego użytku w domu i biurze.
High-Quality Bicycle 1718,"Prosty, ale niezwykle funkcjonalny."
Balanced Blanket 4628,"Dzięki kompaktowym wymiarom łatwy do przenoszenia. lekki, a jednocześnie wyjątkowo solidny."
Colorful Flashlight 5142,Doskonały jako prezent dla bliskiej osoby. nowoczesny design pasujący do każdego wnętrza.
Lightweight Stand 5522,Wykonany z wysokiej jakości materiałów zapewniających trwałość. świetnie sprawdza się w podróży i codziennym użytkowaniu.
Reliable Flashlight 8448,Świetnie sprawdza się w podróży i codziennym użytkowaniu.
Innovative Table 5037,Świetnie sprawdza się w podróży i codziennym użytkowaniu.
Affordable Cushion 7352,"Dzięki kompaktowym wymiarom łatwy do przenoszenia. lekki, a jednocześnie wyjątkowo solidny."
Rechargeable Holder 3922,"Prosty, ale niezwykle funkcjonalny. nowoczesny design pasujący do każdego wnętrza."
Magnetic Brush 400,Nowoczesny design pasujący do każdego wnętrza.
Sustainable Tripod 4303,Świetnie sprawdza się w podróży i codziennym użytkowaniu.
Sustainable Shoe 1631,Idealny do codziennego użytku w domu i biurze.
Eco-Friendly Router 1431,Doskonały jako prezent dla bliskiej osoby. nowoczesny design pasujący do każdego wnętrza.
Smart Keyboard 6335,Zaprojektowany z myślą o komforcie użytkownika.
Balanced Basket 5483,Doskonały jako prezent dla bliskiej osoby.
Eco-Friendly Frame 8416,Nowoczesny design pasujący do każdego wnętrza.
Classic Toy 78,"Prosty, ale niezwykle funkcjonalny. idealny do codziennego użytku w domu i biurze."
Smart-Enabled Necklace 1620,"Łatwy w utrzymaniu czystości i bardzo praktyczny. lekki, a jednocześnie wyjątkowo solidny."
Transparent Cover 3461,Nowoczesny design pasujący do każdego wnętrza.
Stylish Cover 2581,Doskonały jako prezent dla bliskiej osoby. świetnie sprawdza się w podróży i codziennym użytkowaniu.
Waterproof Ring 2301,Nowoczesny design pasujący do każdego wnętrza.
Flexible Phone 1377,Dzięki kompaktowym wymiarom łatwy do przenoszenia. wykonany z wysokiej jakości materiałów zapewniających trwałość.
Smart Pen 4342,Nowoczesny design pasujący do każdego wnętrza.
Minimalist Tripod 7192,Dzięki kompaktowym wymiarom łatwy do przenoszenia. idealny do codziennego użytku w domu i biurze.
Refined Frame 7231,Świetnie sprawdza się w podróży i codziennym użytkowaniu.
Modern Jacket 2956,"Prosty, ale niezwykle funkcjonalny."
Flexible Case 1402,Nowoczesny design pasujący do każdego wnętrza. łatwy w utrzymaniu czystości i bardzo praktyczny.
High-Quality Pillow 955,Wykonany z wysokiej jakości materiałów zapewniających trwałość.
Durable Watch 6242,"Lekki, a jednocześnie wyjątkowo solidny. idealny do codziennego użytku w domu i biurze."
Ultra-Light Clock 1847,Łatwy w utrzymaniu czystości i bardzo praktyczny. zaprojektowany z myślą o komforcie użytkownika.
Efficient Cushion 4315,Wykonany z wysokiej jakości materiałów zapewniających trwałość.
Comfortable Ring 8556,Nowoczesny design pasujący do każdego wnętrza. zaprojektowany z myślą o komforcie użytkownika.
Multi-Functional Mirror 4738,Wykonany z wysokiej jakości materiałów zapewniających trwałość. idealny do codziennego użytku w domu i biurze.
Portable Mug 8157,Doskonały jako prezent dla bliskiej osoby. świetnie sprawdza się w podróży i codziennym użytkowaniu.
Versatile Cushion 9049,Doskonały jako prezent dla bliskiej osoby.
Modern Ring 6708,Doskonały jako prezent dla bliskiej osoby.
Affordable Lamp 5494,Zaprojektowany z myślą o komforcie użytkownika.
Modern Blanket 2354,Zaprojektowany z myślą o komforcie użytkownika. łatwy w utrzymaniu czystości i bardzo praktyczny.
Foldable Router 2563,Doskonały jako prezent dla bliskiej osoby. idealny do codziennego użytku w domu i biurze.
Classic Drone 3166,Idealny do codziennego użytku w domu i biurze. zaprojektowany z myślą o komforcie użytkownika.
Noise-Cancelling Towel 1341,Zaprojektowany z myślą o komforcie użytkownika.
Transparent Cable 9065,Łatwy w utrzymaniu czystości i bardzo praktyczny. łatwy w utrzymaniu czystości i bardzo praktyczny.
Minimalist Toy 4477,Łatwy w utrzymaniu czystości i bardzo praktyczny.
Foldable Notebook 5534,Dzięki kompaktowym wymiarom łatwy do przenoszenia. dzięki kompaktowym wymiarom łatwy do przenoszenia.
Versatile Camera 6428,"Doskonały jako prezent dla bliskiej osoby. prosty, ale niezwykle funkcjonalny."
Minimalist Jacket 6111,"Prosty, ale niezwykle funkcjonalny. świetnie sprawdza się w podróży i codziennym użytkowaniu."
Sustainable Umbrella 3153,Idealny do codziennego użytku w domu i biurze. łatwy w utrzymaniu czystości i bardzo praktyczny.
Wireless Jacket 1739,Idealny do codziennego użytku w domu i biurze. dzięki kompaktowym wymiarom łatwy do przenoszenia.
Modern Mouse 1240,Dzięki kompaktowym wymiarom łatwy do przenoszenia.
Ultra-Light Razor 4959,Nowoczesny design pasujący do każdego wnętrza.
Soft Frame 8591,Dzięki kompaktowym wymiarom łatwy do przenoszenia. dzięki kompaktowym wymiarom łatwy do przenoszenia.
Eco-Safe Razor 9089,Zaprojektowany z myślą o komforcie użytkownika. dzięki kompaktowym wymiarom łatwy do przenoszenia.
Energy-Saving Stand 4355,Wykonany z wysokiej jakości materiałów zapewniających trwałość. świetnie sprawdza się w podróży i codziennym użytkowaniu.
Efficient Tool 1073,Nowoczesny design pasujący do każdego wnętrza.
Robust Phone 5200,Idealny do codziennego użytku w domu i biurze.
Modern Printer 6846,"Prosty, ale niezwykle funkcjonalny. doskonały jako prezent dla bliskiej osoby."
Smart Monitor 1583,"Idealny do codziennego użytku w domu i biurze. prosty, ale niezwykle funkcjonalny."
Advanced Cable 4397,Świetnie sprawdza się w podróży i codziennym użytkowaniu. dzięki kompaktowym wymiarom łatwy do przenoszenia.
Noise-Cancelling Tool 7413,Łatwy w utrzymaniu czystości i bardzo praktyczny.
Classic Keyboard 4050,"Lekki, a jednocześnie wyjątkowo solidny. idealny do codziennego użytku w domu i biurze."
Transparent Lamp 4615,"Lekki, a jednocześnie wyjątkowo solidny. zaprojektowany z myślą o komforcie użytkownika."
Foldable Printer 638,Świetnie sprawdza się w podróży i codziennym użytkowaniu. doskonały jako prezent dla bliskiej osoby.
Innovative Drone 6960,Idealny do codziennego użytku w domu i biurze. wykonany z wysokiej jakości materiałów zapewniających trwałość.
Smart Clock 8771,"Zaprojektowany z myślą o komforcie użytkownika. lekki, a jednocześnie wyjątkowo solidny."
Refined Plate 8835,"Świetnie sprawdza się w podróży i codziennym użytkowaniu. lekki, a jednocześnie wyjątkowo solidny."
Rechargeable Holder 8124,"Prosty, ale niezwykle funkcjonalny."
Noise-Cancelling Watch 5360,"Prosty, ale niezwykle funkcjonalny."
Classic Case 3929,"Prosty, ale niezwykle funkcjonalny. idealny do codziennego użytku w domu i biurze."
Comfortable Monitor 4605,Doskonały jako prezent dla bliskiej osoby. doskonały jako prezent dla bliskiej osoby.
Robust Stand 8857,Doskonały jako prezent dla bliskiej osoby. łatwy w utrzymaniu czystości i bardzo praktyczny.
Waterproof Router 246,Nowoczesny design pasujący do każdego wnętrza.
Foldable Mug 4277,"Prosty, ale niezwykle funkcjonalny. dzięki kompaktowym wymiarom łatwy do przenoszenia."
Reliable Brush 7104,Nowoczesny design pasujący do każdego wnętrza. doskonały jako prezent dla bliskiej osoby.
Eco-Conscious Cover 6500,"Prosty, ale niezwykle funkcjonalny."
Powerful Mat 3859,"Lekki, a jednocześnie wyjątkowo solidny."
Eco-Conscious Watch 3964,"Lekki, a jednocześnie wyjątkowo solidny."
Foldable Umbrella 2779,"Prosty, ale niezwykle funkcjonalny."
Powerful Necklace 3843,Świetnie sprawdza się w podróży i codziennym użytkowaniu.
Magnetic Router 2403,"Lekki, a jednocześnie wyjątkowo solidny. idealny do codziennego użytku w domu i biurze."
Refined Blanket 115,Świetnie sprawdza się w podróży i codziennym użytkowaniu. świetnie sprawdza się w podróży i codziennym użytkowaniu.
Eco-Safe Mat 4924,Idealny do codziennego użytku w domu i biurze. zaprojektowany z myślą o komforcie użytkownika.
Premium Wallet 3391,Dzięki kompaktowym wymiarom łatwy do przenoszenia.
Lightweight Charger 1593,Doskonały jako prezent dla bliskiej osoby.
Premium-Grade Bag 8550,Doskonały jako prezent dla bliskiej osoby.
Ultra-Light Chair 9667,"Prosty, ale niezwykle funkcjonalny."
Sustainable Ring 6897,Doskonały jako prezent dla bliskiej osoby. świetnie sprawdza się w podróży i codziennym użytkowaniu.
Luxury Mat 3071,"Łatwy w utrzymaniu czystości i bardzo praktyczny. prosty, ale niezwykle funkcjonalny."
Durable Bottle 3629,"Lekki, a jednocześnie wyjątkowo solidny. nowoczesny design pasujący do każdego wnętrza."
Strong Keyboard 7195,"Prosty, ale niezwykle funkcjonalny."
Versatile Drill 1450,Idealny do codziennego użytku w domu i biurze. łatwy w utrzymaniu czystości i bardzo praktyczny.
Rechargeable Phone 9629,"Lekki, a jednocześnie wyjątkowo solidny."
Compact Blanket 2758,Wykonany z wysokiej jakości materiałów zapewniających trwałość.
Affordable Pen 2342,Dzięki kompaktowym wymiarom łatwy do przenoszenia. świetnie sprawdza się w podróży i codziennym użytkowaniu.
Refined Umbrella 9579,Dzięki kompaktowym wymiarom łatwy do przenoszenia.
Premium Drone 5514,Zaprojektowany z myślą o komforcie użytkownika.
Advanced Glasses 3802,"Łatwy w utrzymaniu czystości i bardzo praktyczny. prosty, ale niezwykle funkcjonalny."
Eco-Conscious Wallet 3701,Nowoczesny design pasujący do każdego wnętrza.
Energy-Saving Brush 1583,"Prosty, ale niezwykle funkcjonalny."
Advanced Clock 9456,"Lekki, a jednocześnie wyjątkowo solidny. doskonały jako prezent dla bliskiej osoby."
Innovative Brush 6313,Zaprojektowany z myślą o komforcie użytkownika.
Minimalist Ring 3936,Zaprojektowany z myślą o komforcie użytkownika.
Practical Towel 4934,"Lekki, a jednocześnie wyjątkowo solidny. idealny do codziennego użytku w domu i biurze."
Portable Glove 8598,Świetnie sprawdza się w podróży i codziennym użytkowaniu. idealny do codziennego użytku w domu i biurze.
Sustainable Fan 4968,"Prosty, ale niezwykle funkcjonalny. zaprojektowany z myślą o komforcie użytkownika."
Portable Container 2729,Nowoczesny design pasujący do każdego wnętrza. świetnie sprawdza się w podróży i codziennym użytkowaniu.
Innovative Fan 8463,"Prosty, ale niezwykle funkcjonalny."
Classic Notebook 3484,"Wykonany z wysokiej jakości materiałów zapewniających trwałość. prosty, ale niezwykle funkcjonalny."
Versatile Ring 9856,Wykonany z wysokiej jakości materiałów zapewniających trwałość.
Innovative Clock 8403,Wykonany z wysokiej jakości materiałów zapewniających trwałość.
Ultra-Light Pen 8997,Świetnie sprawdza się w podróży i codziennym użytkowaniu. łatwy w utrzymaniu czystości i bardzo praktyczny.
Customizable Mug 6800,Zaprojektowany z myślą o komforcie użytkownika. świetnie sprawdza się w podróży i codziennym użytkowaniu.
Minimalist Chair 1970,Zaprojektowany z myślą o komforcie użytkownika.
Premium Router 7307,Wykonany z wysokiej jakości materiałów zapewniających trwałość.
Innovative Necklace 3028,Łatwy w utrzymaniu czystości i bardzo praktyczny.
High-Quality Towel 1376,"Łatwy w utrzymaniu czystości i bardzo praktyczny. prosty, ale niezwykle funkcjonalny."
Rechargeable Printer 2804,Zaprojektowany z myślą o komforcie użytkownika.
Efficient Backpack 4451,"Świetnie sprawdza się w podróży i codziennym użytkowaniu. lekki, a jednocześnie wyjątkowo solidny."
Affordable Chair 1671,Doskonały jako prezent dla bliskiej osoby. doskonały jako prezent dla bliskiej osoby.
Adjustable Razor 9382,Wykonany z wysokiej jakości materiałów zapewniających trwałość.
Magnetic Keyboard 89,Idealny do codziennego użytku w domu i biurze.
Lightweight Stand 6097,Zaprojektowany z myślą o komforcie użytkownika.
Eco-Conscious Shelf 721,Świetnie sprawdza się w podróży i codziennym użytkowaniu.
Reliable Frame 4218,Dzięki kompaktowym wymiarom łatwy do przenoszenia.
Smart Camera 2443,"Prosty, ale niezwykle funkcjonalny. lekki, a jednocześnie wyjątkowo solidny."
Magnetic Cushion 2339,"Prosty, ale niezwykle funkcjonalny. lekki, a jednocześnie wyjątkowo solidny."
Smart Cushion 608,"Prosty, ale niezwykle funkcjonalny."
Practical Backpack 1874,Świetnie sprawdza się w podróży i codziennym użytkowaniu. idealny do codziennego użytku w domu i biurze.
Magnetic Camera 1392,"Prosty, ale niezwykle funkcjonalny. idealny do codziennego użytku w domu i biurze."
Compact Pillow 8589,Świetnie sprawdza się w podróży i codziennym użytkowaniu. łatwy w utrzymaniu czystości i bardzo praktyczny.
Transparent Scarf 1402,Zaprojektowany z myślą o komforcie użytkownika. wykonany z wysokiej jakości materiałów zapewniających trwałość.
Efficient Notebook 4481,"Prosty, ale niezwykle funkcjonalny."
Lightweight Tripod 6269,Nowoczesny design pasujący do każdego wnętrza.
Stylish Charger 2535,Nowoczesny design pasujący do każdego wnętrza. zaprojektowany z myślą o komforcie użytkownika.
High-Quality Mat 4193,"Prosty, ale niezwykle funkcjonalny. prosty, ale niezwykle funkcjonalny."
Innovative Cover 8426,"Świetnie sprawdza się w podróży i codziennym użytkowaniu. prosty, ale niezwykle funkcjonalny."
Waterproof Tool 4458,Świetnie sprawdza się w podróży i codziennym użytkowaniu. świetnie sprawdza się w podróży i codziennym użytkowaniu.
Ultra-Light Bottle 6736,Doskonały jako prezent dla bliskiej osoby. łatwy w utrzymaniu czystości i bardzo praktyczny.
Comfortable Drill 2677,Łatwy w utrzymaniu czystości i bardzo praktyczny. zaprojektowany z myślą o komforcie użytkownika.
Versatile Pillow 8403,Doskonały jako prezent dla bliskiej osoby.
Compact Glasses 6500,Świetnie sprawdza się w podróży i codziennym użytkowaniu. dzięki kompaktowym wymiarom łatwy do przenoszenia.
Flexible Drone 2292,Wykonany z wysokiej jakości materiałów zapewniających trwałość.
Sustainable Bottle 9080,"Nowoczesny design pasujący do każdego wnętrza. prosty, ale niezwykle funkcjonalny."
Efficient Camera 4246,Świetnie sprawdza się w podróży i codziennym użytkowaniu. doskonały jako prezent dla bliskiej osoby.
Smart-Enabled Mouse 5280,"Prosty, ale niezwykle funkcjonalny. idealny do codziennego użytku w domu i biurze."
Durable Belt 3649,"Prosty, ale niezwykle funkcjonalny. lekki, a jednocześnie wyjątkowo solidny."
Precision Shelf 3536,"Prosty, ale niezwykle funkcjonalny. doskonały jako prezent dla bliskiej osoby."
Multi-Functional Keyboard 781,"Lekki, a jednocześnie wyjątkowo solidny. lekki, a jednocześnie wyjątkowo solidny."
Reliable Ring 3593,Dzięki kompaktowym wymiarom łatwy do przenoszenia. doskonały jako prezent dla bliskiej osoby.
Innovative Router 8214,"Prosty, ale niezwykle funkcjonalny. zaprojektowany z myślą o komforcie użytkownika."
Customizable Mouse 8700,"Lekki, a jednocześnie wyjątkowo solidny."
Lightweight Speaker 5510,Zaprojektowany z myślą o komforcie użytkownika.
Sustainable Cushion 9980,Nowoczesny design pasujący do każdego wnętrza.
Robust Table 6311,Świetnie sprawdza się w podróży i codziennym użytkowaniu.
Compact Glove 3780,"Łatwy w utrzymaniu czystości i bardzo praktyczny. lekki, a jednocześnie wyjątkowo solidny."
Magnetic Speaker 2035,"Zaprojektowany z myślą o komforcie użytkownika. prosty, ale niezwykle funkcjonalny."
Elegant Case 1870,Zaprojektowany z myślą o komforcie użytkownika.
Comfortable Bench 3317,Łatwy w utrzymaniu czystości i bardzo praktyczny.
Elegant Bottle 3051,Świetnie sprawdza się w podróży i codziennym użytkowaniu. wykonany z wysokiej jakości materiałów zapewniających trwałość.
Customizable Mirror 7790,Doskonały jako prezent dla bliskiej osoby.
Robust Towel 2361,"Lekki, a jednocześnie wyjątkowo solidny."
Rechargeable Camera 1809,Wykonany z wysokiej jakości materiałów zapewniających trwałość. wykonany z wysokiej jakości materiałów zapewniających trwałość.
Smart Clock 9682,Łatwy w utrzymaniu czystości i bardzo praktyczny.
Magnetic Brush 1305,Zaprojektowany z myślą o komforcie użytkownika. wykonany z wysokiej jakości materiałów zapewniających trwałość.
Premium-Grade Notebook 5390,Dzięki kompaktowym wymiarom łatwy do przenoszenia.
Eco-Conscious Screen 1229,"Łatwy w utrzymaniu czystości i bardzo praktyczny. lekki, a jednocześnie wyjątkowo solidny."
Efficient Bicycle 423,Łatwy w utrzymaniu czystości i bardzo praktyczny.
Precision Mirror 5928,Idealny do codziennego użytku w domu i biurze.
Noise-Cancelling Frame 4569,"Lekki, a jednocześnie wyjątkowo solidny."
Minimalist Charger 5657,"Lekki, a jednocześnie wyjątkowo solidny. nowoczesny design pasujący do każdego wnętrza."
Luxury Camera 8859,Świetnie sprawdza się w podróży i codziennym użytkowaniu.
Strong Watch 4988,Łatwy w utrzymaniu czystości i bardzo praktyczny.
Robust Stand 3634,Doskonały jako prezent dla bliskiej osoby. idealny do codziennego użytku w domu i biurze.
Soft Cup 1889,Łatwy w utrzymaniu czystości i bardzo praktyczny.
Powerful Mouse 2530,Łatwy w utrzymaniu czystości i bardzo praktyczny. wykonany z wysokiej jakości materiałów zapewniających trwałość.
Robust Screen 3596,Łatwy w utrzymaniu czystości i bardzo praktyczny. zaprojektowany z myślą o komforcie użytkownika.
Colorful Ring 605,Świetnie sprawdza się w podróży i codziennym użytkowaniu.
Versatile Bottle 1200,Łatwy w utrzymaniu czystości i bardzo praktyczny.
Waterproof Mat 8493,Idealny do codziennego użytku w domu i biurze.
Precision Shelf 1495,Doskonały jako prezent dla bliskiej osoby. doskonały jako prezent dla bliskiej osoby.
Magnetic Tablet 7643,"Świetnie sprawdza się w podróży i codziennym użytkowaniu. lekki, a jednocześnie wyjątkowo solidny."
Precision Lamp 6385,Dzięki kompaktowym wymiarom łatwy do przenoszenia.
Wireless Drill 3924,Dzięki kompaktowym wymiarom łatwy do przenoszenia. wykonany z wysokiej jakości materiałów zapewniających trwałość.
Classic Glove 55,"Prosty, ale niezwykle funkcjonalny. dzięki kompaktowym wymiarom łatwy do przenoszenia."
Modern Bench 6967,Łatwy w utrzymaniu czystości i bardzo praktyczny. wykonany z wysokiej jakości materiałów zapewniających trwałość.
Modern Tablet 6873,Dzięki kompaktowym wymiarom łatwy do przenoszenia.
Luxury Cable 2581,"Prosty, ale niezwykle funkcjonalny."
Flexible Mug 6130,Świetnie sprawdza się w podróży i codziennym użytkowaniu. zaprojektowany z myślą o komforcie użytkownika.
Ultra-Light Tablet 4422,Wykonany z wysokiej jakości materiałów zapewniających trwałość.
Magnetic Fan 4768,Wykonany z wysokiej jakości materiałów zapewniających trwałość.
Ergonomic Phone 8534,Doskonały jako prezent dla bliskiej osoby. idealny do codziennego użytku w domu i biurze.
Smart Bicycle 1433,Idealny do codziennego użytku w domu i biurze. łatwy w utrzymaniu czystości i bardzo praktyczny.
Robust Tablet 2360,Nowoczesny design pasujący do każdego wnętrza.
Strong Glasses 4240,"Zaprojektowany z myślą o komforcie użytkownika. lekki, a jednocześnie wyjątkowo solidny."
Flexible Keyboard 4339,Dzięki kompaktowym wymiarom łatwy do przenoszenia.
Comfortable Keyboard 3062,Doskonały jako prezent dla bliskiej osoby. zaprojektowany z myślą o komforcie użytkownika.
Compact Ring 1297,Nowoczesny design pasujący do każdego wnętrza. zaprojektowany z myślą o komforcie użytkownika.
Efficient Shoe 6887,"Wykonany z wysokiej jakości materiałów zapewniających trwałość. prosty, ale niezwykle funkcjonalny."
Classic Brush 5331,Zaprojektowany z myślą o komforcie użytkownika. świetnie sprawdza się w podróży i codziennym użytkowaniu.
Comfortable Tablet 4644,"Lekki, a jednocześnie wyjątkowo solidny."
Strong Necklace 5173,"Idealny do codziennego użytku w domu i biurze. prosty, ale niezwykle funkcjonalny."
Innovative Bag 5873,Nowoczesny design pasujący do każdego wnętrza.
Innovative Powerbank 2241,"Prosty, ale niezwykle funkcjonalny. zaprojektowany z myślą o komforcie użytkownika."
Modern Pen 4325,Łatwy w utrzymaniu czystości i bardzo praktyczny.
Eco-Friendly Blanket 4427,"Lekki, a jednocześnie wyjątkowo solidny."
Noise-Cancelling Monitor 3357,"Prosty, ale niezwykle funkcjonalny."
Lightweight Screen 1408,Idealny do codziennego użytku w domu i biurze.
Rechargeable Frame 6697,"Lekki, a jednocześnie wyjątkowo solidny."
Refined Blanket 481,Dzięki kompaktowym wymiarom łatwy do przenoszenia. świetnie sprawdza się w podróży i codziennym użytkowaniu.
Powerful Drill 5725,"Lekki, a jednocześnie wyjątkowo solidny. świetnie sprawdza się w podróży i codziennym użytkowaniu."
Classic Belt 1796,Idealny do codziennego użytku w domu i biurze. idealny do codziennego użytku w domu i biurze.
Waterproof Table 6211,Świetnie sprawdza się w podróży i codziennym użytkowaniu.
Noise-Cancelling Necklace 5166,Dzięki kompaktowym wymiarom łatwy do przenoszenia. łatwy w utrzymaniu czystości i bardzo praktyczny.
Flexible Toy 3022,"Lekki, a jednocześnie wyjątkowo solidny. zaprojektowany z myślą o komforcie użytkownika."
Wireless Router 837,Świetnie sprawdza się w podróży i codziennym użytkowaniu. doskonały jako prezent dla bliskiej osoby.
Minimalist Necklace 8837,Nowoczesny design pasujący do każdego wnętrza. wykonany z wysokiej jakości materiałów zapewniających trwałość.
Practical Tripod 1609,Nowoczesny design pasujący do każdego wnętrza.
Waterproof Glasses 8632,Zaprojektowany z myślą o komforcie użytkownika.
Wireless Router 6309,"Prosty, ale niezwykle funkcjonalny."
Eco-Conscious Blanket 6112,Wykonany z wysokiej jakości materiałów zapewniających trwałość.
Soft Drill 1180,Łatwy w utrzymaniu czystości i bardzo praktyczny.
Strong Cup 4392,Doskonały jako prezent dla bliskiej osoby.
Waterproof Camera 7403,Doskonały jako prezent dla bliskiej osoby. nowoczesny design pasujący do każdego wnętrza.
Classic Glove 2065,Doskonały jako prezent dla bliskiej osoby.
Minimalist Frame 1547,Dzięki kompaktowym wymiarom łatwy do przenoszenia. dzięki kompaktowym wymiarom łatwy do przenoszenia.
Foldable Bottle 6242,Idealny do codziennego użytku w domu i biurze. wykonany z wysokiej jakości materiałów zapewniających trwałość.
Rechargeable Backpack 4495,Dzięki kompaktowym wymiarom łatwy do przenoszenia.
Advanced Drill 7402,Zaprojektowany z myślą o komforcie użytkownika. łatwy w utrzymaniu czystości i bardzo praktyczny.
Balanced Stand 3345,Doskonały jako prezent dla bliskiej osoby. zaprojektowany z myślą o komforcie użytkownika.
Colorful Cable 2952,Doskonały jako prezent dla bliskiej osoby. doskonały jako prezent dla bliskiej osoby.
Efficient Necklace 6992,Zaprojektowany z myślą o komforcie użytkownika. łatwy w utrzymaniu czystości i bardzo praktyczny.
Efficient Ring 631,Idealny do codziennego użytku w domu i biurze. wykonany z wysokiej jakości materiałów zapewniających trwałość.
Practical Mouse 6966,Zaprojektowany z myślą o komforcie użytkownika. łatwy w utrzymaniu czystości i bardzo praktyczny.
Stylish Lamp 9902,Doskonały jako prezent dla bliskiej osoby. zaprojektowany z myślą o komforcie użytkownika.
Rechargeable Cushion 5981,"Nowoczesny design pasujący do każdego wnętrza. prosty, ale niezwykle funkcjonalny."
Robust Powerbank 8109,Doskonały jako prezent dla bliskiej osoby.
Modern Shoe 735,Idealny do codziennego użytku w domu i biurze.
Modern Shoe 3352,"Prosty, ale niezwykle funkcjonalny. lekki, a jednocześnie wyjątkowo solidny."
Modern Lamp 8006,Zaprojektowany z myślą o komforcie użytkownika.
Eco-Friendly Pen 1272,Idealny do codziennego użytku w domu i biurze. idealny do codziennego użytku w domu i biurze.
Strong Router 7322,"Lekki, a jednocześnie wyjątkowo solidny. lekki, a jednocześnie wyjątkowo solidny."
Robust Cover 1519,Wykonany z wysokiej jakości materiałów zapewniających trwałość. idealny do codziennego użytku w domu i biurze.
Compact Bottle 6050,"Prosty, ale niezwykle funkcjonalny. łatwy w utrzymaniu czystości i bardzo praktyczny."
Minimalist Clock 3119,Wykonany z wysokiej jakości materiałów zapewniających trwałość. zaprojektowany z myślą o komforcie użytkownika.
Magnetic Towel 9986,Dzięki kompaktowym wymiarom łatwy do przenoszenia.
Efficient Shelf 8526,"Prosty, ale niezwykle funkcjonalny."
Balanced Bicycle 4952,"Prosty, ale niezwykle funkcjonalny. łatwy w utrzymaniu czystości i bardzo praktyczny."
High-Quality Fan 5424,Dzięki kompaktowym wymiarom łatwy do przenoszenia. świetnie sprawdza się w podróży i codziennym użytkowaniu.
Dynamic Printer 7395,"Doskonały jako prezent dla bliskiej osoby. prosty, ale niezwykle funkcjonalny."
Smart-Enabled Drill 9258,Dzięki kompaktowym wymiarom łatwy do przenoszenia.
Foldable Frame 7149,Zaprojektowany z myślą o komforcie użytkownika.
Waterproof Glasses 5217,Idealny do codziennego użytku w domu i biurze. łatwy w utrzymaniu czystości i bardzo praktyczny.
Powerful Notebook 2173,Wykonany z wysokiej jakości materiałów zapewniających trwałość.
Ergonomic Cushion 8908,Wykonany z wysokiej jakości materiałów zapewniających trwałość. nowoczesny design pasujący do każdego wnętrza.
Practical Table 2613,Świetnie sprawdza się w podróży i codziennym użytkowaniu.
Sustainable Shelf 6097,"Lekki, a jednocześnie wyjątkowo solidny. doskonały jako prezent dla bliskiej osoby."
Ultra-Light Case 2844,"Prosty, ale niezwykle funkcjonalny. dzięki kompaktowym wymiarom łatwy do przenoszenia."
Magnetic Chair 6062,Idealny do codziennego użytku w domu i biurze. doskonały jako prezent dla bliskiej osoby.
Luxury Stand 5897,"Prosty, ale niezwykle funkcjonalny."
Refined Lamp 2629,Łatwy w utrzymaniu czystości i bardzo praktyczny.
Minimalist Camera 1012,Dzięki kompaktowym wymiarom łatwy do przenoszenia.
Elegant Keyboard 1149,Idealny do codziennego użytku w domu i biurze. wykonany z wysokiej jakości materiałów zapewniających trwałość.
Practical Glove 1222,"Prosty, ale niezwykle funkcjonalny."
Energy-Saving Flashlight 9925,Doskonały jako prezent dla bliskiej osoby. zaprojektowany z myślą o komforcie użytkownika.
Customizable Belt 2572,Wykonany z wysokiej jakości materiałów zapewniających trwałość. idealny do codziennego użytku w domu i biurze.
Foldable Tripod 9032,Zaprojektowany z myślą o komforcie użytkownika.
Eco-Safe Mirror 1714,Zaprojektowany z myślą o komforcie użytkownika.
Affordable Speaker 1492,Świetnie sprawdza się w podróży i codziennym użytkowaniu. świetnie sprawdza się w podróży i codziennym użytkowaniu.
Modern Cushion 6246,Dzięki kompaktowym wymiarom łatwy do przenoszenia.
Wireless Cushion 9943,Doskonały jako prezent dla bliskiej osoby. wykonany z wysokiej jakości materiałów zapewniających trwałość.
Durable Ring 8062,Nowoczesny design pasujący do każdego wnętrza. doskonały jako prezent dla bliskiej osoby.
Soft Jacket 3141,Zaprojektowany z myślą o komforcie użytkownika.
Rechargeable Notebook 1543,"Prosty, ale niezwykle funkcjonalny. prosty, ale niezwykle funkcjonalny."
Luxury Printer 8111,Łatwy w utrzymaniu czystości i bardzo praktyczny.
Precision Necklace 3862,"Prosty, ale niezwykle funkcjonalny."
Transparent Printer 7221,Wykonany z wysokiej jakości materiałów zapewniających trwałość.
Transparent Basket 48,"Świetnie sprawdza się w podróży i codziennym użytkowaniu. lekki, a jednocześnie wyjątkowo solidny."
Affordable Keyboard 2691,Nowoczesny design pasujący do każdego wnętrza. dzięki kompaktowym wymiarom łatwy do przenoszenia.
Modern Tool 8156,"Prosty, ale niezwykle funkcjonalny. doskonały jako prezent dla bliskiej osoby."
Classic Watch 7937,Wykonany z wysokiej jakości materiałów zapewniających trwałość.
Precision Clock 1733,Świetnie sprawdza się w podróży i codziennym użytkowaniu. doskonały jako prezent dla bliskiej osoby.
Advanced Towel 7863,Świetnie sprawdza się w podróży i codziennym użytkowaniu.
Luxury Speaker 5329,"Prosty, ale niezwykle funkcjonalny."
Eco-Conscious Cover 2546,Świetnie sprawdza się w podróży i codziennym użytkowaniu.
Classic Cable 8110,Doskonały jako prezent dla bliskiej osoby.
Balanced Towel 8224,"Prosty, ale niezwykle funkcjonalny. łatwy w utrzymaniu czystości i bardzo praktyczny."
Smart-Enabled Cable 7432,Doskonały jako prezent dla bliskiej osoby.
Precision Keyboard 6436,Wykonany z wysokiej jakości materiałów zapewniających trwałość.
Strong Table 1689,Zaprojektowany z myślą o komforcie użytkownika.
Innovative Plate 3359,Zaprojektowany z myślą o komforcie użytkownika.
Elegant Clock 1885,Wykonany z wysokiej jakości materiałów zapewniających trwałość. łatwy w utrzymaniu czystości i bardzo praktyczny.
Innovative Cup 4932,"Prosty, ale niezwykle funkcjonalny. zaprojektowany z myślą o komforcie użytkownika."
Stylish Box 5395,Łatwy w utrzymaniu czystości i bardzo praktyczny. dzięki kompaktowym wymiarom łatwy do przenoszenia.
High-Quality Flashlight 4181,Wykonany z wysokiej jakości materiałów zapewniających trwałość.
Noise-Cancelling Frame 8211,"Lekki, a jednocześnie wyjątkowo solidny. łatwy w utrzymaniu czystości i bardzo praktyczny."
Durable Mat 5826,"Łatwy w utrzymaniu czystości i bardzo praktyczny. prosty, ale niezwykle funkcjonalny."
Efficient Glasses 491,Idealny do codziennego użytku w domu i biurze. dzięki kompaktowym wymiarom łatwy do przenoszenia.
Durable Blanket 7220,Wykonany z wysokiej jakości materiałów zapewniających trwałość.
Durable Fan 4173,Wykonany z wysokiej jakości materiałów zapewniających trwałość. łatwy w utrzymaniu czystości i bardzo praktyczny.
Lightweight Tool 6924,Doskonały jako prezent dla bliskiej osoby.
Modern Necklace 91,"Lekki, a jednocześnie wyjątkowo solidny."
Modern Umbrella 2880,Świetnie sprawdza się w podróży i codziennym użytkowaniu. idealny do codziennego użytku w domu i biurze.
Efficient Notebook 1274,Idealny do codziennego użytku w domu i biurze. wykonany z wysokiej jakości materiałów zapewniających trwałość.
Dynamic Brush 5318,"Lekki, a jednocześnie wyjątkowo solidny. dzięki kompaktowym wymiarom łatwy do przenoszenia."
Rechargeable Frame 9628,Nowoczesny design pasujący do każdego wnętrza.
Dynamic Towel 4552,Wykonany z wysokiej jakości materiałów zapewniających trwałość. wykonany z wysokiej jakości materiałów zapewniających trwałość.
Stylish Plate 3687,"Łatwy w utrzymaniu czystości i bardzo praktyczny. prosty, ale niezwykle funkcjonalny."
Practical Jacket 6082,"Prosty, ale niezwykle funkcjonalny. łatwy w utrzymaniu czystości i bardzo praktyczny."
Soft Ring 2937,Świetnie sprawdza się w podróży i codziennym użytkowaniu.
Efficient Mug 4453,"Prosty, ale niezwykle funkcjonalny. świetnie sprawdza się w podróży i codziennym użytkowaniu."
Balanced Basket 7866,Zaprojektowany z myślą o komforcie użytkownika.
Adjustable Headphones 8657,Dzięki kompaktowym wymiarom łatwy do przenoszenia.
Advanced Headphones 2336,Dzięki kompaktowym wymiarom łatwy do przenoszenia. wykonany z wysokiej jakości materiałów zapewniających trwałość.
Elegant Printer 2112,Doskonały jako prezent dla bliskiej osoby. dzięki kompaktowym wymiarom łatwy do przenoszenia.
Stylish Screen 6577,"Zaprojektowany z myślą o komforcie użytkownika. lekki, a jednocześnie wyjątkowo solidny."
Versatile Router 488,"Lekki, a jednocześnie wyjątkowo solidny."
Waterproof Drone 5737,"Prosty, ale niezwykle funkcjonalny. wykonany z wysokiej jakości materiałów zapewniających trwałość."
Ultra-Light Keyboard 6807,Wykonany z wysokiej jakości materiałów zapewniających trwałość.
Reliable Stand 2204,"Prosty, ale niezwykle funkcjonalny."
Innovative Mirror 6701,"Lekki, a jednocześnie wyjątkowo solidny. lekki, a jednocześnie wyjątkowo solidny."
Stylish Bag 3746,"Dzięki kompaktowym wymiarom łatwy do przenoszenia. prosty, ale niezwykle funkcjonalny."
Customizable Headphones 3031,"Prosty, ale niezwykle funkcjonalny."
Multi-Functional Pillow 5420,Świetnie sprawdza się w podróży i codziennym użytkowaniu. dzięki kompaktowym wymiarom łatwy do przenoszenia.
Eco-Friendly Printer 3667,Doskonały jako prezent dla bliskiej osoby.
Comfortable Keyboard 9495,Nowoczesny design pasujący do każdego wnętrza. wykonany z wysokiej jakości materiałów zapewniających trwałość.
Noise-Cancelling Glove 1677,Świetnie sprawdza się w podróży i codziennym użytkowaniu.
Adjustable Notebook 9641,Świetnie sprawdza się w podróży i codziennym użytkowaniu.
Efficient Cushion 103,Doskonały jako prezent dla bliskiej osoby. zaprojektowany z myślą o komforcie użytkownika.
Stylish Backpack 4294,Doskonały jako prezent dla bliskiej osoby.
Powerful Monitor 29,Świetnie sprawdza się w podróży i codziennym użytkowaniu. doskonały jako prezent dla bliskiej osoby.
Strong Bicycle 2620,Świetnie sprawdza się w podróży i codziennym użytkowaniu. doskonały jako prezent dla bliskiej osoby.
Modern Cup 7409,Dzięki kompaktowym wymiarom łatwy do przenoszenia.
Luxury Backpack 2031,Świetnie sprawdza się w podróży i codziennym użytkowaniu.
Ultra-Light Shelf 4221,"Lekki, a jednocześnie wyjątkowo solidny. lekki, a jednocześnie wyjątkowo solidny."
Eco-Friendly Shoe 7765,Doskonały jako prezent dla bliskiej osoby.
Lightweight Monitor 831,"Lekki, a jednocześnie wyjątkowo solidny. zaprojektowany z myślą o komforcie użytkownika."
Minimalist Case 5532,Nowoczesny design pasujący do każdego wnętrza.
High-Quality Camera 9091,"Dzięki kompaktowym wymiarom łatwy do przenoszenia. lekki, a jednocześnie wyjątkowo solidny."
Customizable Belt 6097,Zaprojektowany z myślą o komforcie użytkownika. doskonały jako prezent dla bliskiej osoby.
Soft Bicycle 375,Nowoczesny design pasujący do każdego wnętrza.
Durable Glove 2456,Świetnie sprawdza się w podróży i codziennym użytkowaniu. świetnie sprawdza się w podróży i codziennym użytkowaniu.
Smart Razor 6761,Doskonały jako prezent dla bliskiej osoby.
Noise-Cancelling Watch 2117,Świetnie sprawdza się w podróży i codziennym użytkowaniu.
Portable Mug 9233,Doskonały jako prezent dla bliskiej osoby.
Luxury Mug 549,"Nowoczesny design pasujący do każdego wnętrza. prosty, ale niezwykle funkcjonalny."
Innovative Drone 9854,Świetnie sprawdza się w podróży i codziennym użytkowaniu. nowoczesny design pasujący do każdego wnętrza.
Classic Backpack 8263,Idealny do codziennego użytku w domu i biurze.
Eco-Conscious Phone 8244,Świetnie sprawdza się w podróży i codziennym użytkowaniu.
Smart-Enabled Chair 6934,Świetnie sprawdza się w podróży i codziennym użytkowaniu.
Strong Tool 1281,Świetnie sprawdza się w podróży i codziennym użytkowaniu. nowoczesny design pasujący do każdego wnętrza.
Soft Glasses 3834,"Lekki, a jednocześnie wyjątkowo solidny. wykonany z wysokiej jakości materiałów zapewniających trwałość."
Refined Container 2991,"Zaprojektowany z myślą o komforcie użytkownika. prosty, ale niezwykle funkcjonalny."
Foldable Stand 7372,"Prosty, ale niezwykle funkcjonalny. świetnie sprawdza się w podróży i codziennym użytkowaniu."
Waterproof Pillow 4568,"Lekki, a jednocześnie wyjątkowo solidny."
Precision Razor 7327,Wykonany z wysokiej jakości materiałów zapewniających trwałość.
Luxury Phone 5771,Zaprojektowany z myślą o komforcie użytkownika.
Stylish Bottle 848,"Wykonany z wysokiej jakości materiałów zapewniających trwałość. prosty, ale niezwykle funkcjonalny."
Lightweight Headphones 306,Świetnie sprawdza się w podróży i codziennym użytkowaniu. świetnie sprawdza się w podróży i codziennym użytkowaniu.
Stylish Umbrella 2879,Dzięki kompaktowym wymiarom łatwy do przenoszenia.
Eco-Conscious Plate 4699,"Lekki, a jednocześnie wyjątkowo solidny."
Multi-Functional Watch 9833,"Łatwy w utrzymaniu czystości i bardzo praktyczny. lekki, a jednocześnie wyjątkowo solidny."
Innovative Drone 8485,"Łatwy w utrzymaniu czystości i bardzo praktyczny. prosty, ale niezwykle funkcjonalny."
Modern Drill 4862,Idealny do codziennego użytku w domu i biurze.
Reliable Bag 9122,Zaprojektowany z myślą o komforcie użytkownika.
Waterproof Phone 4225,Zaprojektowany z myślą o komforcie użytkownika. doskonały jako prezent dla bliskiej osoby.
Magnetic Clock 7317,Świetnie sprawdza się w podróży i codziennym użytkowaniu. idealny do codziennego użytku w domu i biurze.
Efficient Table 9058,"Łatwy w utrzymaniu czystości i bardzo praktyczny. prosty, ale niezwykle funkcjonalny."
Strong Container 6805,Łatwy w utrzymaniu czystości i bardzo praktyczny.
Smart-Enabled Holder 6338,"Lekki, a jednocześnie wyjątkowo solidny."
Advanced Fan 5443,Wykonany z wysokiej jakości materiałów zapewniających trwałość. świetnie sprawdza się w podróży i codziennym użytkowaniu.
Dynamic Stand 7494,"Prosty, ale niezwykle funkcjonalny. świetnie sprawdza się w podróży i codziennym użytkowaniu."
Magnetic Tablet 364,Dzięki kompaktowym wymiarom łatwy do przenoszenia.
Eco-Conscious Tool 1931,"Zaprojektowany z myślą o komforcie użytkownika. lekki, a jednocześnie wyjątkowo solidny."
Wireless Frame 5850,"Prosty, ale niezwykle funkcjonalny."
Classic Razor 8254,"Prosty, ale niezwykle funkcjonalny. świetnie sprawdza się w podróży i codziennym użytkowaniu."
Portable Tripod 2143,"Lekki, a jednocześnie wyjątkowo solidny."
Luxury Router 875,Idealny do codziennego użytku w domu i biurze. doskonały jako prezent dla bliskiej osoby.
Ergonomic Necklace 4584,"Lekki, a jednocześnie wyjątkowo solidny. prosty, ale niezwykle funkcjonalny."
Smart Backpack 403,Nowoczesny design pasujący do każdego wnętrza.
Eco-Safe Frame 6992,Wykonany z wysokiej jakości materiałów zapewniających trwałość.
Balanced Towel 7362,Doskonały jako prezent dla bliskiej osoby. idealny do codziennego użytku w domu i biurze.
Innovative Cup 5524,Doskonały jako prezent dla bliskiej osoby. idealny do codziennego użytku w domu i biurze.
Elegant Tool 591,Łatwy w utrzymaniu czystości i bardzo praktyczny. świetnie sprawdza się w podróży i codziennym użytkowaniu.
Dynamic Bottle 4676,Świetnie sprawdza się w podróży i codziennym użytkowaniu. łatwy w utrzymaniu czystości i bardzo praktyczny.
Transparent Powerbank 8796,Wykonany z wysokiej jakości materiałów zapewniających trwałość.
Innovative Mat 3615,Wykonany z wysokiej jakości materiałów zapewniających trwałość. nowoczesny design pasujący do każdego wnętrza.
Modern Bottle 1638,Wykonany z wysokiej jakości materiałów zapewniających trwałość. nowoczesny design pasujący do każdego wnętrza.
Noise-Cancelling Necklace 6297,Zaprojektowany z myślą o komforcie użytkownika. idealny do codziennego użytku w domu i biurze.
Efficient Pen 1850,Idealny do codziennego użytku w domu i biurze.
Transparent Ring 6938,Doskonały jako prezent dla bliskiej osoby.
Noise-Cancelling Phone 4657,Wykonany z wysokiej jakości materiałów zapewniających trwałość. świetnie sprawdza się w podróży i codziennym użytkowaniu.
Practical Headphones 2988,Zaprojektowany z myślą o komforcie użytkownika. dzięki kompaktowym wymiarom łatwy do przenoszenia.
Customizable Scarf 1881,Wykonany z wysokiej jakości materiałów zapewniających trwałość.
Multi-Functional Lamp 7145,Dzięki kompaktowym wymiarom łatwy do przenoszenia.
Versatile Mug 539,Łatwy w utrzymaniu czystości i bardzo praktyczny. wykonany z wysokiej jakości materiałów zapewniających trwałość.
Colorful Table 9089,"Prosty, ale niezwykle funkcjonalny. łatwy w utrzymaniu czystości i bardzo praktyczny."
Elegant Bicycle 5918,Świetnie sprawdza się w podróży i codziennym użytkowaniu.
Premium Necklace 4693,Świetnie sprawdza się w podróży i codziennym użytkowaniu. świetnie sprawdza się w podróży i codziennym użytkowaniu.
Compact Basket 8590,Doskonały jako prezent dla bliskiej osoby.
Wireless Glasses 8134,Doskonały jako prezent dla bliskiej osoby. wykonany z wysokiej jakości materiałów zapewniających trwałość.
Eco-Safe Container 2115,Łatwy w utrzymaniu czystości i bardzo praktyczny. wykonany z wysokiej jakości materiałów zapewniających trwałość.
Stylish Router 4897,"Prosty, ale niezwykle funkcjonalny."
Reliable Cover 3068,Dzięki kompaktowym wymiarom łatwy do przenoszenia.
Comfortable Tablet 8750,Idealny do codziennego użytku w domu i biurze.
Modern Box 79,Dzięki kompaktowym wymiarom łatwy do przenoszenia. nowoczesny design pasujący do każdego wnętrza.
Energy-Saving Charger 1072,Doskonały jako prezent dla bliskiej osoby. doskonały jako prezent dla bliskiej osoby.
Premium-Grade Monitor 4760,Dzięki kompaktowym wymiarom łatwy do przenoszenia.
High-Quality Drone 8249,Dzięki kompaktowym wymiarom łatwy do przenoszenia.
Waterproof Tool 1024,Nowoczesny design pasujący do każdego wnętrza.
Strong Fan 2144,"Prosty, ale niezwykle funkcjonalny. zaprojektowany z myślą o komforcie użytkownika."
Versatile Wallet 7181,Dzięki kompaktowym wymiarom łatwy do przenoszenia.
Soft Container 9117,Dzięki kompaktowym wymiarom łatwy do przenoszenia. doskonały jako prezent dla bliskiej osoby.
Eco-Friendly Mouse 1099,Świetnie sprawdza się w podróży i codziennym użytkowaniu. wykonany z wysokiej jakości materiałów zapewniających trwałość.
Innovative Basket 7932,Łatwy w utrzymaniu czystości i bardzo praktyczny.
Wireless Brush 3047,Wykonany z wysokiej jakości materiałów zapewniających trwałość.
Precision Bottle 4460,Świetnie sprawdza się w podróży i codziennym użytkowaniu. doskonały jako prezent dla bliskiej osoby.
Colorful Stand 7828,Nowoczesny design pasujący do każdego wnętrza.
Energy-Saving Cup 9411,"Lekki, a jednocześnie wyjątkowo solidny."
Precision Flashlight 7287,Dzięki kompaktowym wymiarom łatwy do przenoszenia. idealny do codziennego użytku w domu i biurze.
Eco-Friendly Cushion 9797,"Doskonały jako prezent dla bliskiej osoby. prosty, ale niezwykle funkcjonalny."
Premium-Grade Tablet 7579,Idealny do codziennego użytku w domu i biurze.
Soft Bench 6372,Wykonany z wysokiej jakości materiałów zapewniających trwałość.
Portable Brush 6433,Wykonany z wysokiej jakości materiałów zapewniających trwałość.
Strong Ring 7150,"Idealny do codziennego użytku w domu i biurze. prosty, ale niezwykle funkcjonalny."
Waterproof Wallet 4223,Nowoczesny design pasujący do każdego wnętrza.
Strong Glove 4193,"Prosty, ale niezwykle funkcjonalny."
Waterproof Notebook 4988,"Lekki, a jednocześnie wyjątkowo solidny. nowoczesny design pasujący do każdego wnętrza."
Practical Pen 1396,"Lekki, a jednocześnie wyjątkowo solidny. nowoczesny design pasujący do każdego wnętrza."
Classic Shelf 5360,Łatwy w utrzymaniu czystości i bardzo praktyczny. nowoczesny design pasujący do każdego wnętrza.
Classic Clock 4657,Idealny do codziennego użytku w domu i biurze.
Transparent Tripod 7617,Wykonany z wysokiej jakości materiałów zapewniających trwałość. zaprojektowany z myślą o komforcie użytkownika.
Affordable Bottle 2517,Zaprojektowany z myślą o komforcie użytkownika.
Portable Mat 9412,"Prosty, ale niezwykle funkcjonalny."
Advanced Flashlight 5527,Idealny do codziennego użytku w domu i biurze.
Comfortable Glove 5596,Nowoczesny design pasujący do każdego wnętrza. nowoczesny design pasujący do każdego wnętrza.
Magnetic Drone 7184,Nowoczesny design pasujący do każdego wnętrza. doskonały jako prezent dla bliskiej osoby.
Premium Jacket 3955,Zaprojektowany z myślą o komforcie użytkownika. łatwy w utrzymaniu czystości i bardzo praktyczny.
Precision Printer 1,Doskonały jako prezent dla bliskiej osoby. zaprojektowany z myślą o komforcie użytkownika.
High-Quality Notebook 6399,Świetnie sprawdza się w podróży i codziennym użytkowaniu.
Smart Mug 7501,Nowoczesny design pasujący do każdego wnętrza.
Stylish Table 3369,"Doskonały jako prezent dla bliskiej osoby. prosty, ale niezwykle funkcjonalny."
Reliable Mat 9644,Zaprojektowany z myślą o komforcie użytkownika.
Eco-Safe Drill 9354,Świetnie sprawdza się w podróży i codziennym użytkowaniu.
Strong Case 3742,Zaprojektowany z myślą o komforcie użytkownika.
Adjustable Notebook 9409,Doskonały jako prezent dla bliskiej osoby.
Stylish Mirror 1251,Doskonały jako prezent dla bliskiej osoby. doskonały jako prezent dla bliskiej osoby.
Elegant Lamp 3316,"Prosty, ale niezwykle funkcjonalny."
Luxury Headphones 2478,"Prosty, ale niezwykle funkcjonalny."
Smart Glove 4032,Doskonały jako prezent dla bliskiej osoby.
Classic Frame 4545,Dzięki kompaktowym wymiarom łatwy do przenoszenia. doskonały jako prezent dla bliskiej osoby.
Powerful Fan 6888,"Lekki, a jednocześnie wyjątkowo solidny."
Magnetic Container 1177,Wykonany z wysokiej jakości materiałów zapewniających trwałość.
Multi-Functional Blanket 4379,"Świetnie sprawdza się w podróży i codziennym użytkowaniu. prosty, ale niezwykle funkcjonalny."
Eco-Friendly Table 7682,"Prosty, ale niezwykle funkcjonalny. lekki, a jednocześnie wyjątkowo solidny."
Practical Shelf 5346,Dzięki kompaktowym wymiarom łatwy do przenoszenia.
Strong Mug 7125,"Świetnie sprawdza się w podróży i codziennym użytkowaniu. lekki, a jednocześnie wyjątkowo solidny."
Eco-Conscious Backpack 7452,"Prosty, ale niezwykle funkcjonalny."
Dynamic Jacket 4219,Świetnie sprawdza się w podróży i codziennym użytkowaniu.
Luxury Pen 1505,"Prosty, ale niezwykle funkcjonalny."
Premium Camera 9553,Idealny do codziennego użytku w domu i biurze.
Premium-Grade Shoe 8650,Doskonały jako prezent dla bliskiej osoby. zaprojektowany z myślą o komforcie użytkownika.
Wireless Headphones 9929,Wykonany z wysokiej jakości materiałów zapewniających trwałość. idealny do codziennego użytku w domu i biurze.
Eco-Safe Flashlight 4211,Dzięki kompaktowym wymiarom łatwy do przenoszenia. świetnie sprawdza się w podróży i codziennym użytkowaniu.
Innovative Shoe 542,Idealny do codziennego użytku w domu i biurze. dzięki kompaktowym wymiarom łatwy do przenoszenia.
Customizable Powerbank 5759,Dzięki kompaktowym wymiarom łatwy do przenoszenia.
Minimalist Chair 2894,Wykonany z wysokiej jakości materiałów zapewniających trwałość.
Sustainable Shoe 1729,"Prosty, ale niezwykle funkcjonalny. doskonały jako prezent dla bliskiej osoby."
Lightweight Brush 2145,Nowoczesny design pasujący do każdego wnętrza.
Ultra-Light Camera 493,Doskonały jako prezent dla bliskiej osoby. idealny do codziennego użytku w domu i biurze.
Noise-Cancelling Towel 129,Dzięki kompaktowym wymiarom łatwy do przenoszenia.
Foldable Mat 6256,Łatwy w utrzymaniu czystości i bardzo praktyczny. zaprojektowany z myślą o komforcie użytkownika.
Premium-Grade Shelf 1813,"Prosty, ale niezwykle funkcjonalny."
Eco-Safe Phone 3087,Zaprojektowany z myślą o komforcie użytkownika.
Advanced Frame 9618,Świetnie sprawdza się w podróży i codziennym użytkowaniu. wykonany z wysokiej jakości materiałów zapewniających trwałość.
Innovative Basket 8913,"Prosty, ale niezwykle funkcjonalny. zaprojektowany z myślą o komforcie użytkownika."
Stylish Table 7636,Wykonany z wysokiej jakości materiałów zapewniających trwałość. dzięki kompaktowym wymiarom łatwy do przenoszenia.
Waterproof Blanket 7437,Świetnie sprawdza się w podróży i codziennym użytkowaniu. świetnie sprawdza się w podróży i codziennym użytkowaniu.
Wireless Box 8174,Dzięki kompaktowym wymiarom łatwy do przenoszenia. wykonany z wysokiej jakości materiałów zapewniających trwałość.
Minimalist Plate 621,Nowoczesny design pasujący do każdego wnętrza. świetnie sprawdza się w podróży i codziennym użytkowaniu.
Smart Chair 3612,Idealny do codziennego użytku w domu i biurze.
Customizable Mirror 3828,Świetnie sprawdza się w podróży i codziennym użytkowaniu.
Customizable Tablet 8441,Nowoczesny design pasujący do każdego wnętrza.
Eco-Friendly Basket 5233,Łatwy w utrzymaniu czystości i bardzo praktyczny.
Smart-Enabled Towel 5475,Doskonały jako prezent dla bliskiej osoby. zaprojektowany z myślą o komforcie użytkownika.
Efficient Frame 6631,Łatwy w utrzymaniu czystości i bardzo praktyczny. wykonany z wysokiej jakości materiałów zapewniających trwałość.
Rechargeable Glasses 8424,Nowoczesny design pasujący do każdego wnętrza. idealny do codziennego użytku w domu i biurze.
Transparent Necklace 3658,Wykonany z wysokiej jakości materiałów zapewniających trwałość. świetnie sprawdza się w podróży i codziennym użytkowaniu.
Powerful Tool 9943,Wykonany z wysokiej jakości materiałów zapewniających trwałość.
Noise-Cancelling Box 8860,Łatwy w utrzymaniu czystości i bardzo praktyczny. łatwy w utrzymaniu czystości i bardzo praktyczny.
Elegant Shelf 4499,Łatwy w utrzymaniu czystości i bardzo praktyczny. idealny do codziennego użytku w domu i biurze.
Premium-Grade Backpack 6571,Doskonały jako prezent dla bliskiej osoby.
Balanced Cup 6226,Zaprojektowany z myślą o komforcie użytkownika.
Soft Ring 3724,Świetnie sprawdza się w podróży i codziennym użytkowaniu.
Wireless Glasses 945,Dzięki kompaktowym wymiarom łatwy do przenoszenia. świetnie sprawdza się w podróży i codziennym użytkowaniu.
Dynamic Mouse 8687,Świetnie sprawdza się w podróży i codziennym użytkowaniu.
Durable Drill 6512,Dzięki kompaktowym wymiarom łatwy do przenoszenia.
Customizable Cushion 9218,"Świetnie sprawdza się w podróży i codziennym użytkowaniu. prosty, ale niezwykle funkcjonalny."
Efficient Mug 5321,Zaprojektowany z myślą o komforcie użytkownika. nowoczesny design pasujący do każdego wnętrza.
Minimalist Backpack 4132,Wykonany z wysokiej jakości materiałów zapewniających trwałość.
Premium Cable 1417,Świetnie sprawdza się w podróży i codziennym użytkowaniu. idealny do codziennego użytku w domu i biurze.
Multi-Functional Lamp 9591,"Prosty, ale niezwykle funkcjonalny."
Colorful Brush 9838,Nowoczesny design pasujący do każdego wnętrza. doskonały jako prezent dla bliskiej osoby.
Robust Towel 7927,Wykonany z wysokiej jakości materiałów zapewniających trwałość. idealny do codziennego użytku w domu i biurze.
Foldable Towel 9320,Zaprojektowany z myślą o komforcie użytkownika. zaprojektowany z myślą o komforcie użytkownika.
Versatile Bench 4782,Nowoczesny design pasujący do każdego wnętrza. doskonały jako prezent dla bliskiej osoby.
Comfortable Flashlight 5161,Zaprojektowany z myślą o komforcie użytkownika.
Sustainable Powerbank 3221,Świetnie sprawdza się w podróży i codziennym użytkowaniu. dzięki kompaktowym wymiarom łatwy do przenoszenia.
Smart Jacket 708,Idealny do codziennego użytku w domu i biurze.
Precision Ring 7241,Zaprojektowany z myślą o komforcie użytkownika. doskonały jako prezent dla bliskiej osoby.
Precision Headphones 2522,"Prosty, ale niezwykle funkcjonalny. wykonany z wysokiej jakości materiałów zapewniających trwałość."
Eco-Safe Glasses 767,Łatwy w utrzymaniu czystości i bardzo praktyczny.
Classic Mat 2067,Nowoczesny design pasujący do każdego wnętrza.
Versatile Fan 2272,"Nowoczesny design pasujący do każdego wnętrza. prosty, ale niezwykle funkcjonalny."
Rechargeable Bottle 6722,"Prosty, ale niezwykle funkcjonalny. idealny do codziennego użytku w domu i biurze."
Noise-Cancelling Stand 6961,Zaprojektowany z myślą o komforcie użytkownika.
Smart-Enabled Belt 2382,"Prosty, ale niezwykle funkcjonalny. doskonały jako prezent dla bliskiej osoby."
Refined Case 1126,Dzięki kompaktowym wymiarom łatwy do przenoszenia.
Sustainable Mat 8982,Nowoczesny design pasujący do każdego wnętrza.
Reliable Keyboard 3129,Doskonały jako prezent dla bliskiej osoby.
Customizable Shelf 1245,Zaprojektowany z myślą o komforcie użytkownika. doskonały jako prezent dla bliskiej osoby.
Soft Cup 8720,Wykonany z wysokiej jakości materiałów zapewniających trwałość.
Eco-Safe Cushion 583,Dzięki kompaktowym wymiarom łatwy do przenoszenia. świetnie sprawdza się w podróży i codziennym użytkowaniu.
Foldable Mirror 7016,Dzięki kompaktowym wymiarom łatwy do przenoszenia.
Soft Umbrella 1388,Łatwy w utrzymaniu czystości i bardzo praktyczny.
Dynamic Tool 9029,Nowoczesny design pasujący do każdego wnętrza. zaprojektowany z myślą o komforcie użytkownika.
Transparent Keyboard 3069,Idealny do codziennego użytku w domu i biurze. łatwy w utrzymaniu czystości i bardzo praktyczny.
Affordable Frame 3127,"Lekki, a jednocześnie wyjątkowo solidny."
Powerful Router 5387,Nowoczesny design pasujący do każdego wnętrza.
Efficient Cup 777,"Lekki, a jednocześnie wyjątkowo solidny."
Durable Brush 1281,Łatwy w utrzymaniu czystości i bardzo praktyczny. zaprojektowany z myślą o komforcie użytkownika.
Noise-Cancelling Towel 6084,Wykonany z wysokiej jakości materiałów zapewniających trwałość.
Stylish Headphones 3352,"Prosty, ale niezwykle funkcjonalny."
Rechargeable Mouse 7485,Doskonały jako prezent dla bliskiej osoby. wykonany z wysokiej jakości materiałów zapewniających trwałość.
Refined Ring 999,"Lekki, a jednocześnie wyjątkowo solidny."
Compact Mug 4482,Wykonany z wysokiej jakości materiałów zapewniających trwałość. nowoczesny design pasujący do każdego wnętrza.
Affordable Chair 2246,Zaprojektowany z myślą o komforcie użytkownika. doskonały jako prezent dla bliskiej osoby.
Waterproof Container 8827,Zaprojektowany z myślą o komforcie użytkownika. nowoczesny design pasujący do każdego wnętrza.
Eco-Friendly Phone 7698,Dzięki kompaktowym wymiarom łatwy do przenoszenia. idealny do codziennego użytku w domu i biurze.
Stylish Jacket 3732,Wykonany z wysokiej jakości materiałów zapewniających trwałość. doskonały jako prezent dla bliskiej osoby.
Eco-Friendly Monitor 4597,Idealny do codziennego użytku w domu i biurze.
Luxury Glove 4362,"Prosty, ale niezwykle funkcjonalny. zaprojektowany z myślą o komforcie użytkownika."
Eco-Conscious Phone 1800,"Lekki, a jednocześnie wyjątkowo solidny."
Noise-Cancelling Screen 869,Doskonały jako prezent dla bliskiej osoby.
Minimalist Keyboard 8465,Świetnie sprawdza się w podróży i codziennym użytkowaniu. idealny do codziennego użytku w domu i biurze.
Soft Bottle 2889,Świetnie sprawdza się w podróży i codziennym użytkowaniu.
Colorful Cover 84,"Lekki, a jednocześnie wyjątkowo solidny. łatwy w utrzymaniu czystości i bardzo praktyczny."
Efficient Plate 3528,Doskonały jako prezent dla bliskiej osoby.
Practical Box 4951,"Świetnie sprawdza się w podróży i codziennym użytkowaniu. lekki, a jednocześnie wyjątkowo solidny."
Waterproof Glasses 6067,Zaprojektowany z myślą o komforcie użytkownika.
Energy-Saving Basket 2780,"Prosty, ale niezwykle funkcjonalny. łatwy w utrzymaniu czystości i bardzo praktyczny."
Energy-Saving Watch 5618,Nowoczesny design pasujący do każdego wnętrza. wykonany z wysokiej jakości materiałów zapewniających trwałość.
Foldable Umbrella 4637,Świetnie sprawdza się w podróży i codziennym użytkowaniu. nowoczesny design pasujący do każdego wnętrza.
Smart Drill 6888,Łatwy w utrzymaniu czystości i bardzo praktyczny.
Versatile Fan 5407,Zaprojektowany z myślą o komforcie użytkownika. nowoczesny design pasujący do każdego wnętrza.
Efficient Cushion 4796,"Prosty, ale niezwykle funkcjonalny."
Minimalist Pen 7826,"Wykonany z wysokiej jakości materiałów zapewniających trwałość. lekki, a jednocześnie wyjątkowo solidny."
Reliable Basket 1900,"Łatwy w utrzymaniu czystości i bardzo praktyczny. lekki, a jednocześnie wyjątkowo solidny."
Versatile Bag 9882,Doskonały jako prezent dla bliskiej osoby.
Premium-Grade Headphones 5370,Idealny do codziennego użytku w domu i biurze. dzięki kompaktowym wymiarom łatwy do przenoszenia.
Precision Screen 103,Wykonany z wysokiej jakości materiałów zapewniających trwałość. dzięki kompaktowym wymiarom łatwy do przenoszenia.
Magnetic Glasses 7199,Zaprojektowany z myślą o komforcie użytkownika. łatwy w utrzymaniu czystości i bardzo praktyczny.
Advanced Drill 3302,Świetnie sprawdza się w podróży i codziennym użytkowaniu.
Noise-Cancelling Box 1094,Idealny do codziennego użytku w domu i biurze. idealny do codziennego użytku w domu i biurze.
Eco-Friendly Powerbank 3097,"Prosty, ale niezwykle funkcjonalny. idealny do codziennego użytku w domu i biurze."
Robust Mat 6466,Doskonały jako prezent dla bliskiej osoby. dzięki kompaktowym wymiarom łatwy do przenoszenia.
Customizable Printer 4841,Wykonany z wysokiej jakości materiałów zapewniających trwałość.
Lightweight Blanket 981,Dzięki kompaktowym wymiarom łatwy do przenoszenia. idealny do codziennego użytku w domu i biurze.
Innovative Cushion 219,Doskonały jako prezent dla bliskiej osoby. doskonały jako prezent dla bliskiej osoby.
Rechargeable Cushion 4584,Wykonany z wysokiej jakości materiałów zapewniających trwałość. świetnie sprawdza się w podróży i codziennym użytkowaniu.
Premium-Grade Ring 5216,"Doskonały jako prezent dla bliskiej osoby. prosty, ale niezwykle funkcjonalny."
Luxury Bicycle 8389,Wykonany z wysokiej jakości materiałów zapewniających trwałość. idealny do codziennego użytku w domu i biurze.
Noise-Cancelling Fan 7127,Wykonany z wysokiej jakości materiałów zapewniających trwałość. zaprojektowany z myślą o komforcie użytkownika.
Adjustable Necklace 7498,Dzięki kompaktowym wymiarom łatwy do przenoszenia.
Eco-Conscious Watch 6602,"Prosty, ale niezwykle funkcjonalny."
Compact Pillow 4775,Dzięki kompaktowym wymiarom łatwy do przenoszenia. wykonany z wysokiej jakości materiałów zapewniających trwałość.
Flexible Tripod 2854,Doskonały jako prezent dla bliskiej osoby.
Stylish Camera 6030,Doskonały jako prezent dla bliskiej osoby.
Magnetic Glove 1555,"Prosty, ale niezwykle funkcjonalny. lekki, a jednocześnie wyjątkowo solidny."
Ergonomic Mug 2909,"Dzięki kompaktowym wymiarom łatwy do przenoszenia. prosty, ale niezwykle funkcjonalny."
Durable Stand 3867,Dzięki kompaktowym wymiarom łatwy do przenoszenia.
High-Quality Plate 9071,Idealny do codziennego użytku w domu i biurze.
Ultra-Light Router 9557,Doskonały jako prezent dla bliskiej osoby. świetnie sprawdza się w podróży i codziennym użytkowaniu.
Durable Bag 6839,"Nowoczesny design pasujący do każdego wnętrza. lekki, a jednocześnie wyjątkowo solidny."
Premium Clock 6042,Dzięki kompaktowym wymiarom łatwy do przenoszenia.
High-Quality Scarf 4290,Zaprojektowany z myślą o komforcie użytkownika. idealny do codziennego użytku w domu i biurze.
Transparent Stand 3462,"Świetnie sprawdza się w podróży i codziennym użytkowaniu. lekki, a jednocześnie wyjątkowo solidny."
Innovative Drill 8992,Doskonały jako prezent dla bliskiej osoby.
Minimalist Table 738,"Nowoczesny design pasujący do każdego wnętrza. lekki, a jednocześnie wyjątkowo solidny."
Foldable Screen 7726,"Prosty, ale niezwykle funkcjonalny. idealny do codziennego użytku w domu i biurze."
Balanced Container 6749,"Lekki, a jednocześnie wyjątkowo solidny. dzięki kompaktowym wymiarom łatwy do przenoszenia."
Versatile Chair 4412,Zaprojektowany z myślą o komforcie użytkownika.
Flexible Toy 8219,Idealny do codziennego użytku w domu i biurze. zaprojektowany z myślą o komforcie użytkownika.
Practical Monitor 620,Dzięki kompaktowym wymiarom łatwy do przenoszenia.
Balanced Cable 9075,Nowoczesny design pasujący do każdego wnętrza. zaprojektowany z myślą o komforcie użytkownika.
Flexible Brush 6173,"Idealny do codziennego użytku w domu i biurze. prosty, ale niezwykle funkcjonalny."
Customizable Cable 1537,Dzięki kompaktowym wymiarom łatwy do przenoszenia.
Customizable Umbrella 2285,Dzięki kompaktowym wymiarom łatwy do przenoszenia.
Affordable Screen 8206,"Lekki, a jednocześnie wyjątkowo solidny."
Minimalist Printer 3107,Idealny do codziennego użytku w domu i biurze.
Powerful Mat 6202,Łatwy w utrzymaniu czystości i bardzo praktyczny. dzięki kompaktowym wymiarom łatwy do przenoszenia.
Foldable Holder 3157,Zaprojektowany z myślą o komforcie użytkownika. łatwy w utrzymaniu czystości i bardzo praktyczny.
Balanced Plate 623,Łatwy w utrzymaniu czystości i bardzo praktyczny.
Refined Keyboard 5798,Idealny do codziennego użytku w domu i biurze.
Luxury Mirror 5526,Świetnie sprawdza się w podróży i codziennym użytkowaniu. idealny do codziennego użytku w domu i biurze.
Customizable Plate 2052,Dzięki kompaktowym wymiarom łatwy do przenoszenia. nowoczesny design pasujący do każdego wnętrza.
Multi-Functional Shelf 6449,Idealny do codziennego użytku w domu i biurze. nowoczesny design pasujący do każdego wnętrza.
Luxury Blanket 9909,Nowoczesny design pasujący do każdego wnętrza.
Stylish Shoe 7832,Zaprojektowany z myślą o komforcie użytkownika.
Foldable Necklace 8159,Nowoczesny design pasujący do każdego wnętrza. nowoczesny design pasujący do każdego wnętrza.
Waterproof Screen 4580,Idealny do codziennego użytku w domu i biurze.
Wireless Jacket 6225,Doskonały jako prezent dla bliskiej osoby. dzięki kompaktowym wymiarom łatwy do przenoszenia.
Refined Necklace 8578,Dzięki kompaktowym wymiarom łatwy do przenoszenia. zaprojektowany z myślą o komforcie użytkownika.
Stylish Razor 9593,"Prosty, ale niezwykle funkcjonalny. łatwy w utrzymaniu czystości i bardzo praktyczny."
Eco-Conscious Charger 8380,Świetnie sprawdza się w podróży i codziennym użytkowaniu. dzięki kompaktowym wymiarom łatwy do przenoszenia.
Lightweight Shelf 7847,Dzięki kompaktowym wymiarom łatwy do przenoszenia.
Eco-Safe Necklace 6166,"Dzięki kompaktowym wymiarom łatwy do przenoszenia. lekki, a jednocześnie wyjątkowo solidny."
Precision Brush 6760,Idealny do codziennego użytku w domu i biurze.
Soft Cushion 7681,Wykonany z wysokiej jakości materiałów zapewniających trwałość.
Foldable Chair 6709,Wykonany z wysokiej jakości materiałów zapewniających trwałość.
Reliable Bench 7838,Zaprojektowany z myślą o komforcie użytkownika. wykonany z wysokiej jakości materiałów zapewniających trwałość.
Smart-Enabled Shoe 3640,"Prosty, ale niezwykle funkcjonalny. wykonany z wysokiej jakości materiałów zapewniających trwałość."
Waterproof Wallet 7837,Świetnie sprawdza się w podróży i codziennym użytkowaniu. świetnie sprawdza się w podróży i codziennym użytkowaniu.
Dynamic Powerbank 6335,Doskonały jako prezent dla bliskiej osoby.
Lightweight Bicycle 8112,Nowoczesny design pasujący do każdego wnętrza.
Energy-Saving Mouse 2504,"Prosty, ale niezwykle funkcjonalny."
Magnetic Speaker 279,Idealny do codziennego użytku w domu i biurze. nowoczesny design pasujący do każdego wnętrza.
Eco-Conscious Router 7545,"Prosty, ale niezwykle funkcjonalny."
Practical Towel 9750,"Prosty, ale niezwykle funkcjonalny."
Innovative Ring 3721,Zaprojektowany z myślą o komforcie użytkownika.
Refined Bicycle 7887,Idealny do codziennego użytku w domu i biurze. dzięki kompaktowym wymiarom łatwy do przenoszenia.
Foldable Bicycle 3224,Dzięki kompaktowym wymiarom łatwy do przenoszenia. doskonały jako prezent dla bliskiej osoby.
Modern Notebook 9840,Idealny do codziennego użytku w domu i biurze.
Energy-Saving Pen 2627,"Prosty, ale niezwykle funkcjonalny."
Noise-Cancelling Tool 8264,Nowoczesny design pasujący do każdego wnętrza.
Refined Basket 1823,Doskonały jako prezent dla bliskiej osoby. zaprojektowany z myślą o komforcie użytkownika.
Classic Headphones 350,"Prosty, ale niezwykle funkcjonalny."
Strong Towel 1100,Zaprojektowany z myślą o komforcie użytkownika.
Eco-Friendly Speaker 997,Nowoczesny design pasujący do każdego wnętrza. wykonany z wysokiej jakości materiałów zapewniających trwałość.
Reliable Necklace 9302,Łatwy w utrzymaniu czystości i bardzo praktyczny. idealny do codziennego użytku w domu i biurze.
Smart-Enabled Umbrella 244,"Lekki, a jednocześnie wyjątkowo solidny. dzięki kompaktowym wymiarom łatwy do przenoszenia."
Wireless Printer 7233,"Lekki, a jednocześnie wyjątkowo solidny."
Refined Bag 9897,Dzięki kompaktowym wymiarom łatwy do przenoszenia.
Modern Notebook 2892,Wykonany z wysokiej jakości materiałów zapewniających trwałość.
Balanced Screen 5755,Łatwy w utrzymaniu czystości i bardzo praktyczny. dzięki kompaktowym wymiarom łatwy do przenoszenia.
Sustainable Printer 9803,"Wykonany z wysokiej jakości materiałów zapewniających trwałość. prosty, ale niezwykle funkcjonalny."
Powerful Table 6784,Łatwy w utrzymaniu czystości i bardzo praktyczny. doskonały jako prezent dla bliskiej osoby.
Multi-Functional Frame 5443,Idealny do codziennego użytku w domu i biurze. zaprojektowany z myślą o komforcie użytkownika.
Colorful Bicycle 4144,Świetnie sprawdza się w podróży i codziennym użytkowaniu.
Magnetic Pillow 5166,"Lekki, a jednocześnie wyjątkowo solidny."
Eco-Friendly Notebook 8306,Łatwy w utrzymaniu czystości i bardzo praktyczny.
Lightweight Necklace 1800,"Zaprojektowany z myślą o komforcie użytkownika. prosty, ale niezwykle funkcjonalny."
Magnetic Fan 9912,Nowoczesny design pasujący do każdego wnętrza. łatwy w utrzymaniu czystości i bardzo praktyczny.
Modern Mug 6584,Idealny do codziennego użytku w domu i biurze. wykonany z wysokiej jakości materiałów zapewniających trwałość.
Wireless Cover 9138,Doskonały jako prezent dla bliskiej osoby.
High-Quality Bicycle 8909,Doskonały jako prezent dla bliskiej osoby.
Multi-Functional Box 2250,Wykonany z wysokiej jakości materiałów zapewniających trwałość. łatwy w utrzymaniu czystości i bardzo praktyczny.
Ultra-Light Bottle 5117,Dzięki kompaktowym wymiarom łatwy do przenoszenia.
Lightweight Mat 5449,"Lekki, a jednocześnie wyjątkowo solidny."
Balanced Mirror 2079,"Prosty, ale niezwykle funkcjonalny."
Energy-Saving Drill 9227,Łatwy w utrzymaniu czystości i bardzo praktyczny.
Strong Cover 7777,Doskonały jako prezent dla bliskiej osoby. idealny do codziennego użytku w domu i biurze.
Foldable Pillow 5861,Dzięki kompaktowym wymiarom łatwy do przenoszenia. świetnie sprawdza się w podróży i codziennym użytkowaniu.
Luxury Pillow 9871,"Prosty, ale niezwykle funkcjonalny. świetnie sprawdza się w podróży i codziennym użytkowaniu."
Waterproof Drill 5494,Świetnie sprawdza się w podróży i codziennym użytkowaniu.
Adjustable Pillow 3886,Doskonały jako prezent dla bliskiej osoby. dzięki kompaktowym wymiarom łatwy do przenoszenia.
Elegant Jacket 7373,Łatwy w utrzymaniu czystości i bardzo praktyczny.
Colorful Tablet 5988,"Lekki, a jednocześnie wyjątkowo solidny. lekki, a jednocześnie wyjątkowo solidny."
Durable Flashlight 563,Nowoczesny design pasujący do każdego wnętrza. zaprojektowany z myślą o komforcie użytkownika.
Eco-Conscious Drone 9154,Doskonały jako prezent dla bliskiej osoby. świetnie sprawdza się w podróży i codziennym użytkowaniu.
Compact Umbrella 9455,Wykonany z wysokiej jakości materiałów zapewniających trwałość.
Eco-Friendly Jacket 3138,Łatwy w utrzymaniu czystości i bardzo praktyczny.
Customizable Glasses 83,"Idealny do codziennego użytku w domu i biurze. prosty, ale niezwykle funkcjonalny."
Refined Scarf 5043,"Lekki, a jednocześnie wyjątkowo solidny."
Versatile Container 3294,Dzięki kompaktowym wymiarom łatwy do przenoszenia. wykonany z wysokiej jakości materiałów zapewniających trwałość.
Premium Jacket 6680,Doskonały jako prezent dla bliskiej osoby. doskonały jako prezent dla bliskiej osoby.
Stylish Necklace 3660,Świetnie sprawdza się w podróży i codziennym użytkowaniu. dzięki kompaktowym wymiarom łatwy do przenoszenia.
Luxury Charger 5454,Łatwy w utrzymaniu czystości i bardzo praktyczny. idealny do codziennego użytku w domu i biurze.
Foldable Toy 2250,Zaprojektowany z myślą o komforcie użytkownika. łatwy w utrzymaniu czystości i bardzo praktyczny.
Balanced Cable 1814,Wykonany z wysokiej jakości materiałów zapewniających trwałość. świetnie sprawdza się w podróży i codziennym użytkowaniu.
Durable Powerbank 1018,Zaprojektowany z myślą o komforcie użytkownika. nowoczesny design pasujący do każdego wnętrza.
Versatile Box 5712,Łatwy w utrzymaniu czystości i bardzo praktyczny.
Balanced Notebook 6634,Nowoczesny design pasujący do każdego wnętrza.
Versatile Router 3942,Wykonany z wysokiej jakości materiałów zapewniających trwałość.
Eco-Conscious Cushion 5717,"Prosty, ale niezwykle funkcjonalny. idealny do codziennego użytku w domu i biurze."
Smart-Enabled Glove 3298,Wykonany z wysokiej jakości materiałów zapewniających trwałość. dzięki kompaktowym wymiarom łatwy do przenoszenia.
Flexible Razor 663,Zaprojektowany z myślą o komforcie użytkownika.
Transparent Cover 2701,Idealny do codziennego użytku w domu i biurze. wykonany z wysokiej jakości materiałów zapewniających trwałość.
Eco-Safe Shelf 8114,Zaprojektowany z myślą o komforcie użytkownika. zaprojektowany z myślą o komforcie użytkownika.
Adjustable Drill 9505,Dzięki kompaktowym wymiarom łatwy do przenoszenia.
Elegant Speaker 9784,Łatwy w utrzymaniu czystości i bardzo praktyczny.
Dynamic Toy 2680,Idealny do codziennego użytku w domu i biurze. dzięki kompaktowym wymiarom łatwy do przenoszenia.
Eco-Conscious Wallet 2234,"Prosty, ale niezwykle funkcjonalny."
Compact Bench 8830,Doskonały jako prezent dla bliskiej osoby.
Elegant Case 6990,Doskonały jako prezent dla bliskiej osoby.
Affordable Lamp 147,Zaprojektowany z myślą o komforcie użytkownika. wykonany z wysokiej jakości materiałów zapewniających trwałość.
Elegant Bench 8504,Zaprojektowany z myślą o komforcie użytkownika.
Elegant Case 5509,Nowoczesny design pasujący do każdego wnętrza.
Minimalist Flashlight 1162,Idealny do codziennego użytku w domu i biurze.
Adjustable Plate 6704,Doskonały jako prezent dla bliskiej osoby.
Precision Charger 3913,"Prosty, ale niezwykle funkcjonalny."
Luxury Camera 9813,Świetnie sprawdza się w podróży i codziennym użytkowaniu. zaprojektowany z myślą o komforcie użytkownika.
Comfortable Drill 4507,Łatwy w utrzymaniu czystości i bardzo praktyczny. świetnie sprawdza się w podróży i codziennym użytkowaniu.
Smart Tool 3057,Świetnie sprawdza się w podróży i codziennym użytkowaniu. wykonany z wysokiej jakości materiałów zapewniających trwałość.
Versatile Table 5937,Świetnie sprawdza się w podróży i codziennym użytkowaniu.
Eco-Safe Stand 239,"Prosty, ale niezwykle funkcjonalny. idealny do codziennego użytku w domu i biurze."
Flexible Umbrella 7793,"Prosty, ale niezwykle funkcjonalny. prosty, ale niezwykle funkcjonalny."
Reliable Charger 7223,Łatwy w utrzymaniu czystości i bardzo praktyczny. łatwy w utrzymaniu czystości i bardzo praktyczny.
Strong Notebook 1138,Dzięki kompaktowym wymiarom łatwy do przenoszenia.
Wireless Backpack 1067,Wykonany z wysokiej jakości materiałów zapewniających trwałość. wykonany z wysokiej jakości materiałów zapewniających trwałość.
Premium-Grade Tool 4115,Dzięki kompaktowym wymiarom łatwy do przenoszenia. wykonany z wysokiej jakości materiałów zapewniających trwałość.
Versatile Watch 8330,"Wykonany z wysokiej jakości materiałów zapewniających trwałość. prosty, ale niezwykle funkcjonalny."
Multi-Functional Shoe 9066,Wykonany z wysokiej jakości materiałów zapewniających trwałość. zaprojektowany z myślą o komforcie użytkownika.
Multi-Functional Necklace 6693,Doskonały jako prezent dla bliskiej osoby.
Smart-Enabled Monitor 6367,Doskonały jako prezent dla bliskiej osoby. wykonany z wysokiej jakości materiałów zapewniających trwałość.
Smart-Enabled Mug 8071,"Lekki, a jednocześnie wyjątkowo solidny."
Efficient Charger 851,Dzięki kompaktowym wymiarom łatwy do przenoszenia.
Strong Umbrella 7167,"Doskonały jako prezent dla bliskiej osoby. prosty, ale niezwykle funkcjonalny."
Rechargeable Razor 7958,Doskonały jako prezent dla bliskiej osoby.
Multi-Functional Frame 2767,Świetnie sprawdza się w podróży i codziennym użytkowaniu.
Balanced Blanket 9350,Zaprojektowany z myślą o komforcie użytkownika.
Transparent Ring 1173,Świetnie sprawdza się w podróży i codziennym użytkowaniu.
Waterproof Blanket 7913,"Prosty, ale niezwykle funkcjonalny. lekki, a jednocześnie wyjątkowo solidny."
Ergonomic Keyboard 6815,"Prosty, ale niezwykle funkcjonalny."
Flexible Umbrella 3347,Łatwy w utrzymaniu czystości i bardzo praktyczny. doskonały jako prezent dla bliskiej osoby.
Strong Basket 7408,Dzięki kompaktowym wymiarom łatwy do przenoszenia. nowoczesny design pasujący do każdego wnętrza.
Precision Charger 8776,"Prosty, ale niezwykle funkcjonalny."
Practical Jacket 2864,"Lekki, a jednocześnie wyjątkowo solidny. zaprojektowany z myślą o komforcie użytkownika."
Modern Scarf 9814,Wykonany z wysokiej jakości materiałów zapewniających trwałość.
Smart-Enabled Case 8993,Dzięki kompaktowym wymiarom łatwy do przenoszenia. zaprojektowany z myślą o komforcie użytkownika.
Ergonomic Clock 2182,"Lekki, a jednocześnie wyjątkowo solidny. lekki, a jednocześnie wyjątkowo solidny."
Colorful Case 4592,Świetnie sprawdza się w podróży i codziennym użytkowaniu. świetnie sprawdza się w podróży i codziennym użytkowaniu.
Lightweight Powerbank 1553,Nowoczesny design pasujący do każdego wnętrza. wykonany z wysokiej jakości materiałów zapewniających trwałość.
Soft Lamp 8553,Doskonały jako prezent dla bliskiej osoby. idealny do codziennego użytku w domu i biurze.
Foldable Mirror 9365,Wykonany z wysokiej jakości materiałów zapewniających trwałość. nowoczesny design pasujący do każdego wnętrza.
Practical Tool 2737,"Prosty, ale niezwykle funkcjonalny. prosty, ale niezwykle funkcjonalny."
Smart-Enabled Basket 3044,Świetnie sprawdza się w podróży i codziennym użytkowaniu. nowoczesny design pasujący do każdego wnętrza.
Multi-Functional Clock 8629,"Zaprojektowany z myślą o komforcie użytkownika. prosty, ale niezwykle funkcjonalny."
Soft Notebook 5323,Idealny do codziennego użytku w domu i biurze.
Eco-Friendly Pen 8339,"Lekki, a jednocześnie wyjątkowo solidny."
Innovative Charger 8456,Nowoczesny design pasujący do każdego wnętrza.
Energy-Saving Shelf 1253,Nowoczesny design pasujący do każdego wnętrza.
Advanced Glove 7111,"Wykonany z wysokiej jakości materiałów zapewniających trwałość. lekki, a jednocześnie wyjątkowo solidny."
Advanced Cup 5299,Świetnie sprawdza się w podróży i codziennym użytkowaniu. nowoczesny design pasujący do każdego wnętrza.
Luxury Mouse 2385,Wykonany z wysokiej jakości materiałów zapewniających trwałość.
High-Quality Towel 2521,Zaprojektowany z myślą o komforcie użytkownika.
Strong Tripod 144,"Lekki, a jednocześnie wyjątkowo solidny."
Waterproof Mug 234,Zaprojektowany z myślą o komforcie użytkownika. zaprojektowany z myślą o komforcie użytkownika.
Elegant Tool 4043,Wykonany z wysokiej jakości materiałów zapewniających trwałość.
Waterproof Watch 355,Świetnie sprawdza się w podróży i codziennym użytkowaniu.
Robust Tripod 2096,"Lekki, a jednocześnie wyjątkowo solidny. zaprojektowany z myślą o komforcie użytkownika."
Noise-Cancelling Bag 3821,"Prosty, ale niezwykle funkcjonalny. łatwy w utrzymaniu czystości i bardzo praktyczny."
Strong Phone 9814,"Prosty, ale niezwykle funkcjonalny."
Affordable Router 1301,Świetnie sprawdza się w podróży i codziennym użytkowaniu. zaprojektowany z myślą o komforcie użytkownika.
Precision Tool 4040,Zaprojektowany z myślą o komforcie użytkownika.
Premium Scarf 9269,Doskonały jako prezent dla bliskiej osoby. doskonały jako prezent dla bliskiej osoby.
Ultra-Light Drone 1892,Idealny do codziennego użytku w domu i biurze. doskonały jako prezent dla bliskiej osoby.
Eco-Friendly Tablet 5463,Doskonały jako prezent dla bliskiej osoby. nowoczesny design pasujący do każdego wnętrza.
Durable Stand 1167,Idealny do codziennego użytku w domu i biurze.
Soft Powerbank 6641,Dzięki kompaktowym wymiarom łatwy do przenoszenia.
Sustainable Notebook 5893,Zaprojektowany z myślą o komforcie użytkownika.
Powerful Frame 4366,Doskonały jako prezent dla bliskiej osoby.
Flexible Screen 4411,Łatwy w utrzymaniu czystości i bardzo praktyczny. idealny do codziennego użytku w domu i biurze.
Compact Clock 9194,"Świetnie sprawdza się w podróży i codziennym użytkowaniu. prosty, ale niezwykle funkcjonalny."
Wireless Container 2359,Idealny do codziennego użytku w domu i biurze. doskonały jako prezent dla bliskiej osoby.
Comfortable Printer 7917,"Lekki, a jednocześnie wyjątkowo solidny. doskonały jako prezent dla bliskiej osoby."
Premium-Grade Tool 3529,"Lekki, a jednocześnie wyjątkowo solidny."
Refined Toy 2580,"Doskonały jako prezent dla bliskiej osoby. lekki, a jednocześnie wyjątkowo solidny."
Soft Jacket 7316,Wykonany z wysokiej jakości materiałów zapewniających trwałość.
Classic Table 1645,Doskonały jako prezent dla bliskiej osoby. nowoczesny design pasujący do każdego wnętrza.
Balanced Headphones 432,Dzięki kompaktowym wymiarom łatwy do przenoszenia. idealny do codziennego użytku w domu i biurze.
Durable Powerbank 6717,Zaprojektowany z myślą o komforcie użytkownika.
Durable Cover 7451,Nowoczesny design pasujący do każdego wnętrza.
Precision Tool 6335,"Lekki, a jednocześnie wyjątkowo solidny."
Wireless Mouse 1990,"Prosty, ale niezwykle funkcjonalny. łatwy w utrzymaniu czystości i bardzo praktyczny."
Classic Bench 4902,Doskonały jako prezent dla bliskiej osoby. zaprojektowany z myślą o komforcie użytkownika.
Modern Jacket 7799,Idealny do codziennego użytku w domu i biurze.
Versatile Camera 7700,"Lekki, a jednocześnie wyjątkowo solidny. dzięki kompaktowym wymiarom łatwy do przenoszenia."
Smart-Enabled Keyboard 5927,Łatwy w utrzymaniu czystości i bardzo praktyczny. doskonały jako prezent dla bliskiej osoby.
Stylish Printer 1035,Dzięki kompaktowym wymiarom łatwy do przenoszenia.
Reliable Backpack 636,Łatwy w utrzymaniu czystości i bardzo praktyczny.
Ultra-Light Brush 4314,Nowoczesny design pasujący do każdego wnętrza. łatwy w utrzymaniu czystości i bardzo praktyczny.
Innovative Drone 3019,Łatwy w utrzymaniu czystości i bardzo praktyczny.
Portable Table 3517,Świetnie sprawdza się w podróży i codziennym użytkowaniu.
Comfortable Glasses 3697,Zaprojektowany z myślą o komforcie użytkownika. nowoczesny design pasujący do każdego wnętrza.
Sustainable Mouse 3775,"Świetnie sprawdza się w podróży i codziennym użytkowaniu. lekki, a jednocześnie wyjątkowo solidny."
Soft Clock 7684,"Prosty, ale niezwykle funkcjonalny. prosty, ale niezwykle funkcjonalny."
Noise-Cancelling Keyboard 3961,Nowoczesny design pasujący do każdego wnętrza. wykonany z wysokiej jakości materiałów zapewniających trwałość.
Transparent Watch 6420,"Prosty, ale niezwykle funkcjonalny. lekki, a jednocześnie wyjątkowo solidny."
Eco-Safe Cable 3091,"Dzięki kompaktowym wymiarom łatwy do przenoszenia. prosty, ale niezwykle funkcjonalny."
Lightweight Glove 7509,Zaprojektowany z myślą o komforcie użytkownika. wykonany z wysokiej jakości materiałów zapewniających trwałość.
Ergonomic Screen 9534,"Prosty, ale niezwykle funkcjonalny."
Balanced Mug 4361,Łatwy w utrzymaniu czystości i bardzo praktyczny. idealny do codziennego użytku w domu i biurze.
Smart-Enabled Belt 1525,"Lekki, a jednocześnie wyjątkowo solidny."
Robust Pillow 214,Łatwy w utrzymaniu czystości i bardzo praktyczny. dzięki kompaktowym wymiarom łatwy do przenoszenia.
Multi-Functional Mug 4229,Zaprojektowany z myślą o komforcie użytkownika.
Sustainable Holder 764,"Lekki, a jednocześnie wyjątkowo solidny. doskonały jako prezent dla bliskiej osoby."
Smart Mug 3468,Świetnie sprawdza się w podróży i codziennym użytkowaniu.
Classic Mug 616,Świetnie sprawdza się w podróży i codziennym użytkowaniu.
Practical Stand 6199,"Świetnie sprawdza się w podróży i codziennym użytkowaniu. lekki, a jednocześnie wyjątkowo solidny."
Flexible Notebook 8720,Doskonały jako prezent dla bliskiej osoby.
Efficient Wallet 6514,Dzięki kompaktowym wymiarom łatwy do przenoszenia. nowoczesny design pasujący do każdego wnętrza.
Eco-Friendly Towel 5659,"Lekki, a jednocześnie wyjątkowo solidny. prosty, ale niezwykle funkcjonalny."
Portable Necklace 6445,Łatwy w utrzymaniu czystości i bardzo praktyczny. dzięki kompaktowym wymiarom łatwy do przenoszenia.
Efficient Brush 6845,Świetnie sprawdza się w podróży i codziennym użytkowaniu. świetnie sprawdza się w podróży i codziennym użytkowaniu.
Waterproof Shelf 7318,Doskonały jako prezent dla bliskiej osoby.
Soft Holder 2677,"Prosty, ale niezwykle funkcjonalny."
Smart-Enabled Jacket 4558,Łatwy w utrzymaniu czystości i bardzo praktyczny.
Wireless Wallet 6065,Wykonany z wysokiej jakości materiałów zapewniających trwałość.
Refined Glove 7165,"Lekki, a jednocześnie wyjątkowo solidny. idealny do codziennego użytku w domu i biurze."
Powerful Tripod 5731,Nowoczesny design pasujący do każdego wnętrza.
Elegant Bicycle 2376,Dzięki kompaktowym wymiarom łatwy do przenoszenia.
Robust Powerbank 9571,Dzięki kompaktowym wymiarom łatwy do przenoszenia.
Comfortable Jacket 5778,"Lekki, a jednocześnie wyjątkowo solidny. wykonany z wysokiej jakości materiałów zapewniających trwałość."
Advanced Cup 9234,Nowoczesny design pasujący do każdego wnętrza. nowoczesny design pasujący do każdego wnętrza.
Comfortable Pen 7748,Doskonały jako prezent dla bliskiej osoby.
Flexible Bag 1552,"Prosty, ale niezwykle funkcjonalny."
Sustainable Mat 4402,Nowoczesny design pasujący do każdego wnętrza.
Ultra-Light Headphones 5174,Świetnie sprawdza się w podróży i codziennym użytkowaniu.
Flexible Tool 6112,Wykonany z wysokiej jakości materiałów zapewniających trwałość.
Smart-Enabled Keyboard 2231,Wykonany z wysokiej jakości materiałów zapewniających trwałość.
Efficient Ring 1583,"Nowoczesny design pasujący do każdego wnętrza. prosty, ale niezwykle funkcjonalny."
Noise-Cancelling Jacket 6345,"Lekki, a jednocześnie wyjątkowo solidny. nowoczesny design pasujący do każdego wnętrza."
Waterproof Bottle 3685,"Wykonany z wysokiej jakości materiałów zapewniających trwałość. prosty, ale niezwykle funkcjonalny."
Powerful Chair 342,Świetnie sprawdza się w podróży i codziennym użytkowaniu. idealny do codziennego użytku w domu i biurze.
Rechargeable Mug 7621,"Prosty, ale niezwykle funkcjonalny. łatwy w utrzymaniu czystości i bardzo praktyczny."
Balanced Case 9393,Doskonały jako prezent dla bliskiej osoby. dzięki kompaktowym wymiarom łatwy do przenoszenia.
Ultra-Light Drill 4953,Świetnie sprawdza się w podróży i codziennym użytkowaniu.
Customizable Toy 1149,Zaprojektowany z myślą o komforcie użytkownika.
Classic Bicycle 5267,"Lekki, a jednocześnie wyjątkowo solidny. nowoczesny design pasujący do każdego wnętrza."
Luxury Toy 714,Świetnie sprawdza się w podróży i codziennym użytkowaniu.
Flexible Notebook 1915,Nowoczesny design pasujący do każdego wnętrza. wykonany z wysokiej jakości materiałów zapewniających trwałość.
Energy-Saving Pen 3442,Łatwy w utrzymaniu czystości i bardzo praktyczny.
Modern Drill 2569,"Prosty, ale niezwykle funkcjonalny. lekki, a jednocześnie wyjątkowo solidny."
Comfortable Scarf 9315,Łatwy w utrzymaniu czystości i bardzo praktyczny. idealny do codziennego użytku w domu i biurze.
Comfortable Wallet 658,Świetnie sprawdza się w podróży i codziennym użytkowaniu. doskonały jako prezent dla bliskiej osoby.
Wireless Flashlight 3012,Dzięki kompaktowym wymiarom łatwy do przenoszenia.
Sustainable Fan 9590,Idealny do codziennego użytku w domu i biurze.
Classic Tripod 4768,Łatwy w utrzymaniu czystości i bardzo praktyczny.
Versatile Necklace 1095,Łatwy w utrzymaniu czystości i bardzo praktyczny.
Stylish Table 8446,Dzięki kompaktowym wymiarom łatwy do przenoszenia. idealny do codziennego użytku w domu i biurze.
Smart-Enabled Blanket 4985,Nowoczesny design pasujący do każdego wnętrza. idealny do codziennego użytku w domu i biurze.
Dynamic Keyboard 8498,Świetnie sprawdza się w podróży i codziennym użytkowaniu.
Comfortable Shoe 8488,"Idealny do codziennego użytku w domu i biurze. prosty, ale niezwykle funkcjonalny."
Balanced Toy 9338,"Prosty, ale niezwykle funkcjonalny. świetnie sprawdza się w podróży i codziennym użytkowaniu."
Modern Cushion 6071,Zaprojektowany z myślą o komforcie użytkownika.
Modern Watch 4354,Wykonany z wysokiej jakości materiałów zapewniających trwałość. łatwy w utrzymaniu czystości i bardzo praktyczny.
Rechargeable Mouse 3683,Wykonany z wysokiej jakości materiałów zapewniających trwałość.
Magnetic Holder 9188,Nowoczesny design pasujący do każdego wnętrza. wykonany z wysokiej jakości materiałów zapewniających trwałość.
Comfortable Powerbank 4627,Zaprojektowany z myślą o komforcie użytkownika. łatwy w utrzymaniu czystości i bardzo praktyczny.
Reliable Glove 4001,Idealny do codziennego użytku w domu i biurze.
Luxury Scarf 9873,Dzięki kompaktowym wymiarom łatwy do przenoszenia.
Elegant Bicycle 9728,"Dzięki kompaktowym wymiarom łatwy do przenoszenia. lekki, a jednocześnie wyjątkowo solidny."
Classic Camera 4443,Doskonały jako prezent dla bliskiej osoby. doskonały jako prezent dla bliskiej osoby.
Classic Charger 106,Zaprojektowany z myślą o komforcie użytkownika. zaprojektowany z myślą o komforcie użytkownika.
Practical Drone 8437,Idealny do codziennego użytku w domu i biurze.
Wireless Printer 2712,Wykonany z wysokiej jakości materiałów zapewniających trwałość.
Comfortable Fan 5007,Zaprojektowany z myślą o komforcie użytkownika. nowoczesny design pasujący do każdego wnętrza.
Smart-Enabled Glasses 8577,Świetnie sprawdza się w podróży i codziennym użytkowaniu.
Practical Drone 7817,Świetnie sprawdza się w podróży i codziennym użytkowaniu.
Premium Drone 7177,Świetnie sprawdza się w podróży i codziennym użytkowaniu.
Magnetic Ring 1372,Wykonany z wysokiej jakości materiałów zapewniających trwałość.
Ultra-Light Bottle 8020,Wykonany z wysokiej jakości materiałów zapewniających trwałość. łatwy w utrzymaniu czystości i bardzo praktyczny.
Flexible Drone 6266,Świetnie sprawdza się w podróży i codziennym użytkowaniu. idealny do codziennego użytku w domu i biurze.
Transparent Belt 9079,Doskonały jako prezent dla bliskiej osoby.
Eco-Safe Basket 1222,"Nowoczesny design pasujący do każdego wnętrza. lekki, a jednocześnie wyjątkowo solidny."
Eco-Safe Speaker 1958,Świetnie sprawdza się w podróży i codziennym użytkowaniu. doskonały jako prezent dla bliskiej osoby.
Efficient Powerbank 9071,Nowoczesny design pasujący do każdego wnętrza. nowoczesny design pasujący do każdego wnętrza.
Innovative Toy 3265,"Lekki, a jednocześnie wyjątkowo solidny."
Magnetic Cup 3685,Doskonały jako prezent dla bliskiej osoby.
Balanced Scarf 9079,Idealny do codziennego użytku w domu i biurze.
High-Quality Mirror 3143,Łatwy w utrzymaniu czystości i bardzo praktyczny.
Portable Jacket 7256,Zaprojektowany z myślą o komforcie użytkownika. dzięki kompaktowym wymiarom łatwy do przenoszenia.
Flexible Powerbank 2661,"Prosty, ale niezwykle funkcjonalny."
Robust Bag 7486,Wykonany z wysokiej jakości materiałów zapewniających trwałość.
Customizable Cushion 2041,Zaprojektowany z myślą o komforcie użytkownika. zaprojektowany z myślą o komforcie użytkownika.
Affordable Watch 2126,Łatwy w utrzymaniu czystości i bardzo praktyczny. łatwy w utrzymaniu czystości i bardzo praktyczny.
Wireless Flashlight 20,"Lekki, a jednocześnie wyjątkowo solidny. nowoczesny design pasujący do każdego wnętrza."
Eco-Conscious Plate 4935,Dzięki kompaktowym wymiarom łatwy do przenoszenia. idealny do codziennego użytku w domu i biurze.
Rechargeable Plate 5486,Wykonany z wysokiej jakości materiałów zapewniających trwałość.
Eco-Conscious Drone 385,Łatwy w utrzymaniu czystości i bardzo praktyczny.
Durable Stand 1495,Doskonały jako prezent dla bliskiej osoby.
Luxury Table 7762,Doskonały jako prezent dla bliskiej osoby. idealny do codziennego użytku w domu i biurze.
Premium-Grade Pen 1857,Doskonały jako prezent dla bliskiej osoby.
Balanced Towel 8517,"Idealny do codziennego użytku w domu i biurze. prosty, ale niezwykle funkcjonalny."
Foldable Drone 3377,Doskonały jako prezent dla bliskiej osoby. dzięki kompaktowym wymiarom łatwy do przenoszenia.
Sustainable Toy 6871,Idealny do codziennego użytku w domu i biurze. zaprojektowany z myślą o komforcie użytkownika.
Comfortable Cable 7980,Nowoczesny design pasujący do każdego wnętrza. doskonały jako prezent dla bliskiej osoby.
Durable Toy 2655,Doskonały jako prezent dla bliskiej osoby. zaprojektowany z myślą o komforcie użytkownika.
Innovative Stand 2215,Nowoczesny design pasujący do każdego wnętrza. dzięki kompaktowym wymiarom łatwy do przenoszenia.
Reliable Necklace 8462,Dzięki kompaktowym wymiarom łatwy do przenoszenia. świetnie sprawdza się w podróży i codziennym użytkowaniu.
Wireless Headphones 5799,Doskonały jako prezent dla bliskiej osoby. idealny do codziennego użytku w domu i biurze.
Versatile Bench 8091,Zaprojektowany z myślą o komforcie użytkownika. doskonały jako prezent dla bliskiej osoby.
Refined Watch 3496,Zaprojektowany z myślą o komforcie użytkownika. zaprojektowany z myślą o komforcie użytkownika.
Innovative Wallet 831,Łatwy w utrzymaniu czystości i bardzo praktyczny.
Flexible Mirror 7020,"Prosty, ale niezwykle funkcjonalny."
Ultra-Light Stand 1710,"Prosty, ale niezwykle funkcjonalny. łatwy w utrzymaniu czystości i bardzo praktyczny."
Adjustable Cup 2239,Doskonały jako prezent dla bliskiej osoby.
Ultra-Light Plate 4555,"Prosty, ale niezwykle funkcjonalny."
Flexible Stand 8604,"Prosty, ale niezwykle funkcjonalny. idealny do codziennego użytku w domu i biurze."
Eco-Safe Razor 971,"Lekki, a jednocześnie wyjątkowo solidny. idealny do codziennego użytku w domu i biurze."
Smart-Enabled Cover 1397,Zaprojektowany z myślą o komforcie użytkownika.
Waterproof Bottle 4724,"Prosty, ale niezwykle funkcjonalny. świetnie sprawdza się w podróży i codziennym użytkowaniu."
Eco-Safe Frame 5463,Nowoczesny design pasujący do każdego wnętrza.
Elegant Necklace 740,"Lekki, a jednocześnie wyjątkowo solidny."
Sustainable Ring 6038,Nowoczesny design pasujący do każdego wnętrza. nowoczesny design pasujący do każdego wnętrza.
Sustainable Camera 3465,Świetnie sprawdza się w podróży i codziennym użytkowaniu.
Wireless Bench 9228,Doskonały jako prezent dla bliskiej osoby.
Ergonomic Shoe 2875,"Prosty, ale niezwykle funkcjonalny. dzięki kompaktowym wymiarom łatwy do przenoszenia."
Efficient Plate 3668,Nowoczesny design pasujący do każdego wnętrza. zaprojektowany z myślą o komforcie użytkownika.
Portable Basket 8349,"Zaprojektowany z myślą o komforcie użytkownika. prosty, ale niezwykle funkcjonalny."
Compact Charger 4928,"Dzięki kompaktowym wymiarom łatwy do przenoszenia. prosty, ale niezwykle funkcjonalny."
Durable Glasses 650,Łatwy w utrzymaniu czystości i bardzo praktyczny.
Magnetic Cover 2115,"Lekki, a jednocześnie wyjątkowo solidny. dzięki kompaktowym wymiarom łatwy do przenoszenia."
Luxury Notebook 6880,Zaprojektowany z myślą o komforcie użytkownika. nowoczesny design pasujący do każdego wnętrza.
Modern Camera 8797,"Łatwy w utrzymaniu czystości i bardzo praktyczny. lekki, a jednocześnie wyjątkowo solidny."
Stylish Bag 1903,Idealny do codziennego użytku w domu i biurze.
Practical Umbrella 9702,Łatwy w utrzymaniu czystości i bardzo praktyczny. dzięki kompaktowym wymiarom łatwy do przenoszenia.
Dynamic Mug 113,Doskonały jako prezent dla bliskiej osoby.
Practical Mouse 5050,"Lekki, a jednocześnie wyjątkowo solidny."
Stylish Tool 9785,Łatwy w utrzymaniu czystości i bardzo praktyczny. zaprojektowany z myślą o komforcie użytkownika.
Modern Umbrella 7041,"Lekki, a jednocześnie wyjątkowo solidny."
Portable Backpack 1675,Nowoczesny design pasujący do każdego wnętrza. nowoczesny design pasujący do każdego wnętrza.
Premium-Grade Chair 9940,Świetnie sprawdza się w podróży i codziennym użytkowaniu. idealny do codziennego użytku w domu i biurze.
Balanced Backpack 2619,Dzięki kompaktowym wymiarom łatwy do przenoszenia. wykonany z wysokiej jakości materiałów zapewniających trwałość.
Eco-Friendly Drill 5745,"Dzięki kompaktowym wymiarom łatwy do przenoszenia. prosty, ale niezwykle funkcjonalny."
Versatile Brush 8221,Doskonały jako prezent dla bliskiej osoby.
Durable Brush 4513,Łatwy w utrzymaniu czystości i bardzo praktyczny. nowoczesny design pasujący do każdego wnętrza.
Strong Notebook 2799,Idealny do codziennego użytku w domu i biurze. świetnie sprawdza się w podróży i codziennym użytkowaniu.
Lightweight Chair 3745,"Prosty, ale niezwykle funkcjonalny."
Multi-Functional Scarf 6606,"Prosty, ale niezwykle funkcjonalny."
Refined Drone 9304,Dzięki kompaktowym wymiarom łatwy do przenoszenia.
High-Quality Toy 2554,Nowoczesny design pasujący do każdego wnętrza.
Innovative Cushion 388,Zaprojektowany z myślą o komforcie użytkownika. świetnie sprawdza się w podróży i codziennym użytkowaniu.
Modern Screen 3498,Nowoczesny design pasujący do każdego wnętrza.
Lightweight Scarf 5009,Świetnie sprawdza się w podróży i codziennym użytkowaniu.
Eco-Safe Ring 3090,Dzięki kompaktowym wymiarom łatwy do przenoszenia. zaprojektowany z myślą o komforcie użytkownika.
Noise-Cancelling Bottle 2183,"Prosty, ale niezwykle funkcjonalny."
Ultra-Light Pillow 4969,Świetnie sprawdza się w podróży i codziennym użytkowaniu.
Rechargeable Mat 3314,Dzięki kompaktowym wymiarom łatwy do przenoszenia.
Colorful Mat 2003,Idealny do codziennego użytku w domu i biurze.
Premium-Grade Bench 2679,Doskonały jako prezent dla bliskiej osoby. zaprojektowany z myślą o komforcie użytkownika.
High-Quality Notebook 6429,Zaprojektowany z myślą o komforcie użytkownika. dzięki kompaktowym wymiarom łatwy do przenoszenia.
Portable Bottle 16,Świetnie sprawdza się w podróży i codziennym użytkowaniu.
Efficient Screen 8692,"Prosty, ale niezwykle funkcjonalny."
Reliable Powerbank 1958,Świetnie sprawdza się w podróży i codziennym użytkowaniu. świetnie sprawdza się w podróży i codziennym użytkowaniu.
Smart-Enabled Towel 4715,"Lekki, a jednocześnie wyjątkowo solidny. wykonany z wysokiej jakości materiałów zapewniających trwałość."
Foldable Table 6770,Łatwy w utrzymaniu czystości i bardzo praktyczny. wykonany z wysokiej jakości materiałów zapewniających trwałość.
Smart-Enabled Bottle 2215,"Lekki, a jednocześnie wyjątkowo solidny."
Dynamic Mirror 7826,Doskonały jako prezent dla bliskiej osoby. wykonany z wysokiej jakości materiałów zapewniających trwałość.
Eco-Safe Bottle 9627,"Idealny do codziennego użytku w domu i biurze. prosty, ale niezwykle funkcjonalny."
Noise-Cancelling Cover 4841,Zaprojektowany z myślą o komforcie użytkownika. dzięki kompaktowym wymiarom łatwy do przenoszenia.
Strong Jacket 4809,Wykonany z wysokiej jakości materiałów zapewniających trwałość.
Reliable Case 4607,Nowoczesny design pasujący do każdego wnętrza. świetnie sprawdza się w podróży i codziennym użytkowaniu.
Wireless Cushion 3111,Wykonany z wysokiej jakości materiałów zapewniających trwałość.
Advanced Scarf 559,Łatwy w utrzymaniu czystości i bardzo praktyczny.
Elegant Cover 9288,Idealny do codziennego użytku w domu i biurze.
Premium-Grade Pen 1176,Świetnie sprawdza się w podróży i codziennym użytkowaniu.
Dynamic Notebook 1341,Wykonany z wysokiej jakości materiałów zapewniających trwałość. świetnie sprawdza się w podróży i codziennym użytkowaniu.
Rechargeable Charger 1767,Zaprojektowany z myślą o komforcie użytkownika.
Robust Case 1463,"Doskonały jako prezent dla bliskiej osoby. prosty, ale niezwykle funkcjonalny."
Eco-Friendly Belt 3756,Zaprojektowany z myślą o komforcie użytkownika.
Strong Mirror 4759,Łatwy w utrzymaniu czystości i bardzo praktyczny.
Foldable Bottle 3822,"Lekki, a jednocześnie wyjątkowo solidny. dzięki kompaktowym wymiarom łatwy do przenoszenia."
Durable Glasses 304,"Dzięki kompaktowym wymiarom łatwy do przenoszenia. prosty, ale niezwykle funkcjonalny."
Multi-Functional Brush 4412,Nowoczesny design pasujący do każdego wnętrza. świetnie sprawdza się w podróży i codziennym użytkowaniu.
Eco-Friendly Keyboard 5023,Wykonany z wysokiej jakości materiałów zapewniających trwałość. wykonany z wysokiej jakości materiałów zapewniających trwałość.
Elegant Container 2091,Łatwy w utrzymaniu czystości i bardzo praktyczny.
Balanced Phone 4272,Łatwy w utrzymaniu czystości i bardzo praktyczny.
Advanced Keyboard 752,Dzięki kompaktowym wymiarom łatwy do przenoszenia.
Energy-Saving Mat 2028,Świetnie sprawdza się w podróży i codziennym użytkowaniu.
Adjustable Basket 7736,Doskonały jako prezent dla bliskiej osoby. zaprojektowany z myślą o komforcie użytkownika.
Sustainable Clock 4774,Świetnie sprawdza się w podróży i codziennym użytkowaniu.
Minimalist Mat 8921,Doskonały jako prezent dla bliskiej osoby.
Affordable Ring 4212,Zaprojektowany z myślą o komforcie użytkownika.
High-Quality Glove 4467,"Prosty, ale niezwykle funkcjonalny."
Precision Shelf 4005,"Lekki, a jednocześnie wyjątkowo solidny."
Advanced Shelf 3543,"Prosty, ale niezwykle funkcjonalny. dzięki kompaktowym wymiarom łatwy do przenoszenia."
Compact Phone 6043,"Prosty, ale niezwykle funkcjonalny. wykonany z wysokiej jakości materiałów zapewniających trwałość."
Colorful Ring 5292,"Idealny do codziennego użytku w domu i biurze. prosty, ale niezwykle funkcjonalny."
Affordable Blanket 2098,Świetnie sprawdza się w podróży i codziennym użytkowaniu.
Strong Pillow 5114,Zaprojektowany z myślą o komforcie użytkownika. świetnie sprawdza się w podróży i codziennym użytkowaniu.
Flexible Shoe 4215,Doskonały jako prezent dla bliskiej osoby.
Comfortable Phone 4269,Doskonały jako prezent dla bliskiej osoby.
Modern Holder 2023,"Wykonany z wysokiej jakości materiałów zapewniających trwałość. prosty, ale niezwykle funkcjonalny."
Waterproof Towel 2516,Świetnie sprawdza się w podróży i codziennym użytkowaniu.
Multi-Functional Fan 1754,"Lekki, a jednocześnie wyjątkowo solidny."
Flexible Mug 7865,Dzięki kompaktowym wymiarom łatwy do przenoszenia. nowoczesny design pasujący do każdego wnętrza.
Lightweight Notebook 4668,"Prosty, ale niezwykle funkcjonalny."
Noise-Cancelling Brush 6505,"Prosty, ale niezwykle funkcjonalny."
Affordable Shelf 6992,Łatwy w utrzymaniu czystości i bardzo praktyczny. łatwy w utrzymaniu czystości i bardzo praktyczny.
Dynamic Box 4651,Wykonany z wysokiej jakości materiałów zapewniających trwałość. doskonały jako prezent dla bliskiej osoby.
Refined Case 5598,Doskonały jako prezent dla bliskiej osoby.
Practical Towel 7702,Dzięki kompaktowym wymiarom łatwy do przenoszenia.
Eco-Friendly Belt 396,Świetnie sprawdza się w podróży i codziennym użytkowaniu.
Modern Monitor 2916,Wykonany z wysokiej jakości materiałów zapewniających trwałość. wykonany z wysokiej jakości materiałów zapewniających trwałość.
Smart Monitor 8589,Idealny do codziennego użytku w domu i biurze.
Ultra-Light Clock 4245,"Prosty, ale niezwykle funkcjonalny. zaprojektowany z myślą o komforcie użytkownika."
Strong Bag 8332,Nowoczesny design pasujący do każdego wnętrza.
Noise-Cancelling Shelf 6592,Świetnie sprawdza się w podróży i codziennym użytkowaniu.
Eco-Friendly Bicycle 2411,Świetnie sprawdza się w podróży i codziennym użytkowaniu.
Reliable Mug 2824,Idealny do codziennego użytku w domu i biurze. idealny do codziennego użytku w domu i biurze.
Strong Cover 1012,Idealny do codziennego użytku w domu i biurze. idealny do codziennego użytku w domu i biurze.
Stylish Razor 1160,Dzięki kompaktowym wymiarom łatwy do przenoszenia.
Innovative Plate 4683,Świetnie sprawdza się w podróży i codziennym użytkowaniu. zaprojektowany z myślą o komforcie użytkownika.
Practical Headphones 290,Idealny do codziennego użytku w domu i biurze. nowoczesny design pasujący do każdego wnętrza.
Eco-Conscious Bicycle 5177,Nowoczesny design pasujący do każdego wnętrza.
Ergonomic Drill 6994,Wykonany z wysokiej jakości materiałów zapewniających trwałość.
Robust Necklace 1951,"Prosty, ale niezwykle funkcjonalny."
Lightweight Bicycle 7254,Zaprojektowany z myślą o komforcie użytkownika.
Eco-Conscious Holder 1648,Idealny do codziennego użytku w domu i biurze.
Sustainable Towel 6013,Łatwy w utrzymaniu czystości i bardzo praktyczny. wykonany z wysokiej jakości materiałów zapewniających trwałość.
Robust Container 4780,Zaprojektowany z myślą o komforcie użytkownika.
Stylish Tripod 3717,Idealny do codziennego użytku w domu i biurze. zaprojektowany z myślą o komforcie użytkownika.
Balanced Scarf 858,Wykonany z wysokiej jakości materiałów zapewniających trwałość.
Waterproof Toy 3477,"Lekki, a jednocześnie wyjątkowo solidny."
Sustainable Pillow 2819,Doskonały jako prezent dla bliskiej osoby.
Powerful Bag 3588,Świetnie sprawdza się w podróży i codziennym użytkowaniu.
Rechargeable Shoe 3030,Doskonały jako prezent dla bliskiej osoby.
Reliable Ring 2491,Dzięki kompaktowym wymiarom łatwy do przenoszenia. świetnie sprawdza się w podróży i codziennym użytkowaniu.
Minimalist Frame 669,"Lekki, a jednocześnie wyjątkowo solidny. idealny do codziennego użytku w domu i biurze."
Refined Backpack 6380,Zaprojektowany z myślą o komforcie użytkownika. doskonały jako prezent dla bliskiej osoby.
Noise-Cancelling Router 3558,Łatwy w utrzymaniu czystości i bardzo praktyczny. świetnie sprawdza się w podróży i codziennym użytkowaniu.
Innovative Screen 178,"Prosty, ale niezwykle funkcjonalny. świetnie sprawdza się w podróży i codziennym użytkowaniu."
Energy-Saving Pillow 1579,Wykonany z wysokiej jakości materiałów zapewniających trwałość. wykonany z wysokiej jakości materiałów zapewniających trwałość.
Portable Bottle 2055,Idealny do codziennego użytku w domu i biurze.
Modern Cushion 2587,Łatwy w utrzymaniu czystości i bardzo praktyczny.
Magnetic Box 5488,Zaprojektowany z myślą o komforcie użytkownika.
Eco-Friendly Blanket 1325,"Lekki, a jednocześnie wyjątkowo solidny. dzięki kompaktowym wymiarom łatwy do przenoszenia."
Eco-Conscious Bicycle 1661,Wykonany z wysokiej jakości materiałów zapewniających trwałość. dzięki kompaktowym wymiarom łatwy do przenoszenia.
Innovative Frame 3733,"Lekki, a jednocześnie wyjątkowo solidny."
Rechargeable Shelf 7956,Nowoczesny design pasujący do każdego wnętrza.
Portable Fan 7652,"Lekki, a jednocześnie wyjątkowo solidny."
Strong Printer 8640,Świetnie sprawdza się w podróży i codziennym użytkowaniu. doskonały jako prezent dla bliskiej osoby.
Minimalist Tripod 8696,Łatwy w utrzymaniu czystości i bardzo praktyczny. nowoczesny design pasujący do każdego wnętrza.
Strong Cover 3511,"Lekki, a jednocześnie wyjątkowo solidny. nowoczesny design pasujący do każdego wnętrza."
Strong Case 2099,"Idealny do codziennego użytku w domu i biurze. prosty, ale niezwykle funkcjonalny."
Elegant Glasses 7536,"Lekki, a jednocześnie wyjątkowo solidny."
Customizable Mirror 8087,Dzięki kompaktowym wymiarom łatwy do przenoszenia. łatwy w utrzymaniu czystości i bardzo praktyczny.
Compact Shelf 3164,Doskonały jako prezent dla bliskiej osoby.
Classic Keyboard 8168,"Lekki, a jednocześnie wyjątkowo solidny."
Dynamic Bench 9818,Dzięki kompaktowym wymiarom łatwy do przenoszenia.
Compact Container 4362,Świetnie sprawdza się w podróży i codziennym użytkowaniu.
Ergonomic Frame 9439,"Lekki, a jednocześnie wyjątkowo solidny. lekki, a jednocześnie wyjątkowo solidny."
Eco-Safe Holder 6825,"Idealny do codziennego użytku w domu i biurze. lekki, a jednocześnie wyjątkowo solidny."
Rechargeable Camera 1493,Nowoczesny design pasujący do każdego wnętrza.
Premium Cushion 7540,Świetnie sprawdza się w podróży i codziennym użytkowaniu. dzięki kompaktowym wymiarom łatwy do przenoszenia.
Minimalist Charger 3002,"Prosty, ale niezwykle funkcjonalny."
Innovative Jacket 5728,Świetnie sprawdza się w podróży i codziennym użytkowaniu.
Affordable Tripod 5209,Doskonały jako prezent dla bliskiej osoby.
Energy-Saving Jacket 6612,Doskonały jako prezent dla bliskiej osoby.
Durable Jacket 6606,Dzięki kompaktowym wymiarom łatwy do przenoszenia. wykonany z wysokiej jakości materiałów zapewniających trwałość.
Energy-Saving Fan 9622,Świetnie sprawdza się w podróży i codziennym użytkowaniu.
Flexible Backpack 3677,"Doskonały jako prezent dla bliskiej osoby. lekki, a jednocześnie wyjątkowo solidny."
Strong Phone 8350,Nowoczesny design pasujący do każdego wnętrza. idealny do codziennego użytku w domu i biurze.
Ultra-Light Headphones 4710,Nowoczesny design pasujący do każdego wnętrza.
Foldable Cushion 1771,Dzięki kompaktowym wymiarom łatwy do przenoszenia. nowoczesny design pasujący do każdego wnętrza.
Refined Toy 9456,"Łatwy w utrzymaniu czystości i bardzo praktyczny. prosty, ale niezwykle funkcjonalny."
Eco-Conscious Tablet 2697,Zaprojektowany z myślą o komforcie użytkownika. świetnie sprawdza się w podróży i codziennym użytkowaniu.
Colorful Drill 1631,Świetnie sprawdza się w podróży i codziennym użytkowaniu.
Magnetic Cup 4877,Idealny do codziennego użytku w domu i biurze.
Lightweight Umbrella 7756,Świetnie sprawdza się w podróży i codziennym użytkowaniu. świetnie sprawdza się w podróży i codziennym użytkowaniu.
Eco-Conscious Bench 451,"Prosty, ale niezwykle funkcjonalny."
Ergonomic Bottle 3540,Łatwy w utrzymaniu czystości i bardzo praktyczny. łatwy w utrzymaniu czystości i bardzo praktyczny.
Versatile Charger 7672,Świetnie sprawdza się w podróży i codziennym użytkowaniu.
Reliable Monitor 5157,Wykonany z wysokiej jakości materiałów zapewniających trwałość.
Sustainable Bag 8997,"Nowoczesny design pasujący do każdego wnętrza. prosty, ale niezwykle funkcjonalny."
Customizable Flashlight 5704,"Prosty, ale niezwykle funkcjonalny. łatwy w utrzymaniu czystości i bardzo praktyczny."
Innovative Brush 8731,Nowoczesny design pasujący do każdego wnętrza. świetnie sprawdza się w podróży i codziennym użytkowaniu.
Durable Mirror 8455,Łatwy w utrzymaniu czystości i bardzo praktyczny. idealny do codziennego użytku w domu i biurze.
Colorful Shelf 2309,"Prosty, ale niezwykle funkcjonalny."
Ultra-Light Container 3519,Wykonany z wysokiej jakości materiałów zapewniających trwałość.
Sustainable Headphones 5983,Doskonały jako prezent dla bliskiej osoby.
Wireless Powerbank 1673,Nowoczesny design pasujący do każdego wnętrza. zaprojektowany z myślą o komforcie użytkownika.
Reliable Speaker 7520,Zaprojektowany z myślą o komforcie użytkownika. nowoczesny design pasujący do każdego wnętrza.
Multi-Functional Fan 3374,Łatwy w utrzymaniu czystości i bardzo praktyczny.
Refined Shoe 4686,Dzięki kompaktowym wymiarom łatwy do przenoszenia. dzięki kompaktowym wymiarom łatwy do przenoszenia.
High-Quality Charger 2891,Doskonały jako prezent dla bliskiej osoby. łatwy w utrzymaniu czystości i bardzo praktyczny.
Flexible Basket 6802,Dzięki kompaktowym wymiarom łatwy do przenoszenia.
Dynamic Pillow 547,Idealny do codziennego użytku w domu i biurze.
Efficient Mirror 3253,Idealny do codziennego użytku w domu i biurze. łatwy w utrzymaniu czystości i bardzo praktyczny.
Premium-Grade Glasses 8059,Wykonany z wysokiej jakości materiałów zapewniających trwałość.
Eco-Conscious Phone 8441,Łatwy w utrzymaniu czystości i bardzo praktyczny. doskonały jako prezent dla bliskiej osoby.
Efficient Basket 7693,Nowoczesny design pasujący do każdego wnętrza. świetnie sprawdza się w podróży i codziennym użytkowaniu.
Elegant Backpack 989,Doskonały jako prezent dla bliskiej osoby. doskonały jako prezent dla bliskiej osoby.
Rechargeable Mat 1,Wykonany z wysokiej jakości materiałów zapewniających trwałość.
Robust Pen 1976,Dzięki kompaktowym wymiarom łatwy do przenoszenia.
Multi-Functional Fan 2842,Nowoczesny design pasujący do każdego wnętrza.
Stylish Belt 7094,Doskonały jako prezent dla bliskiej osoby.
Colorful Printer 856,Zaprojektowany z myślą o komforcie użytkownika. łatwy w utrzymaniu czystości i bardzo praktyczny.
Lightweight Keyboard 7562,Doskonały jako prezent dla bliskiej osoby.
Powerful Pen 2119,Świetnie sprawdza się w podróży i codziennym użytkowaniu.
Advanced Jacket 8996,"Prosty, ale niezwykle funkcjonalny."
Practical Bench 1671,"Lekki, a jednocześnie wyjątkowo solidny. idealny do codziennego użytku w domu i biurze."
Innovative Belt 7263,Wykonany z wysokiej jakości materiałów zapewniających trwałość.
Strong Bottle 9176,Dzięki kompaktowym wymiarom łatwy do przenoszenia.
Comfortable Wallet 8187,"Lekki, a jednocześnie wyjątkowo solidny."
Colorful Cushion 2419,Świetnie sprawdza się w podróży i codziennym użytkowaniu.
Energy-Saving Chair 7051,"Prosty, ale niezwykle funkcjonalny. łatwy w utrzymaniu czystości i bardzo praktyczny."
Efficient Basket 153,Świetnie sprawdza się w podróży i codziennym użytkowaniu.
Strong Tablet 9639,"Lekki, a jednocześnie wyjątkowo solidny. prosty, ale niezwykle funkcjonalny."
Durable Case 2478,Idealny do codziennego użytku w domu i biurze. wykonany z wysokiej jakości materiałów zapewniających trwałość.
Ergonomic Monitor 7385,Wykonany z wysokiej jakości materiałów zapewniających trwałość. idealny do codziennego użytku w domu i biurze.
Smart Mug 6470,"Prosty, ale niezwykle funkcjonalny. wykonany z wysokiej jakości materiałów zapewniających trwałość."
Efficient Scarf 6588,Łatwy w utrzymaniu czystości i bardzo praktyczny. zaprojektowany z myślą o komforcie użytkownika.
Reliable Powerbank 4530,Idealny do codziennego użytku w domu i biurze. łatwy w utrzymaniu czystości i bardzo praktyczny.
Strong Stand 4918,"Prosty, ale niezwykle funkcjonalny."
Adjustable Keyboard 6831,Doskonały jako prezent dla bliskiej osoby.
Noise-Cancelling Box 5126,Dzięki kompaktowym wymiarom łatwy do przenoszenia.
Multi-Functional Shelf 9955,Łatwy w utrzymaniu czystości i bardzo praktyczny. dzięki kompaktowym wymiarom łatwy do przenoszenia.
Sustainable Blanket 6863,Doskonały jako prezent dla bliskiej osoby. łatwy w utrzymaniu czystości i bardzo praktyczny.
Affordable Mug 7488,"Zaprojektowany z myślą o komforcie użytkownika. lekki, a jednocześnie wyjątkowo solidny."
Multi-Functional Mat 685,Doskonały jako prezent dla bliskiej osoby.
Compact Screen 2174,"Lekki, a jednocześnie wyjątkowo solidny. zaprojektowany z myślą o komforcie użytkownika."
Foldable Shelf 9913,Dzięki kompaktowym wymiarom łatwy do przenoszenia. zaprojektowany z myślą o komforcie użytkownika.
Flexible Scarf 1121,Zaprojektowany z myślą o komforcie użytkownika.
Colorful Chair 5243,Dzięki kompaktowym wymiarom łatwy do przenoszenia. dzięki kompaktowym wymiarom łatwy do przenoszenia.
Transparent Chair 5595,Łatwy w utrzymaniu czystości i bardzo praktyczny.
Premium Mirror 1728,"Lekki, a jednocześnie wyjątkowo solidny. świetnie sprawdza się w podróży i codziennym użytkowaniu."
Colorful Phone 3372,"Lekki, a jednocześnie wyjątkowo solidny. nowoczesny design pasujący do każdego wnętrza."
Adjustable Router 2941,Nowoczesny design pasujący do każdego wnętrza.
Energy-Saving Clock 6494,"Lekki, a jednocześnie wyjątkowo solidny. prosty, ale niezwykle funkcjonalny."
Lightweight Blanket 1797,"Prosty, ale niezwykle funkcjonalny."
Energy-Saving Scarf 8541,"Idealny do codziennego użytku w domu i biurze. prosty, ale niezwykle funkcjonalny."
Transparent Belt 5379,"Prosty, ale niezwykle funkcjonalny."
Versatile Monitor 8329,Wykonany z wysokiej jakości materiałów zapewniających trwałość. świetnie sprawdza się w podróży i codziennym użytkowaniu.
Adjustable Notebook 5009,Łatwy w utrzymaniu czystości i bardzo praktyczny. łatwy w utrzymaniu czystości i bardzo praktyczny.
Affordable Box 6073,Doskonały jako prezent dla bliskiej osoby. łatwy w utrzymaniu czystości i bardzo praktyczny.
Magnetic Router 8655,Łatwy w utrzymaniu czystości i bardzo praktyczny.
Noise-Cancelling Mat 5887,Świetnie sprawdza się w podróży i codziennym użytkowaniu.
Modern Frame 9024,Idealny do codziennego użytku w domu i biurze. dzięki kompaktowym wymiarom łatwy do przenoszenia.
Powerful Shoe 4140,Świetnie sprawdza się w podróży i codziennym użytkowaniu. zaprojektowany z myślą o komforcie użytkownika.
Affordable Toy 7455,Wykonany z wysokiej jakości materiałów zapewniających trwałość.
Waterproof Shelf 4400,"Prosty, ale niezwykle funkcjonalny. lekki, a jednocześnie wyjątkowo solidny."
Affordable Brush 5078,Nowoczesny design pasujący do każdego wnętrza. idealny do codziennego użytku w domu i biurze.
Noise-Cancelling Glasses 895,"Świetnie sprawdza się w podróży i codziennym użytkowaniu. lekki, a jednocześnie wyjątkowo solidny."
Wireless Necklace 3431,Wykonany z wysokiej jakości materiałów zapewniających trwałość. nowoczesny design pasujący do każdego wnętrza.
Eco-Conscious Chair 4102,"Lekki, a jednocześnie wyjątkowo solidny. zaprojektowany z myślą o komforcie użytkownika."
Noise-Cancelling Scarf 9577,"Doskonały jako prezent dla bliskiej osoby. lekki, a jednocześnie wyjątkowo solidny."
Customizable Watch 2328,"Lekki, a jednocześnie wyjątkowo solidny. doskonały jako prezent dla bliskiej osoby."
Eco-Safe Blanket 4160,Świetnie sprawdza się w podróży i codziennym użytkowaniu.
Elegant Towel 8631,Wykonany z wysokiej jakości materiałów zapewniających trwałość. dzięki kompaktowym wymiarom łatwy do przenoszenia.
Multi-Functional Brush 7664,Dzięki kompaktowym wymiarom łatwy do przenoszenia.
Premium-Grade Cable 7834,Świetnie sprawdza się w podróży i codziennym użytkowaniu.
Innovative Tripod 4579,"Lekki, a jednocześnie wyjątkowo solidny."
Affordable Bag 1504,Dzięki kompaktowym wymiarom łatwy do przenoszenia.
Foldable Phone 9596,Wykonany z wysokiej jakości materiałów zapewniających trwałość.
Durable Screen 1121,"Prosty, ale niezwykle funkcjonalny."
Ergonomic Basket 9432,"Prosty, ale niezwykle funkcjonalny. dzięki kompaktowym wymiarom łatwy do przenoszenia."
Refined Table 2200,"Lekki, a jednocześnie wyjątkowo solidny."
Compact Glove 6086,Wykonany z wysokiej jakości materiałów zapewniających trwałość.
Eco-Friendly Stand 3399,Świetnie sprawdza się w podróży i codziennym użytkowaniu. doskonały jako prezent dla bliskiej osoby.
Strong Bench 2669,Nowoczesny design pasujący do każdego wnętrza.
Minimalist Tripod 2870,Doskonały jako prezent dla bliskiej osoby.
Soft Bag 9535,"Prosty, ale niezwykle funkcjonalny."
Powerful Charger 4303,Łatwy w utrzymaniu czystości i bardzo praktyczny. idealny do codziennego użytku w domu i biurze.
Colorful Glove 752,Zaprojektowany z myślą o komforcie użytkownika. idealny do codziennego użytku w domu i biurze.
Eco-Safe Camera 3723,"Lekki, a jednocześnie wyjątkowo solidny. nowoczesny design pasujący do każdego wnętrza."
Balanced Scarf 614,"Prosty, ale niezwykle funkcjonalny."
Affordable Necklace 927,Zaprojektowany z myślą o komforcie użytkownika. dzięki kompaktowym wymiarom łatwy do przenoszenia.
Ultra-Light Belt 7711,Zaprojektowany z myślą o komforcie użytkownika. zaprojektowany z myślą o komforcie użytkownika.
Multi-Functional Scarf 6823,Doskonały jako prezent dla bliskiej osoby.
Smart-Enabled Tripod 3540,Doskonały jako prezent dla bliskiej osoby. idealny do codziennego użytku w domu i biurze.
Affordable Fan 1662,Wykonany z wysokiej jakości materiałów zapewniających trwałość.
Smart-Enabled Wallet 3972,Świetnie sprawdza się w podróży i codziennym użytkowaniu. świetnie sprawdza się w podróży i codziennym użytkowaniu.
Smart-Enabled Mat 2308,Wykonany z wysokiej jakości materiałów zapewniających trwałość. idealny do codziennego użytku w domu i biurze.
Lightweight Towel 4925,Idealny do codziennego użytku w domu i biurze.
Multi-Functional Glasses 8404,Nowoczesny design pasujący do każdego wnętrza. świetnie sprawdza się w podróży i codziennym użytkowaniu.
Eco-Friendly Toy 4327,"Lekki, a jednocześnie wyjątkowo solidny."
Balanced Mirror 9353,"Prosty, ale niezwykle funkcjonalny. idealny do codziennego użytku w domu i biurze."
Practical Speaker 7943,Wykonany z wysokiej jakości materiałów zapewniających trwałość. dzięki kompaktowym wymiarom łatwy do przenoszenia.
Efficient Bottle 3360,"Lekki, a jednocześnie wyjątkowo solidny."
Foldable Glove 3711,"Lekki, a jednocześnie wyjątkowo solidny."
Waterproof Mug 2862,"Lekki, a jednocześnie wyjątkowo solidny. idealny do codziennego użytku w domu i biurze."
Versatile Bottle 4928,Doskonały jako prezent dla bliskiej osoby.
Eco-Safe Bottle 8999,Nowoczesny design pasujący do każdego wnętrza. dzięki kompaktowym wymiarom łatwy do przenoszenia.
Transparent Camera 2297,Idealny do codziennego użytku w domu i biurze.
Waterproof Notebook 3556,Dzięki kompaktowym wymiarom łatwy do przenoszenia. zaprojektowany z myślą o komforcie użytkownika.
Innovative Towel 2328,"Doskonały jako prezent dla bliskiej osoby. prosty, ale niezwykle funkcjonalny."
Wireless Cover 4945,"Prosty, ale niezwykle funkcjonalny. doskonały jako prezent dla bliskiej osoby."
Classic Wallet 6651,Łatwy w utrzymaniu czystości i bardzo praktyczny. wykonany z wysokiej jakości materiałów zapewniających trwałość.
Portable Tablet 5321,Łatwy w utrzymaniu czystości i bardzo praktyczny. nowoczesny design pasujący do każdego wnętrza.
Multi-Functional Shelf 4763,"Prosty, ale niezwykle funkcjonalny."
Lightweight Bottle 6582,"Lekki, a jednocześnie wyjątkowo solidny."
Colorful Chair 9544,"Prosty, ale niezwykle funkcjonalny. doskonały jako prezent dla bliskiej osoby."
Eco-Safe Basket 9344,"Prosty, ale niezwykle funkcjonalny. dzięki kompaktowym wymiarom łatwy do przenoszenia."
Stylish Headphones 408,Łatwy w utrzymaniu czystości i bardzo praktyczny. doskonały jako prezent dla bliskiej osoby.
Smart Stand 1084,Idealny do codziennego użytku w domu i biurze. wykonany z wysokiej jakości materiałów zapewniających trwałość.
Ultra-Light Backpack 2052,Doskonały jako prezent dla bliskiej osoby.
Customizable Clock 8076,Zaprojektowany z myślą o komforcie użytkownika.
Minimalist Glove 3789,Zaprojektowany z myślą o komforcie użytkownika.
Smart-Enabled Umbrella 4214,Doskonały jako prezent dla bliskiej osoby.
Powerful Ring 8536,"Lekki, a jednocześnie wyjątkowo solidny."
Luxury Glasses 2310,Idealny do codziennego użytku w domu i biurze.
Efficient Mouse 8203,Wykonany z wysokiej jakości materiałów zapewniających trwałość. nowoczesny design pasujący do każdego wnętrza.
Innovative Monitor 6452,"Prosty, ale niezwykle funkcjonalny."
Durable Mirror 4964,Nowoczesny design pasujący do każdego wnętrza.
Transparent Frame 6894,Nowoczesny design pasujący do każdego wnętrza. dzięki kompaktowym wymiarom łatwy do przenoszenia.
Refined Bottle 4905,"Prosty, ale niezwykle funkcjonalny."
Eco-Conscious Screen 6217,Idealny do codziennego użytku w domu i biurze. zaprojektowany z myślą o komforcie użytkownika.
Sustainable Headphones 3668,Zaprojektowany z myślą o komforcie użytkownika.
Classic Tripod 6938,Dzięki kompaktowym wymiarom łatwy do przenoszenia.
Smart-Enabled Jacket 5981,Dzięki kompaktowym wymiarom łatwy do przenoszenia.
Comfortable Charger 6307,Wykonany z wysokiej jakości materiałów zapewniających trwałość. świetnie sprawdza się w podróży i codziennym użytkowaniu.
Eco-Conscious Notebook 5789,"Nowoczesny design pasujący do każdego wnętrza. prosty, ale niezwykle funkcjonalny."
Dynamic Toy 3599,Łatwy w utrzymaniu czystości i bardzo praktyczny. zaprojektowany z myślą o komforcie użytkownika.
Dynamic Mouse 7549,Wykonany z wysokiej jakości materiałów zapewniających trwałość.
Premium-Grade Headphones 8292,Łatwy w utrzymaniu czystości i bardzo praktyczny. łatwy w utrzymaniu czystości i bardzo praktyczny.
Customizable Box 1308,Nowoczesny design pasujący do każdego wnętrza.
Sustainable Shoe 3919,Łatwy w utrzymaniu czystości i bardzo praktyczny.
Eco-Safe Towel 2651,Idealny do codziennego użytku w domu i biurze.
Sustainable Brush 3847,Doskonały jako prezent dla bliskiej osoby. doskonały jako prezent dla bliskiej osoby.
Premium Shoe 4221,Łatwy w utrzymaniu czystości i bardzo praktyczny.
Waterproof Mat 3235,Świetnie sprawdza się w podróży i codziennym użytkowaniu.
Dynamic Cup 1064,Świetnie sprawdza się w podróży i codziennym użytkowaniu.
Wireless Table 5529,Idealny do codziennego użytku w domu i biurze.
Premium-Grade Holder 5360,"Lekki, a jednocześnie wyjątkowo solidny. prosty, ale niezwykle funkcjonalny."
Classic Drone 5128,Dzięki kompaktowym wymiarom łatwy do przenoszenia. nowoczesny design pasujący do każdego wnętrza.
Eco-Conscious Charger 1072,Łatwy w utrzymaniu czystości i bardzo praktyczny. idealny do codziennego użytku w domu i biurze.
Lightweight Razor 6508,Łatwy w utrzymaniu czystości i bardzo praktyczny. wykonany z wysokiej jakości materiałów zapewniających trwałość.
Flexible Cover 3314,"Prosty, ale niezwykle funkcjonalny. prosty, ale niezwykle funkcjonalny."
Elegant Bottle 4619,"Lekki, a jednocześnie wyjątkowo solidny."
Sustainable Chair 832,Łatwy w utrzymaniu czystości i bardzo praktyczny.
Eco-Conscious Glasses 5338,Zaprojektowany z myślą o komforcie użytkownika.
Minimalist Pen 7386,Nowoczesny design pasujący do każdego wnętrza. łatwy w utrzymaniu czystości i bardzo praktyczny.
Durable Notebook 5464,Doskonały jako prezent dla bliskiej osoby. idealny do codziennego użytku w domu i biurze.
Powerful Keyboard 15,Zaprojektowany z myślą o komforcie użytkownika.
Powerful Fan 6245,"Prosty, ale niezwykle funkcjonalny."
Robust Box 6092,Wykonany z wysokiej jakości materiałów zapewniających trwałość. zaprojektowany z myślą o komforcie użytkownika.
Soft Frame 901,Zaprojektowany z myślą o komforcie użytkownika. doskonały jako prezent dla bliskiej osoby.
Adjustable Notebook 2378,Doskonały jako prezent dla bliskiej osoby. zaprojektowany z myślą o komforcie użytkownika.
Ergonomic Screen 1526,Zaprojektowany z myślą o komforcie użytkownika.
Comfortable Camera 9674,"Lekki, a jednocześnie wyjątkowo solidny."
Eco-Conscious Shoe 572,Nowoczesny design pasujący do każdego wnętrza. świetnie sprawdza się w podróży i codziennym użytkowaniu.
Magnetic Chair 3863,"Lekki, a jednocześnie wyjątkowo solidny."
Eco-Friendly Mug 543,"Prosty, ale niezwykle funkcjonalny. doskonały jako prezent dla bliskiej osoby."
Ultra-Light Pen 2934,"Prosty, ale niezwykle funkcjonalny."
Stylish Router 8511,Świetnie sprawdza się w podróży i codziennym użytkowaniu.
Affordable Phone 8243,Idealny do codziennego użytku w domu i biurze. dzięki kompaktowym wymiarom łatwy do przenoszenia.
Minimalist Cushion 5803,Nowoczesny design pasujący do każdego wnętrza. doskonały jako prezent dla bliskiej osoby.
Stylish Speaker 8102,"Nowoczesny design pasujący do każdego wnętrza. prosty, ale niezwykle funkcjonalny."
Reliable Charger 1840,"Prosty, ale niezwykle funkcjonalny. świetnie sprawdza się w podróży i codziennym użytkowaniu."
Classic Ring 42,"Dzięki kompaktowym wymiarom łatwy do przenoszenia. prosty, ale niezwykle funkcjonalny."
Waterproof Cover 6537,Zaprojektowany z myślą o komforcie użytkownika.
Transparent Flashlight 5697,Zaprojektowany z myślą o komforcie użytkownika.
Soft Clock 1963,"Prosty, ale niezwykle funkcjonalny. lekki, a jednocześnie wyjątkowo solidny."
Smart Monitor 229,Łatwy w utrzymaniu czystości i bardzo praktyczny.
Waterproof Headphones 7575,Łatwy w utrzymaniu czystości i bardzo praktyczny.
Innovative Tablet 4902,"Wykonany z wysokiej jakości materiałów zapewniających trwałość. prosty, ale niezwykle funkcjonalny."
Powerful Plate 1152,Doskonały jako prezent dla bliskiej osoby.
Ultra-Light Bicycle 7592,Doskonały jako prezent dla bliskiej osoby.
Efficient Chair 2143,Nowoczesny design pasujący do każdego wnętrza. idealny do codziennego użytku w domu i biurze.
Classic Shelf 4545,Doskonały jako prezent dla bliskiej osoby.
Affordable Umbrella 9245,Idealny do codziennego użytku w domu i biurze.
Eco-Conscious Basket 1549,Zaprojektowany z myślą o komforcie użytkownika. wykonany z wysokiej jakości materiałów zapewniających trwałość.
Ultra-Light Umbrella 7169,"Lekki, a jednocześnie wyjątkowo solidny."
Soft Table 4516,"Doskonały jako prezent dla bliskiej osoby. prosty, ale niezwykle funkcjonalny."
Elegant Stand 3499,Zaprojektowany z myślą o komforcie użytkownika.
Powerful Table 726,"Prosty, ale niezwykle funkcjonalny."
Luxury Screen 1566,Nowoczesny design pasujący do każdego wnętrza.
Comfortable Screen 6787,Doskonały jako prezent dla bliskiej osoby.
Robust Headphones 8830,Dzięki kompaktowym wymiarom łatwy do przenoszenia. łatwy w utrzymaniu czystości i bardzo praktyczny.
Flexible Tool 7716,"Lekki, a jednocześnie wyjątkowo solidny. idealny do codziennego użytku w domu i biurze."
Customizable Brush 5014,Doskonały jako prezent dla bliskiej osoby. dzięki kompaktowym wymiarom łatwy do przenoszenia.
Smart Container 3815,"Lekki, a jednocześnie wyjątkowo solidny."
Comfortable Box 6190,"Świetnie sprawdza się w podróży i codziennym użytkowaniu. prosty, ale niezwykle funkcjonalny."
Flexible Cable 6987,"Prosty, ale niezwykle funkcjonalny. lekki, a jednocześnie wyjątkowo solidny."
Eco-Conscious Screen 4687,"Idealny do codziennego użytku w domu i biurze. prosty, ale niezwykle funkcjonalny."
Classic Tablet 4031,Nowoczesny design pasujący do każdego wnętrza.
Soft Cup 4959,Dzięki kompaktowym wymiarom łatwy do przenoszenia. wykonany z wysokiej jakości materiałów zapewniających trwałość.
Eco-Conscious Mat 8941,Zaprojektowany z myślą o komforcie użytkownika. zaprojektowany z myślą o komforcie użytkownika.
Soft Chair 5486,Idealny do codziennego użytku w domu i biurze.
High-Quality Case 6945,"Prosty, ale niezwykle funkcjonalny. prosty, ale niezwykle funkcjonalny."
Rechargeable Umbrella 1651,Dzięki kompaktowym wymiarom łatwy do przenoszenia. łatwy w utrzymaniu czystości i bardzo praktyczny.
Flexible Stand 5426,Doskonały jako prezent dla bliskiej osoby. doskonały jako prezent dla bliskiej osoby.
Minimalist Towel 5545,Łatwy w utrzymaniu czystości i bardzo praktyczny.
Rechargeable Shoe 8537,Nowoczesny design pasujący do każdego wnętrza. idealny do codziennego użytku w domu i biurze.
Premium-Grade Umbrella 261,Łatwy w utrzymaniu czystości i bardzo praktyczny. łatwy w utrzymaniu czystości i bardzo praktyczny.
Eco-Friendly Toy 2958,Zaprojektowany z myślą o komforcie użytkownika. łatwy w utrzymaniu czystości i bardzo praktyczny.
Eco-Friendly Blanket 3293,"Prosty, ale niezwykle funkcjonalny. nowoczesny design pasujący do każdego wnętrza."
Compact Printer 3002,Doskonały jako prezent dla bliskiej osoby. łatwy w utrzymaniu czystości i bardzo praktyczny.
Lightweight Notebook 9088,"Prosty, ale niezwykle funkcjonalny. zaprojektowany z myślą o komforcie użytkownika."
Wireless Pillow 4053,"Łatwy w utrzymaniu czystości i bardzo praktyczny. lekki, a jednocześnie wyjątkowo solidny."
Energy-Saving Pillow 70,Zaprojektowany z myślą o komforcie użytkownika. idealny do codziennego użytku w domu i biurze.
Smart Bench 8112,"Lekki, a jednocześnie wyjątkowo solidny."
Smart-Enabled Printer 8098,Wykonany z wysokiej jakości materiałów zapewniających trwałość.
Versatile Table 8849,Doskonały jako prezent dla bliskiej osoby. wykonany z wysokiej jakości materiałów zapewniających trwałość.
Classic Mirror 1675,Łatwy w utrzymaniu czystości i bardzo praktyczny.
Modern Jacket 6539,"Prosty, ale niezwykle funkcjonalny. zaprojektowany z myślą o komforcie użytkownika."
Practical Printer 3458,Dzięki kompaktowym wymiarom łatwy do przenoszenia.
Ultra-Light Holder 3210,"Doskonały jako prezent dla bliskiej osoby. lekki, a jednocześnie wyjątkowo solidny."
Elegant Cushion 5641,Świetnie sprawdza się w podróży i codziennym użytkowaniu. idealny do codziennego użytku w domu i biurze.
Eco-Conscious Tripod 2700,Dzięki kompaktowym wymiarom łatwy do przenoszenia. wykonany z wysokiej jakości materiałów zapewniających trwałość.
Colorful Brush 4565,Doskonały jako prezent dla bliskiej osoby.
Luxury Chair 98,"Doskonały jako prezent dla bliskiej osoby. prosty, ale niezwykle funkcjonalny."
Rechargeable Frame 5081,Wykonany z wysokiej jakości materiałów zapewniających trwałość. wykonany z wysokiej jakości materiałów zapewniających trwałość.
Luxury Glasses 4513,Nowoczesny design pasujący do każdego wnętrza.
Ergonomic Stand 2794,Doskonały jako prezent dla bliskiej osoby. świetnie sprawdza się w podróży i codziennym użytkowaniu.
Strong Shoe 7139,"Nowoczesny design pasujący do każdego wnętrza. prosty, ale niezwykle funkcjonalny."
Reliable Bench 5462,Łatwy w utrzymaniu czystości i bardzo praktyczny.
Adjustable Tripod 6073,Łatwy w utrzymaniu czystości i bardzo praktyczny.
Efficient Tripod 8375,Idealny do codziennego użytku w domu i biurze.
Colorful Speaker 5816,Doskonały jako prezent dla bliskiej osoby.
Foldable Brush 7537,"Lekki, a jednocześnie wyjątkowo solidny."
Ergonomic Cushion 3368,Świetnie sprawdza się w podróży i codziennym użytkowaniu.
Adjustable Jacket 2621,Doskonały jako prezent dla bliskiej osoby.
Practical Pillow 2023,Nowoczesny design pasujący do każdego wnętrza.
Classic Bag 2759,Nowoczesny design pasujący do każdego wnętrza. doskonały jako prezent dla bliskiej osoby.
Lightweight Case 3908,Doskonały jako prezent dla bliskiej osoby.
Stylish Belt 1618,Łatwy w utrzymaniu czystości i bardzo praktyczny.
Eco-Safe Keyboard 9384,"Zaprojektowany z myślą o komforcie użytkownika. lekki, a jednocześnie wyjątkowo solidny."
High-Quality Cable 911,Nowoczesny design pasujący do każdego wnętrza.
Advanced Cover 4786,Zaprojektowany z myślą o komforcie użytkownika.
Minimalist Mug 9244,Zaprojektowany z myślą o komforcie użytkownika.
Portable Bench 9035,Zaprojektowany z myślą o komforcie użytkownika.
Eco-Safe Cable 3373,Doskonały jako prezent dla bliskiej osoby.
Lightweight Screen 5699,"Lekki, a jednocześnie wyjątkowo solidny. zaprojektowany z myślą o komforcie użytkownika."
Soft Glasses 2590,Świetnie sprawdza się w podróży i codziennym użytkowaniu.
Durable Brush 2939,Zaprojektowany z myślą o komforcie użytkownika. idealny do codziennego użytku w domu i biurze.
Waterproof Flashlight 2913,Łatwy w utrzymaniu czystości i bardzo praktyczny. wykonany z wysokiej jakości materiałów zapewniających trwałość.
Durable Charger 7723,Doskonały jako prezent dla bliskiej osoby.
Flexible Box 2983,Doskonały jako prezent dla bliskiej osoby. doskonały jako prezent dla bliskiej osoby.
Balanced Mirror 145,Łatwy w utrzymaniu czystości i bardzo praktyczny.
High-Quality Bicycle 121,Idealny do codziennego użytku w domu i biurze. nowoczesny design pasujący do każdego wnętrza.
Sustainable Screen 1196,"Lekki, a jednocześnie wyjątkowo solidny."
Portable Cup 1926,"Nowoczesny design pasujący do każdego wnętrza. lekki, a jednocześnie wyjątkowo solidny."
Affordable Bench 2937,"Prosty, ale niezwykle funkcjonalny. prosty, ale niezwykle funkcjonalny."
Customizable Necklace 1326,Idealny do codziennego użytku w domu i biurze.
Elegant Cable 324,"Lekki, a jednocześnie wyjątkowo solidny. prosty, ale niezwykle funkcjonalny."
Advanced Screen 7652,Doskonały jako prezent dla bliskiej osoby.
High-Quality Cushion 1727,"Prosty, ale niezwykle funkcjonalny. nowoczesny design pasujący do każdego wnętrza."
Minimalist Mat 6394,Idealny do codziennego użytku w domu i biurze.
Noise-Cancelling Table 6843,"Świetnie sprawdza się w podróży i codziennym użytkowaniu. prosty, ale niezwykle funkcjonalny."
Rechargeable Ring 3115,"Lekki, a jednocześnie wyjątkowo solidny."
Soft Pen 3967,Wykonany z wysokiej jakości materiałów zapewniających trwałość. wykonany z wysokiej jakości materiałów zapewniających trwałość.
Smart Flashlight 5360,Idealny do codziennego użytku w domu i biurze. doskonały jako prezent dla bliskiej osoby.
Lightweight Printer 8153,"Lekki, a jednocześnie wyjątkowo solidny. doskonały jako prezent dla bliskiej osoby."
Multi-Functional Plate 2044,Nowoczesny design pasujący do każdego wnętrza. wykonany z wysokiej jakości materiałów zapewniających trwałość.
Premium-Grade Cable 8259,Idealny do codziennego użytku w domu i biurze.
Advanced Clock 6973,Doskonały jako prezent dla bliskiej osoby. wykonany z wysokiej jakości materiałów zapewniających trwałość.
Portable Pillow 8998,Idealny do codziennego użytku w domu i biurze.
Energy-Saving Table 1292,Nowoczesny design pasujący do każdego wnętrza. idealny do codziennego użytku w domu i biurze.
Ultra-Light Glasses 7825,"Prosty, ale niezwykle funkcjonalny."
Balanced Router 9523,Wykonany z wysokiej jakości materiałów zapewniających trwałość.
Multi-Functional Glove 8787,Idealny do codziennego użytku w domu i biurze.
Lightweight Holder 5006,Łatwy w utrzymaniu czystości i bardzo praktyczny. świetnie sprawdza się w podróży i codziennym użytkowaniu.
Transparent Cushion 6618,"Lekki, a jednocześnie wyjątkowo solidny. doskonały jako prezent dla bliskiej osoby."
Versatile Headphones 5460,Zaprojektowany z myślą o komforcie użytkownika.
Noise-Cancelling Jacket 2107,"Lekki, a jednocześnie wyjątkowo solidny. doskonały jako prezent dla bliskiej osoby."
Premium Frame 9143,Dzięki kompaktowym wymiarom łatwy do przenoszenia.
Waterproof Tripod 5846,Doskonały jako prezent dla bliskiej osoby. wykonany z wysokiej jakości materiałów zapewniających trwałość.
Ultra-Light Razor 7222,Dzięki kompaktowym wymiarom łatwy do przenoszenia.
Classic Cushion 3639,Wykonany z wysokiej jakości materiałów zapewniających trwałość.
Stylish Brush 461,Wykonany z wysokiej jakości materiałów zapewniających trwałość.
Efficient Watch 2717,Wykonany z wysokiej jakości materiałów zapewniających trwałość.
Eco-Safe Ring 8779,"Lekki, a jednocześnie wyjątkowo solidny. zaprojektowany z myślą o komforcie użytkownika."
Ergonomic Shoe 9785,"Prosty, ale niezwykle funkcjonalny."
Luxury Powerbank 6375,Wykonany z wysokiej jakości materiałów zapewniających trwałość.
Advanced Monitor 7200,Dzięki kompaktowym wymiarom łatwy do przenoszenia.
Soft Umbrella 283,Łatwy w utrzymaniu czystości i bardzo praktyczny. dzięki kompaktowym wymiarom łatwy do przenoszenia.
Balanced Phone 2874,Idealny do codziennego użytku w domu i biurze. wykonany z wysokiej jakości materiałów zapewniających trwałość.
Soft Phone 6837,"Prosty, ale niezwykle funkcjonalny. prosty, ale niezwykle funkcjonalny."
Comfortable Drill 4431,Świetnie sprawdza się w podróży i codziennym użytkowaniu. zaprojektowany z myślą o komforcie użytkownika.
Precision Mug 5372,"Dzięki kompaktowym wymiarom łatwy do przenoszenia. prosty, ale niezwykle funkcjonalny."
Premium-Grade Printer 7577,"Zaprojektowany z myślą o komforcie użytkownika. prosty, ale niezwykle funkcjonalny."
Noise-Cancelling Fan 6269,Zaprojektowany z myślą o komforcie użytkownika. idealny do codziennego użytku w domu i biurze.
Noise-Cancelling Drone 6154,Wykonany z wysokiej jakości materiałów zapewniających trwałość.
Smart Clock 7401,Wykonany z wysokiej jakości materiałów zapewniających trwałość. łatwy w utrzymaniu czystości i bardzo praktyczny.
High-Quality Pen 6714,Dzięki kompaktowym wymiarom łatwy do przenoszenia.
Ergonomic Bench 1896,"Lekki, a jednocześnie wyjątkowo solidny."
Ultra-Light Notebook 1799,Wykonany z wysokiej jakości materiałów zapewniających trwałość. wykonany z wysokiej jakości materiałów zapewniających trwałość.
Practical Razor 6180,Zaprojektowany z myślą o komforcie użytkownika.
Efficient Bicycle 2572,Idealny do codziennego użytku w domu i biurze. idealny do codziennego użytku w domu i biurze.
Premium Cable 9559,"Prosty, ale niezwykle funkcjonalny. wykonany z wysokiej jakości materiałów zapewniających trwałość."
Durable Watch 7357,Łatwy w utrzymaniu czystości i bardzo praktyczny. świetnie sprawdza się w podróży i codziennym użytkowaniu.
Portable Blanket 6204,Zaprojektowany z myślą o komforcie użytkownika. świetnie sprawdza się w podróży i codziennym użytkowaniu.
Soft Glasses 5405,"Idealny do codziennego użytku w domu i biurze. lekki, a jednocześnie wyjątkowo solidny."
Eco-Friendly Charger 8629,Dzięki kompaktowym wymiarom łatwy do przenoszenia.
Sustainable Container 3104,Nowoczesny design pasujący do każdego wnętrza. łatwy w utrzymaniu czystości i bardzo praktyczny.
Waterproof Pen 451,"Lekki, a jednocześnie wyjątkowo solidny."
Portable Towel 1084,Idealny do codziennego użytku w domu i biurze. idealny do codziennego użytku w domu i biurze.
Transparent Mug 5494,"Nowoczesny design pasujący do każdego wnętrza. lekki, a jednocześnie wyjątkowo solidny."
Minimalist Clock 2487,Łatwy w utrzymaniu czystości i bardzo praktyczny. świetnie sprawdza się w podróży i codziennym użytkowaniu.
Eco-Friendly Stand 9173,Nowoczesny design pasujący do każdego wnętrza. wykonany z wysokiej jakości materiałów zapewniających trwałość.
Soft Flashlight 2375,Zaprojektowany z myślą o komforcie użytkownika.
Eco-Safe Blanket 6904,Nowoczesny design pasujący do każdego wnętrza.
Wireless Mug 798,"Lekki, a jednocześnie wyjątkowo solidny. łatwy w utrzymaniu czystości i bardzo praktyczny."
Modern Powerbank 7402,Dzięki kompaktowym wymiarom łatwy do przenoszenia. świetnie sprawdza się w podróży i codziennym użytkowaniu.
Advanced Pen 5723,"Prosty, ale niezwykle funkcjonalny. wykonany z wysokiej jakości materiałów zapewniających trwałość."
Balanced Cushion 7732,Łatwy w utrzymaniu czystości i bardzo praktyczny. wykonany z wysokiej jakości materiałów zapewniających trwałość.
Elegant Shoe 8891,"Lekki, a jednocześnie wyjątkowo solidny."
Advanced Clock 2760,Dzięki kompaktowym wymiarom łatwy do przenoszenia.
Efficient Towel 4997,Świetnie sprawdza się w podróży i codziennym użytkowaniu. idealny do codziennego użytku w domu i biurze.
Elegant Container 9489,Wykonany z wysokiej jakości materiałów zapewniających trwałość. dzięki kompaktowym wymiarom łatwy do przenoszenia.
Lightweight Monitor 2085,Nowoczesny design pasujący do każdego wnętrza.
Multi-Functional Mug 3669,Wykonany z wysokiej jakości materiałów zapewniających trwałość.
Powerful Pillow 7866,"Prosty, ale niezwykle funkcjonalny. doskonały jako prezent dla bliskiej osoby."
Precision Glasses 7355,"Prosty, ale niezwykle funkcjonalny. doskonały jako prezent dla bliskiej osoby."
Colorful Table 4564,Doskonały jako prezent dla bliskiej osoby.
Ergonomic Case 4343,Doskonały jako prezent dla bliskiej osoby.
Wireless Table 651,Łatwy w utrzymaniu czystości i bardzo praktyczny.
Colorful Bag 3311,"Lekki, a jednocześnie wyjątkowo solidny. doskonały jako prezent dla bliskiej osoby."
Eco-Safe Bench 9463,Doskonały jako prezent dla bliskiej osoby.
Eco-Conscious Clock 9508,Nowoczesny design pasujący do każdego wnętrza.
Refined Screen 4813,Nowoczesny design pasujący do każdego wnętrza. idealny do codziennego użytku w domu i biurze.
Portable Toy 3568,"Lekki, a jednocześnie wyjątkowo solidny. wykonany z wysokiej jakości materiałów zapewniających trwałość."
Strong Mouse 7534,Idealny do codziennego użytku w domu i biurze. nowoczesny design pasujący do każdego wnętrza.
Modern Lamp 1150,Zaprojektowany z myślą o komforcie użytkownika.
Strong Brush 7596,Łatwy w utrzymaniu czystości i bardzo praktyczny.
Versatile Table 1805,Dzięki kompaktowym wymiarom łatwy do przenoszenia.
Adjustable Belt 3411,"Dzięki kompaktowym wymiarom łatwy do przenoszenia. prosty, ale niezwykle funkcjonalny."
Colorful Camera 1801,Dzięki kompaktowym wymiarom łatwy do przenoszenia.
Compact Flashlight 4677,"Lekki, a jednocześnie wyjątkowo solidny."
Rechargeable Notebook 6195,Dzięki kompaktowym wymiarom łatwy do przenoszenia. nowoczesny design pasujący do każdego wnętrza.
Classic Flashlight 9387,Wykonany z wysokiej jakości materiałów zapewniających trwałość.
Advanced Box 4052,Zaprojektowany z myślą o komforcie użytkownika. świetnie sprawdza się w podróży i codziennym użytkowaniu.
Colorful Holder 5410,"Prosty, ale niezwykle funkcjonalny. prosty, ale niezwykle funkcjonalny."
Eco-Conscious Drill 2013,"Świetnie sprawdza się w podróży i codziennym użytkowaniu. prosty, ale niezwykle funkcjonalny."
Balanced Drone 595,Świetnie sprawdza się w podróży i codziennym użytkowaniu. dzięki kompaktowym wymiarom łatwy do przenoszenia.
Colorful Umbrella 3364,Doskonały jako prezent dla bliskiej osoby. idealny do codziennego użytku w domu i biurze.
High-Quality Necklace 9746,Zaprojektowany z myślą o komforcie użytkownika. nowoczesny design pasujący do każdego wnętrza.
Wireless Toy 9042,Świetnie sprawdza się w podróży i codziennym użytkowaniu.
Efficient Holder 2183,Świetnie sprawdza się w podróży i codziennym użytkowaniu. świetnie sprawdza się w podróży i codziennym użytkowaniu.
Smart-Enabled Frame 8611,"Dzięki kompaktowym wymiarom łatwy do przenoszenia. prosty, ale niezwykle funkcjonalny."
Eco-Friendly Fan 8738,"Prosty, ale niezwykle funkcjonalny."
Dynamic Tablet 4788,Idealny do codziennego użytku w domu i biurze.
Eco-Friendly Towel 7458,Łatwy w utrzymaniu czystości i bardzo praktyczny.
Advanced Fan 2864,"Prosty, ale niezwykle funkcjonalny."
Waterproof Screen 4335,Nowoczesny design pasujący do każdego wnętrza. dzięki kompaktowym wymiarom łatwy do przenoszenia.
Sustainable Chair 2972,"Prosty, ale niezwykle funkcjonalny."
Luxury Fan 5292,"Łatwy w utrzymaniu czystości i bardzo praktyczny. lekki, a jednocześnie wyjątkowo solidny."
Strong Bench 2745,Dzięki kompaktowym wymiarom łatwy do przenoszenia. świetnie sprawdza się w podróży i codziennym użytkowaniu.
Balanced Case 2286,"Wykonany z wysokiej jakości materiałów zapewniających trwałość. prosty, ale niezwykle funkcjonalny."
Refined Drill 3110,Idealny do codziennego użytku w domu i biurze. zaprojektowany z myślą o komforcie użytkownika.
Premium Mat 9164,Wykonany z wysokiej jakości materiałów zapewniających trwałość. łatwy w utrzymaniu czystości i bardzo praktyczny.
Magnetic Pen 1229,Idealny do codziennego użytku w domu i biurze.
Eco-Friendly Towel 7435,Zaprojektowany z myślą o komforcie użytkownika. idealny do codziennego użytku w domu i biurze.
Wireless Clock 3332,Nowoczesny design pasujący do każdego wnętrza.
Ultra-Light Drill 5364,Zaprojektowany z myślą o komforcie użytkownika.
Wireless Towel 7383,Dzięki kompaktowym wymiarom łatwy do przenoszenia.
Innovative Fan 2601,"Prosty, ale niezwykle funkcjonalny."
Durable Wallet 5407,"Prosty, ale niezwykle funkcjonalny."
Dynamic Bench 8152,Świetnie sprawdza się w podróży i codziennym użytkowaniu.
Smart-Enabled Box 4022,Łatwy w utrzymaniu czystości i bardzo praktyczny.
Eco-Safe Case 2082,Doskonały jako prezent dla bliskiej osoby. idealny do codziennego użytku w domu i biurze.
Energy-Saving Necklace 1703,Idealny do codziennego użytku w domu i biurze.
Innovative Scarf 7533,Idealny do codziennego użytku w domu i biurze. idealny do codziennego użytku w domu i biurze.
Efficient Ring 1840,Doskonały jako prezent dla bliskiej osoby.
Elegant Cable 2191,Łatwy w utrzymaniu czystości i bardzo praktyczny. dzięki kompaktowym wymiarom łatwy do przenoszenia.
Waterproof Charger 4790,Świetnie sprawdza się w podróży i codziennym użytkowaniu. dzięki kompaktowym wymiarom łatwy do przenoszenia.
Portable Ring 9479,Nowoczesny design pasujący do każdego wnętrza.
Ergonomic Cover 339,Doskonały jako prezent dla bliskiej osoby.
Colorful Screen 3106,"Lekki, a jednocześnie wyjątkowo solidny. wykonany z wysokiej jakości materiałów zapewniających trwałość."
Premium Necklace 3922,Dzięki kompaktowym wymiarom łatwy do przenoszenia. idealny do codziennego użytku w domu i biurze.
Adjustable Glove 8038,"Lekki, a jednocześnie wyjątkowo solidny. doskonały jako prezent dla bliskiej osoby."
Durable Phone 611,Łatwy w utrzymaniu czystości i bardzo praktyczny.
Robust Camera 3189,"Prosty, ale niezwykle funkcjonalny. łatwy w utrzymaniu czystości i bardzo praktyczny."
Transparent Pen 6305,Idealny do codziennego użytku w domu i biurze.
Efficient Blanket 3389,"Prosty, ale niezwykle funkcjonalny. łatwy w utrzymaniu czystości i bardzo praktyczny."
Reliable Basket 9505,"Lekki, a jednocześnie wyjątkowo solidny."
Balanced Fan 2764,"Prosty, ale niezwykle funkcjonalny. łatwy w utrzymaniu czystości i bardzo praktyczny."
Waterproof Camera 1641,"Świetnie sprawdza się w podróży i codziennym użytkowaniu. lekki, a jednocześnie wyjątkowo solidny."
Balanced Chair 6648,"Prosty, ale niezwykle funkcjonalny."
Classic Mat 5894,Zaprojektowany z myślą o komforcie użytkownika.
High-Quality Holder 4724,Zaprojektowany z myślą o komforcie użytkownika. dzięki kompaktowym wymiarom łatwy do przenoszenia.
Sustainable Charger 7138,"Prosty, ale niezwykle funkcjonalny. lekki, a jednocześnie wyjątkowo solidny."
Soft Belt 1115,"Lekki, a jednocześnie wyjątkowo solidny."
Strong Umbrella 7909,"Prosty, ale niezwykle funkcjonalny."
High-Quality Headphones 407,Wykonany z wysokiej jakości materiałów zapewniających trwałość.
Dynamic Mat 608,Wykonany z wysokiej jakości materiałów zapewniających trwałość.
Eco-Conscious Holder 6658,"Prosty, ale niezwykle funkcjonalny. łatwy w utrzymaniu czystości i bardzo praktyczny."
Foldable Belt 351,Idealny do codziennego użytku w domu i biurze.
Affordable Cup 5969,"Prosty, ale niezwykle funkcjonalny."
Premium-Grade Phone 7056,"Lekki, a jednocześnie wyjątkowo solidny."
Eco-Friendly Cushion 7765,Świetnie sprawdza się w podróży i codziennym użytkowaniu.