nazwa_produktu,opis
Reliable Bench 4180,Łatwy w utrzymaniu czystości i bardzo praktyczny.
Balanced Jacket 5929,Doskonały jako prezent dla bliskiej osoby. wykonany z wysokiej jakości materiałów zapewniających trwałość.
Transparent Monitor 7431,"Lekki, a jednocześnie wyjątkowo solidny."
Robust Bag 3588,"Lekki, a jednocześnie wyjątkowo solidny."
Eco-Conscious Screen 161,Łatwy w utrzymaniu czystości i bardzo praktyczny. łatwy w utrzymaniu czystości i bardzo praktyczny.
Compact Camera 4168,Idealny do codziennego użytku w domu i biurze.
Luxury Jacket 1703,"Wykonany z wysokiej jakości materiałów zapewniających trwałość. lekki, a jednocześnie wyjątkowo solidny."
Advanced Ring 9021,Nowoczesny design pasujący do każdego wnętrza. świetnie sprawdza się w podróży i codziennym użytkowaniu.
Comfortable Phone 8032,"Lekki, a jednocześnie wyjątkowo solidny."
Noise-Cancelling Case 92,"Lekki, a jednocześnie wyjątkowo solidny."
Affordable Cover 9967,Dzięki kompaktowym wymiarom łatwy do przenoszenia.
Smart-Enabled Drone 7378,Doskonały jako prezent dla bliskiej osoby. łatwy w utrzymaniu czystości i bardzo praktyczny.
Premium-Grade Tripod 6363,Nowoczesny design pasujący do każdego wnętrza.
Eco-Safe Mug 6757,"Prosty, ale niezwykle funkcjonalny. prosty, ale niezwykle funkcjonalny."
Adjustable Tablet 6975,"Prosty, ale niezwykle funkcjonalny."
Portable Cup 2622,Zaprojektowany z myślą o komforcie użytkownika.
Comfortable Case 4358,Wykonany z wysokiej jakości materiałów zapewniających trwałość.
Classic Necklace 1267,Dzięki kompaktowym wymiarom łatwy do przenoszenia.
Strong Lamp 2314,Doskonały jako prezent dla bliskiej osoby.
Portable Cushion 8679,Zaprojektowany z myślą o komforcie użytkownika.
Dynamic Cup 1260,"Prosty, ale niezwykle funkcjonalny."
Multi-Functional Screen 9561,"Lekki, a jednocześnie wyjątkowo solidny. wykonany z wysokiej jakości materiałów zapewniających trwałość."
Lightweight Mouse 9620,Wykonany z wysokiej jakości materiałów zapewniających trwałość. nowoczesny design pasujący do każdego wnętrza.
Eco-Friendly Toy 298,Zaprojektowany z myślą o komforcie użytkownika.
Customizable Brush 3484,Łatwy w utrzymaniu czystości i bardzo praktyczny. świetnie sprawdza się w podróży i codziennym użytkowaniu.
Foldable Shoe 6400,Wykonany z wysokiej jakości materiałów zapewniających trwałość.
Premium-Grade Printer 9758,"Prosty, ale niezwykle funkcjonalny."
Multi-Functional Necklace 7706,Idealny do codziennego użytku w domu i biurze. nowoczesny design pasujący do każdego wnętrza.
Premium Screen 632,Świetnie sprawdza się w podróży i codziennym użytkowaniu.
Compact Phone 1899,"Idealny do codziennego użytku w domu i biurze. lekki, a jednocześnie wyjątkowo solidny."
Eco-Friendly Glasses 7645,Nowoczesny design pasujący do każdego wnętrza.
Efficient Router 9766,Zaprojektowany z myślą o komforcie użytkownika. zaprojektowany z myślą o komforcie użytkownika.
Colorful Phone 203,Dzięki kompaktowym wymiarom łatwy do przenoszenia.
Smart-Enabled Ring 1750,Dzięki kompaktowym wymiarom łatwy do przenoszenia. świetnie sprawdza się w podróży i codziennym użytkowaniu.
Multi-Functional Phone 688,Świetnie sprawdza się w podróży i codziennym użytkowaniu.
Foldable Basket 5431,Świetnie sprawdza się w podróży i codziennym użytkowaniu.
Durable Shoe 1940,Świetnie sprawdza się w podróży i codziennym użytkowaniu.
Practical Tripod 948,"Lekki, a jednocześnie wyjątkowo solidny. łatwy w utrzymaniu czystości i bardzo praktyczny."
Strong Glasses 9406,Świetnie sprawdza się w podróży i codziennym użytkowaniu. wykonany z wysokiej jakości materiałów zapewniających trwałość.
Advanced Glove 867,Wykonany z wysokiej jakości materiałów zapewniających trwałość.
Energy-Saving Phone 2451,"Lekki, a jednocześnie wyjątkowo solidny. wykonany z wysokiej jakości materiałów zapewniających trwałość."
Portable Cover 3432,"Lekki, a jednocześnie wyjątkowo solidny. wykonany z wysokiej jakości materiałów zapewniających trwałość."
Innovative Belt 6183,Idealny do codziennego użytku w domu i biurze.
Comfortable Bag 3297,Dzięki kompaktowym wymiarom łatwy do przenoszenia.
Foldable Blanket 9192,Idealny do codziennego użytku w domu i biurze.
Robust Plate 3109,"Lekki, a jednocześnie wyjątkowo solidny. nowoczesny design pasujący do każdego wnętrza."
Magnetic Umbrella 182,Świetnie sprawdza się w podróży i codziennym użytkowaniu. idealny do codziennego użytku w domu i biurze.
Affordable Mirror 4602,"Zaprojektowany z myślą o komforcie użytkownika. prosty, ale niezwykle funkcjonalny."
Eco-Conscious Stand 7012,Łatwy w utrzymaniu czystości i bardzo praktyczny. idealny do codziennego użytku w domu i biurze.
Balanced Tool 240,"Lekki, a jednocześnie wyjątkowo solidny."
Premium Bottle 3505,Nowoczesny design pasujący do każdego wnętrza.
Transparent Fan 8596,"Prosty, ale niezwykle funkcjonalny."
Eco-Friendly Screen 8717,Łatwy w utrzymaniu czystości i bardzo praktyczny. dzięki kompaktowym wymiarom łatwy do przenoszenia.
Versatile Mug 8532,Wykonany z wysokiej jakości materiałów zapewniających trwałość.
Refined Box 6036,Doskonały jako prezent dla bliskiej osoby. dzięki kompaktowym wymiarom łatwy do przenoszenia.
Transparent Router 3747,Nowoczesny design pasujący do każdego wnętrza.
Elegant Speaker 3348,Świetnie sprawdza się w podróży i codziennym użytkowaniu.
Transparent Phone 3049,Doskonały jako prezent dla bliskiej osoby.
Strong Printer 2332,"Prosty, ale niezwykle funkcjonalny."
Smart-Enabled Speaker 1360,Dzięki kompaktowym wymiarom łatwy do przenoszenia.
Robust Umbrella 1031,Zaprojektowany z myślą o komforcie użytkownika. dzięki kompaktowym wymiarom łatwy do przenoszenia.
Smart-Enabled Lamp 3542,Idealny do codziennego użytku w domu i biurze. doskonały jako prezent dla bliskiej osoby.
Premium Flashlight 8860,Łatwy w utrzymaniu czystości i bardzo praktyczny.
Efficient Charger 889,Idealny do codziennego użytku w domu i biurze.
Smart-Enabled Brush 9466,Dzięki kompaktowym wymiarom łatwy do przenoszenia.
Classic Speaker 9132,Łatwy w utrzymaniu czystości i bardzo praktyczny.
Strong Holder 1191,Dzięki kompaktowym wymiarom łatwy do przenoszenia. nowoczesny design pasujący do każdego wnętrza.
Flexible Toy 849,Nowoczesny design pasujący do każdego wnętrza. nowoczesny design pasujący do każdego wnętrza.
Robust Bottle 5150,Zaprojektowany z myślą o komforcie użytkownika.
Dynamic Brush 3539,Nowoczesny design pasujący do każdego wnętrza.
Colorful Towel 9196,Idealny do codziennego użytku w domu i biurze.
Balanced Cover 6258,Zaprojektowany z myślą o komforcie użytkownika.
Robust Basket 8849,Idealny do codziennego użytku w domu i biurze. doskonały jako prezent dla bliskiej osoby.
Advanced Watch 6265,Świetnie sprawdza się w podróży i codziennym użytkowaniu.
Stylish Wallet 8588,Idealny do codziennego użytku w domu i biurze. nowoczesny design pasujący do każdego wnętrza.
Ultra-Light Printer 9260,Doskonały jako prezent dla bliskiej osoby.
Minimalist Plate 2314,"Prosty, ale niezwykle funkcjonalny. lekki, a jednocześnie wyjątkowo solidny."
Precision Container 4685,"Prosty, ale niezwykle funkcjonalny. idealny do codziennego użytku w domu i biurze."
Lightweight Glove 9389,"Łatwy w utrzymaniu czystości i bardzo praktyczny. lekki, a jednocześnie wyjątkowo solidny."
Precision Tool 9879,Nowoczesny design pasujący do każdego wnętrza. idealny do codziennego użytku w domu i biurze.
Efficient Umbrella 6519,Nowoczesny design pasujący do każdego wnętrza.
Noise-Cancelling Container 1473,Wykonany z wysokiej jakości materiałów zapewniających trwałość. nowoczesny design pasujący do każdego wnętrza.
Stylish Mouse 2037,"Lekki, a jednocześnie wyjątkowo solidny."
Multi-Functional Table 2169,"Lekki, a jednocześnie wyjątkowo solidny. świetnie sprawdza się w podróży i codziennym użytkowaniu."
Soft Container 2077,Świetnie sprawdza się w podróży i codziennym użytkowaniu.
Luxury Plate 7524,"Nowoczesny design pasujący do każdego wnętrza. lekki, a jednocześnie wyjątkowo solidny."
Advanced Table 4939,Idealny do codziennego użytku w domu i biurze.
Waterproof Blanket 8978,"Prosty, ale niezwykle funkcjonalny. idealny do codziennego użytku w domu i biurze."
Flexible Clock 4973,"Lekki, a jednocześnie wyjątkowo solidny. łatwy w utrzymaniu czystości i bardzo praktyczny."
Dynamic Necklace 2499,"Świetnie sprawdza się w podróży i codziennym użytkowaniu. lekki, a jednocześnie wyjątkowo solidny."
Premium-Grade Frame 2490,Świetnie sprawdza się w podróży i codziennym użytkowaniu. wykonany z wysokiej jakości materiałów zapewniających trwałość.
Balanced Stand 6227,Łatwy w utrzymaniu czystości i bardzo praktyczny.
Noise-Cancelling Shoe 354,Zaprojektowany z myślą o komforcie użytkownika.
Magnetic Printer 4256,Doskonały jako prezent dla bliskiej osoby. doskonały jako prezent dla bliskiej osoby.
Durable Lamp 4284,"Nowoczesny design pasujący do każdego wnętrza. prosty, ale niezwykle funkcjonalny."
Adjustable Tablet 513,Nowoczesny design pasujący do każdego wnętrza. nowoczesny design pasujący do każdego wnętrza.
Eco-Conscious Wallet 3019,Świetnie sprawdza się w podróży i codziennym użytkowaniu.
Noise-Cancelling Phone 3133,Świetnie sprawdza się w podróży i codziennym użytkowaniu.
Customizable Bag 8090,Idealny do codziennego użytku w domu i biurze. dzięki kompaktowym wymiarom łatwy do przenoszenia.
Powerful Ring 7097,"Lekki, a jednocześnie wyjątkowo solidny. zaprojektowany z myślą o komforcie użytkownika."
Portable Pen 9805,Nowoczesny design pasujący do każdego wnętrza. idealny do codziennego użytku w domu i biurze.
Stylish Printer 597,"Prosty, ale niezwykle funkcjonalny. lekki, a jednocześnie wyjątkowo solidny."
Portable Holder 2772,Idealny do codziennego użytku w domu i biurze.
Colorful Wallet 2953,Wykonany z wysokiej jakości materiałów zapewniających trwałość.
Practical Printer 2416,"Lekki, a jednocześnie wyjątkowo solidny."
Noise-Cancelling Drill 8736,Idealny do codziennego użytku w domu i biurze.
Premium-Grade Lamp 853,Nowoczesny design pasujący do każdego wnętrza.
Stylish Glove 771,"Idealny do codziennego użytku w domu i biurze. lekki, a jednocześnie wyjątkowo solidny."
Customizable Lamp 6284,Wykonany z wysokiej jakości materiałów zapewniających trwałość. wykonany z wysokiej jakości materiałów zapewniających trwałość.
Adjustable Cable 1342,Łatwy w utrzymaniu czystości i bardzo praktyczny. nowoczesny design pasujący do każdego wnętrza.
Eco-Friendly Drone 9331,Wykonany z wysokiej jakości materiałów zapewniających trwałość. wykonany z wysokiej jakości materiałów zapewniających trwałość.
Elegant Blanket 1266,Łatwy w utrzymaniu czystości i bardzo praktyczny. dzięki kompaktowym wymiarom łatwy do przenoszenia.
Luxury Notebook 9269,"Prosty, ale niezwykle funkcjonalny."
Colorful Printer 9633,Doskonały jako prezent dla bliskiej osoby. nowoczesny design pasujący do każdego wnętrza.
Lightweight Holder 5727,"Prosty, ale niezwykle funkcjonalny."
Foldable Shelf 7115,"Lekki, a jednocześnie wyjątkowo solidny. wykonany z wysokiej jakości materiałów zapewniających trwałość."
Powerful Case 9041,"Zaprojektowany z myślą o komforcie użytkownika. lekki, a jednocześnie wyjątkowo solidny."
Eco-Conscious Bottle 6640,Idealny do codziennego użytku w domu i biurze. wykonany z wysokiej jakości materiałów zapewniających trwałość.
Portable Bottle 3768,Łatwy w utrzymaniu czystości i bardzo praktyczny. dzięki kompaktowym wymiarom łatwy do przenoszenia.
Lightweight Necklace 6318,Łatwy w utrzymaniu czystości i bardzo praktyczny.
Eco-Conscious Mirror 2926,"Prosty, ale niezwykle funkcjonalny."
Adjustable Screen 4441,"Łatwy w utrzymaniu czystości i bardzo praktyczny. prosty, ale niezwykle funkcjonalny."
Modern Necklace 4145,Łatwy w utrzymaniu czystości i bardzo praktyczny. idealny do codziennego użytku w domu i biurze.
Premium-Grade Phone 4984,Dzięki kompaktowym wymiarom łatwy do przenoszenia.
Balanced Cushion 9175,Dzięki kompaktowym wymiarom łatwy do przenoszenia.
Flexible Tablet 2461,"Lekki, a jednocześnie wyjątkowo solidny. dzięki kompaktowym wymiarom łatwy do przenoszenia."
Compact Plate 4980,Zaprojektowany z myślą o komforcie użytkownika. zaprojektowany z myślą o komforcie użytkownika.
High-Quality Shoe 3138,"Prosty, ale niezwykle funkcjonalny. świetnie sprawdza się w podróży i codziennym użytkowaniu."
Precision Mirror 5392,"Lekki, a jednocześnie wyjątkowo solidny. świetnie sprawdza się w podróży i codziennym użytkowaniu."
Multi-Functional Bicycle 5387,"Lekki, a jednocześnie wyjątkowo solidny."
Transparent Speaker 2796,"Lekki, a jednocześnie wyjątkowo solidny. idealny do codziennego użytku w domu i biurze."
High-Quality Cable 1129,"Prosty, ale niezwykle funkcjonalny. zaprojektowany z myślą o komforcie użytkownika."
Wireless Wallet 4155,Łatwy w utrzymaniu czystości i bardzo praktyczny. zaprojektowany z myślą o komforcie użytkownika.
Multi-Functional Toy 6758,Łatwy w utrzymaniu czystości i bardzo praktyczny.
Dynamic Mug 8696,Wykonany z wysokiej jakości materiałów zapewniających trwałość.
Portable Cable 6665,"Lekki, a jednocześnie wyjątkowo solidny. wykonany z wysokiej jakości materiałów zapewniających trwałość."
Smart Container 382,"Wykonany z wysokiej jakości materiałów zapewniających trwałość. lekki, a jednocześnie wyjątkowo solidny."
Comfortable Backpack 9695,Doskonały jako prezent dla bliskiej osoby. doskonały jako prezent dla bliskiej osoby.
Sustainable Watch 7327,Łatwy w utrzymaniu czystości i bardzo praktyczny.
Efficient Pen 1838,Łatwy w utrzymaniu czystości i bardzo praktyczny.
Lightweight Stand 7536,Dzięki kompaktowym wymiarom łatwy do przenoszenia. dzięki kompaktowym wymiarom łatwy do przenoszenia.
Innovative Mirror 6660,Łatwy w utrzymaniu czystości i bardzo praktyczny.
Multi-Functional Cushion 7597,Zaprojektowany z myślą o komforcie użytkownika. wykonany z wysokiej jakości materiałów zapewniających trwałość.
Waterproof Printer 8922,Wykonany z wysokiej jakości materiałów zapewniających trwałość. idealny do codziennego użytku w domu i biurze.
Lightweight Umbrella 7611,"Prosty, ale niezwykle funkcjonalny. prosty, ale niezwykle funkcjonalny."
Minimalist Blanket 1415,Zaprojektowany z myślą o komforcie użytkownika. świetnie sprawdza się w podróży i codziennym użytkowaniu.
Precision Phone 3685,Dzięki kompaktowym wymiarom łatwy do przenoszenia.
Colorful Shoe 6586,"Lekki, a jednocześnie wyjątkowo solidny. świetnie sprawdza się w podróży i codziennym użytkowaniu."
Sustainable Necklace 1850,"Prosty, ale niezwykle funkcjonalny. doskonały jako prezent dla bliskiej osoby."
Strong Blanket 8641,Dzięki kompaktowym wymiarom łatwy do przenoszenia.
Waterproof Glasses 1274,Dzięki kompaktowym wymiarom łatwy do przenoszenia. dzięki kompaktowym wymiarom łatwy do przenoszenia.
Smart-Enabled Cushion 6099,Dzięki kompaktowym wymiarom łatwy do przenoszenia.
Multi-Functional Towel 773,"Lekki, a jednocześnie wyjątkowo solidny. dzięki kompaktowym wymiarom łatwy do przenoszenia."
Refined Flashlight 4628,"Dzięki kompaktowym wymiarom łatwy do przenoszenia. lekki, a jednocześnie wyjątkowo solidny."
Comfortable Glove 2062,Wykonany z wysokiej jakości materiałów zapewniających trwałość.
Strong Mat 3885,Dzięki kompaktowym wymiarom łatwy do przenoszenia.
Powerful Keyboard 5586,Nowoczesny design pasujący do każdego wnętrza. świetnie sprawdza się w podróży i codziennym użytkowaniu.
Comfortable Phone 8094,Zaprojektowany z myślą o komforcie użytkownika. idealny do codziennego użytku w domu i biurze.
Classic Charger 3761,"Lekki, a jednocześnie wyjątkowo solidny."
Smart Charger 5164,Idealny do codziennego użytku w domu i biurze.
Colorful Plate 4272,Dzięki kompaktowym wymiarom łatwy do przenoszenia. zaprojektowany z myślą o komforcie użytkownika.
Advanced Mat 2908,Zaprojektowany z myślą o komforcie użytkownika.
Strong Towel 7409,Idealny do codziennego użytku w domu i biurze.
Ergonomic Towel 6793,Dzięki kompaktowym wymiarom łatwy do przenoszenia.
Ergonomic Toy 4319,Nowoczesny design pasujący do każdego wnętrza.
Ergonomic Screen 1633,"Lekki, a jednocześnie wyjątkowo solidny. doskonały jako prezent dla bliskiej osoby."
Customizable Cup 4359,Łatwy w utrzymaniu czystości i bardzo praktyczny.
Magnetic Camera 9507,Nowoczesny design pasujący do każdego wnętrza.
Rechargeable Monitor 7354,Nowoczesny design pasujący do każdego wnętrza. dzięki kompaktowym wymiarom łatwy do przenoszenia.
Portable Cushion 1442,Nowoczesny design pasujący do każdego wnętrza. zaprojektowany z myślą o komforcie użytkownika.
Adjustable Razor 7577,Świetnie sprawdza się w podróży i codziennym użytkowaniu. zaprojektowany z myślą o komforcie użytkownika.
Advanced Cover 5016,Świetnie sprawdza się w podróży i codziennym użytkowaniu.
Customizable Container 1284,Idealny do codziennego użytku w domu i biurze.
Refined Box 6931,Idealny do codziennego użytku w domu i biurze.
Eco-Safe Notebook 2688,"Prosty, ale niezwykle funkcjonalny."
Eco-Friendly Phone 9678,Łatwy w utrzymaniu czystości i bardzo praktyczny. łatwy w utrzymaniu czystości i bardzo praktyczny.
Adjustable Fan 7074,Doskonały jako prezent dla bliskiej osoby.
Smart-Enabled Drill 7576,Doskonały jako prezent dla bliskiej osoby.
Energy-Saving Mug 9847,Wykonany z wysokiej jakości materiałów zapewniających trwałość.
Dynamic Tool 4769,"Łatwy w utrzymaniu czystości i bardzo praktyczny. prosty, ale niezwykle funkcjonalny."
Powerful Monitor 5044,Zaprojektowany z myślą o komforcie użytkownika.
Colorful Glasses 5073,Nowoczesny design pasujący do każdego wnętrza.
Elegant Glove 540,Wykonany z wysokiej jakości materiałów zapewniających trwałość. zaprojektowany z myślą o komforcie użytkownika.
Waterproof Toy 5650,"Prosty, ale niezwykle funkcjonalny."
Precision Router 6433,Świetnie sprawdza się w podróży i codziennym użytkowaniu.
Noise-Cancelling Drill 6913,Dzięki kompaktowym wymiarom łatwy do przenoszenia.
Premium-Grade Stand 1888,Świetnie sprawdza się w podróży i codziennym użytkowaniu.
Colorful Bench 9699,Dzięki kompaktowym wymiarom łatwy do przenoszenia. nowoczesny design pasujący do każdego wnętrza.
Comfortable Table 8393,Wykonany z wysokiej jakości materiałów zapewniających trwałość.
Adjustable Blanket 4583,Zaprojektowany z myślą o komforcie użytkownika. idealny do codziennego użytku w domu i biurze.
Stylish Towel 8225,Idealny do codziennego użytku w domu i biurze. nowoczesny design pasujący do każdego wnętrza.
Lightweight Flashlight 7607,Dzięki kompaktowym wymiarom łatwy do przenoszenia.
Robust Basket 9476,"Lekki, a jednocześnie wyjątkowo solidny."
Luxury Plate 476,Zaprojektowany z myślą o komforcie użytkownika. zaprojektowany z myślą o komforcie użytkownika.
Compact Basket 2393,Wykonany z wysokiej jakości materiałów zapewniających trwałość.
Eco-Safe Backpack 7834,Zaprojektowany z myślą o komforcie użytkownika.
Eco-Conscious Lamp 6733,Idealny do codziennego użytku w domu i biurze. doskonały jako prezent dla bliskiej osoby.
High-Quality Headphones 9251,Łatwy w utrzymaniu czystości i bardzo praktyczny. nowoczesny design pasujący do każdego wnętrza.
Smart Powerbank 1617,Łatwy w utrzymaniu czystości i bardzo praktyczny.
Foldable Charger 3882,Doskonały jako prezent dla bliskiej osoby.
Classic Case 1147,Dzięki kompaktowym wymiarom łatwy do przenoszenia. dzięki kompaktowym wymiarom łatwy do przenoszenia.
Versatile Glasses 8368,"Prosty, ale niezwykle funkcjonalny. wykonany z wysokiej jakości materiałów zapewniających trwałość."
Comfortable Monitor 25,"Lekki, a jednocześnie wyjątkowo solidny. zaprojektowany z myślą o komforcie użytkownika."
Powerful Drill 5210,Wykonany z wysokiej jakości materiałów zapewniających trwałość.
Eco-Safe Monitor 1107,Idealny do codziennego użytku w domu i biurze. doskonały jako prezent dla bliskiej osoby.
Adjustable Drill 4963,Idealny do codziennego użytku w domu i biurze. dzięki kompaktowym wymiarom łatwy do przenoszenia.
Adjustable Bicycle 5625,Świetnie sprawdza się w podróży i codziennym użytkowaniu.
Foldable Belt 2102,Zaprojektowany z myślą o komforcie użytkownika.
Strong Pen 4863,Nowoczesny design pasujący do każdego wnętrza.
Colorful Camera 1300,Łatwy w utrzymaniu czystości i bardzo praktyczny.
Smart Wallet 4732,Wykonany z wysokiej jakości materiałów zapewniających trwałość. łatwy w utrzymaniu czystości i bardzo praktyczny.
High-Quality Fan 3564,Nowoczesny design pasujący do każdego wnętrza.
Minimalist Printer 8463,"Prosty, ale niezwykle funkcjonalny."
Reliable Powerbank 7036,"Prosty, ale niezwykle funkcjonalny. wykonany z wysokiej jakości materiałów zapewniających trwałość."
Modern Necklace 254,Zaprojektowany z myślą o komforcie użytkownika.
Foldable Flashlight 7845,Wykonany z wysokiej jakości materiałów zapewniających trwałość.
Magnetic Mug 8192,Doskonały jako prezent dla bliskiej osoby. dzięki kompaktowym wymiarom łatwy do przenoszenia.
Eco-Safe Pen 7199,"Prosty, ale niezwykle funkcjonalny. łatwy w utrzymaniu czystości i bardzo praktyczny."
Eco-Safe Flashlight 7564,"Lekki, a jednocześnie wyjątkowo solidny."
Transparent Chair 7840,Wykonany z wysokiej jakości materiałów zapewniających trwałość. idealny do codziennego użytku w domu i biurze.
Smart-Enabled Shoe 460,Nowoczesny design pasujący do każdego wnętrza. łatwy w utrzymaniu czystości i bardzo praktyczny.
Sustainable Shoe 4577,"Świetnie sprawdza się w podróży i codziennym użytkowaniu. prosty, ale niezwykle funkcjonalny."
Strong Umbrella 927,Świetnie sprawdza się w podróży i codziennym użytkowaniu. idealny do codziennego użytku w domu i biurze.
Eco-Conscious Clock 8794,Łatwy w utrzymaniu czystości i bardzo praktyczny.
Magnetic Mirror 5356,Nowoczesny design pasujący do każdego wnętrza.
Robust Brush 7382,Wykonany z wysokiej jakości materiałów zapewniających trwałość. nowoczesny design pasujący do każdego wnętrza.
Luxury Drill 3727,Świetnie sprawdza się w podróży i codziennym użytkowaniu. dzięki kompaktowym wymiarom łatwy do przenoszenia.
Smart-Enabled Shelf 8671,Zaprojektowany z myślą o komforcie użytkownika.
Lightweight Cover 2820,Wykonany z wysokiej jakości materiałów zapewniających trwałość. idealny do codziennego użytku w domu i biurze.
Advanced Drill 8576,Idealny do codziennego użytku w domu i biurze.
Reliable Router 3538,Wykonany z wysokiej jakości materiałów zapewniających trwałość.
Rechargeable Chair 3430,"Świetnie sprawdza się w podróży i codziennym użytkowaniu. lekki, a jednocześnie wyjątkowo solidny."
Colorful Bottle 5302,Łatwy w utrzymaniu czystości i bardzo praktyczny.
Powerful Chair 6983,Zaprojektowany z myślą o komforcie użytkownika.
Smart Box 3831,Doskonały jako prezent dla bliskiej osoby. idealny do codziennego użytku w domu i biurze.
Rechargeable Monitor 2815,"Lekki, a jednocześnie wyjątkowo solidny."
Advanced Cushion 8306,"Prosty, ale niezwykle funkcjonalny. zaprojektowany z myślą o komforcie użytkownika."
Balanced Frame 5788,"Nowoczesny design pasujący do każdego wnętrza. lekki, a jednocześnie wyjątkowo solidny."
Reliable Cushion 2459,"Lekki, a jednocześnie wyjątkowo solidny. wykonany z wysokiej jakości materiałów zapewniających trwałość."
Versatile Container 1947,"Prosty, ale niezwykle funkcjonalny."
Compact Frame 1796,Zaprojektowany z myślą o komforcie użytkownika.
Rechargeable Basket 8430,Dzięki kompaktowym wymiarom łatwy do przenoszenia. idealny do codziennego użytku w domu i biurze.
Adjustable Jacket 9707,"Nowoczesny design pasujący do każdego wnętrza. lekki, a jednocześnie wyjątkowo solidny."
Innovative Glasses 5631,Idealny do codziennego użytku w domu i biurze.
Colorful Backpack 7093,Idealny do codziennego użytku w domu i biurze. łatwy w utrzymaniu czystości i bardzo praktyczny.
Comfortable Plate 709,Nowoczesny design pasujący do każdego wnętrza. świetnie sprawdza się w podróży i codziennym użytkowaniu.
Rechargeable Stand 5365,Dzięki kompaktowym wymiarom łatwy do przenoszenia.
Customizable Tablet 9839,Łatwy w utrzymaniu czystości i bardzo praktyczny.
Portable Screen 7455,Łatwy w utrzymaniu czystości i bardzo praktyczny.
Rechargeable Monitor 8413,"Prosty, ale niezwykle funkcjonalny."
Affordable Mouse 3826,Idealny do codziennego użytku w domu i biurze.
Reliable Notebook 2925,Zaprojektowany z myślą o komforcie użytkownika.
Sustainable Powerbank 7869,"Zaprojektowany z myślą o komforcie użytkownika. prosty, ale niezwykle funkcjonalny."
Premium-Grade Cup 7745,"Lekki, a jednocześnie wyjątkowo solidny."
Premium-Grade Flashlight 2952,Nowoczesny design pasujący do każdego wnętrza.
Customizable Glove 5283,"Lekki, a jednocześnie wyjątkowo solidny. lekki, a jednocześnie wyjątkowo solidny."
Energy-Saving Cup 532,Dzięki kompaktowym wymiarom łatwy do przenoszenia. nowoczesny design pasujący do każdego wnętrza.
Classic Mat 670,Zaprojektowany z myślą o komforcie użytkownika.
Reliable Frame 8562,Łatwy w utrzymaniu czystości i bardzo praktyczny. nowoczesny design pasujący do każdego wnętrza.
Customizable Bicycle 6453,Dzięki kompaktowym wymiarom łatwy do przenoszenia. łatwy w utrzymaniu czystości i bardzo praktyczny.
Balanced Jacket 4706,Nowoczesny design pasujący do każdego wnętrza. łatwy w utrzymaniu czystości i bardzo praktyczny.
High-Quality Monitor 2341,"Prosty, ale niezwykle funkcjonalny."
Portable Cushion 9953,Idealny do codziennego użytku w domu i biurze. idealny do codziennego użytku w domu i biurze.
Strong Bag 1489,Zaprojektowany z myślą o komforcie użytkownika. zaprojektowany z myślą o komforcie użytkownika.
Magnetic Keyboard 531,Zaprojektowany z myślą o komforcie użytkownika.
Smart Speaker 8004,"Prosty, ale niezwykle funkcjonalny. prosty, ale niezwykle funkcjonalny."
Magnetic Cup 9851,Łatwy w utrzymaniu czystości i bardzo praktyczny. idealny do codziennego użytku w domu i biurze.
Modern Cup 4353,Łatwy w utrzymaniu czystości i bardzo praktyczny. zaprojektowany z myślą o komforcie użytkownika.
Stylish Clock 815,Dzięki kompaktowym wymiarom łatwy do przenoszenia.
Minimalist Table 5037,"Prosty, ale niezwykle funkcjonalny. łatwy w utrzymaniu czystości i bardzo praktyczny."
Soft Powerbank 7673,Wykonany z wysokiej jakości materiałów zapewniających trwałość. nowoczesny design pasujący do każdego wnętrza.
Strong Monitor 5076,"Nowoczesny design pasujący do każdego wnętrza. lekki, a jednocześnie wyjątkowo solidny."
Ergonomic Shelf 511,"Zaprojektowany z myślą o komforcie użytkownika. prosty, ale niezwykle funkcjonalny."
Compact Drone 4964,Dzięki kompaktowym wymiarom łatwy do przenoszenia. dzięki kompaktowym wymiarom łatwy do przenoszenia.
Affordable Pillow 7652,"Lekki, a jednocześnie wyjątkowo solidny."
Smart-Enabled Glove 8891,Nowoczesny design pasujący do każdego wnętrza.
Innovative Drill 7885,"Prosty, ale niezwykle funkcjonalny. łatwy w utrzymaniu czystości i bardzo praktyczny."
Multi-Functional Tablet 6653,Doskonały jako prezent dla bliskiej osoby.
Durable Cable 6018,Idealny do codziennego użytku w domu i biurze. idealny do codziennego użytku w domu i biurze.
Stylish Frame 1221,"Łatwy w utrzymaniu czystości i bardzo praktyczny. prosty, ale niezwykle funkcjonalny."
Noise-Cancelling Bottle 7908,"Lekki, a jednocześnie wyjątkowo solidny."
Noise-Cancelling Container 7048,"Lekki, a jednocześnie wyjątkowo solidny."
Smart Cushion 5565,Wykonany z wysokiej jakości materiałów zapewniających trwałość. wykonany z wysokiej jakości materiałów zapewniających trwałość.
Lightweight Blanket 2766,"Prosty, ale niezwykle funkcjonalny."
Minimalist Phone 4076,Wykonany z wysokiej jakości materiałów zapewniających trwałość.
Magnetic Box 7251,Zaprojektowany z myślą o komforcie użytkownika.
High-Quality Blanket 2395,Doskonały jako prezent dla bliskiej osoby.
Magnetic Tablet 5049,Dzięki kompaktowym wymiarom łatwy do przenoszenia. wykonany z wysokiej jakości materiałów zapewniających trwałość.
Colorful Necklace 1616,"Dzięki kompaktowym wymiarom łatwy do przenoszenia. lekki, a jednocześnie wyjątkowo solidny."
Elegant Lamp 6758,"Prosty, ale niezwykle funkcjonalny. nowoczesny design pasujący do każdego wnętrza."
Wireless Razor 9084,Zaprojektowany z myślą o komforcie użytkownika.
Eco-Conscious Ring 1859,"Lekki, a jednocześnie wyjątkowo solidny. nowoczesny design pasujący do każdego wnętrza."
Innovative Pen 8811,Zaprojektowany z myślą o komforcie użytkownika.
Elegant Watch 2502,Świetnie sprawdza się w podróży i codziennym użytkowaniu. zaprojektowany z myślą o komforcie użytkownika.
Efficient Cup 3357,Zaprojektowany z myślą o komforcie użytkownika.
Soft Tablet 6482,Świetnie sprawdza się w podróży i codziennym użytkowaniu.
Flexible Cover 7000,"Lekki, a jednocześnie wyjątkowo solidny. lekki, a jednocześnie wyjątkowo solidny."
Luxury Scarf 7982,"Prosty, ale niezwykle funkcjonalny. prosty, ale niezwykle funkcjonalny."
Energy-Saving Scarf 411,Łatwy w utrzymaniu czystości i bardzo praktyczny.
Transparent Glasses 3126,Wykonany z wysokiej jakości materiałów zapewniających trwałość.
Rechargeable Powerbank 3111,Dzięki kompaktowym wymiarom łatwy do przenoszenia.
Transparent Printer 838,Nowoczesny design pasujący do każdego wnętrza.
Flexible Box 9391,Doskonały jako prezent dla bliskiej osoby.
Ergonomic Wallet 5129,Idealny do codziennego użytku w domu i biurze. łatwy w utrzymaniu czystości i bardzo praktyczny.
High-Quality Clock 3964,"Prosty, ale niezwykle funkcjonalny. prosty, ale niezwykle funkcjonalny."
Refined Glove 3815,Doskonały jako prezent dla bliskiej osoby.
Adjustable Bicycle 4942,"Lekki, a jednocześnie wyjątkowo solidny."
Multi-Functional Scarf 7750,Nowoczesny design pasujący do każdego wnętrza. świetnie sprawdza się w podróży i codziennym użytkowaniu.
Powerful Charger 7680,Nowoczesny design pasujący do każdego wnętrza.
Affordable Drill 5874,"Lekki, a jednocześnie wyjątkowo solidny."
Soft Glove 1683,Nowoczesny design pasujący do każdego wnętrza.
Premium-Grade Drill 2558,Zaprojektowany z myślą o komforcie użytkownika.
Efficient Drill 1769,Nowoczesny design pasujący do każdego wnętrza.
Multi-Functional Flashlight 7300,Zaprojektowany z myślą o komforcie użytkownika.
Luxury Pen 6767,Wykonany z wysokiej jakości materiałów zapewniających trwałość. nowoczesny design pasujący do każdego wnętrza.
Premium-Grade Tool 3573,Nowoczesny design pasujący do każdego wnętrza.
Noise-Cancelling Pen 2209,Doskonały jako prezent dla bliskiej osoby. wykonany z wysokiej jakości materiałów zapewniających trwałość.
Customizable Shoe 6592,Zaprojektowany z myślą o komforcie użytkownika.
Advanced Backpack 6643,Idealny do codziennego użytku w domu i biurze.
Balanced Bottle 8855,Świetnie sprawdza się w podróży i codziennym użytkowaniu.
Smart-Enabled Bottle 231,Wykonany z wysokiej jakości materiałów zapewniających trwałość.
Refined Plate 5089,Dzięki kompaktowym wymiarom łatwy do przenoszenia.
Flexible Toy 312,Dzięki kompaktowym wymiarom łatwy do przenoszenia. doskonały jako prezent dla bliskiej osoby.
Luxury Holder 9045,Doskonały jako prezent dla bliskiej osoby. zaprojektowany z myślą o komforcie użytkownika.
Comfortable Lamp 157,Dzięki kompaktowym wymiarom łatwy do przenoszenia. dzięki kompaktowym wymiarom łatwy do przenoszenia.
Eco-Conscious Mouse 6001,Dzięki kompaktowym wymiarom łatwy do przenoszenia.
Transparent Cover 7302,Doskonały jako prezent dla bliskiej osoby. wykonany z wysokiej jakości materiałów zapewniających trwałość.
Stylish Bicycle 6848,"Łatwy w utrzymaniu czystości i bardzo praktyczny. lekki, a jednocześnie wyjątkowo solidny."
Smart-Enabled Necklace 9713,Wykonany z wysokiej jakości materiałów zapewniających trwałość.
Soft Monitor 3600,Łatwy w utrzymaniu czystości i bardzo praktyczny. doskonały jako prezent dla bliskiej osoby.
Minimalist Cover 4176,Doskonały jako prezent dla bliskiej osoby. dzięki kompaktowym wymiarom łatwy do przenoszenia.
Premium Holder 377,Nowoczesny design pasujący do każdego wnętrza. nowoczesny design pasujący do każdego wnętrza.
Eco-Conscious Screen 6538,"Lekki, a jednocześnie wyjątkowo solidny. lekki, a jednocześnie wyjątkowo solidny."
Compact Shelf 5521,"Lekki, a jednocześnie wyjątkowo solidny. łatwy w utrzymaniu czystości i bardzo praktyczny."
Transparent Powerbank 3743,Nowoczesny design pasujący do każdego wnętrza. zaprojektowany z myślą o komforcie użytkownika.
Luxury Glove 5364,Łatwy w utrzymaniu czystości i bardzo praktyczny.
Affordable Tablet 2999,Nowoczesny design pasujący do każdego wnętrza. doskonały jako prezent dla bliskiej osoby.
Robust Router 5213,Świetnie sprawdza się w podróży i codziennym użytkowaniu.
Eco-Friendly Watch 7970,Doskonały jako prezent dla bliskiej osoby. nowoczesny design pasujący do każdego wnętrza.
Wireless Razor 2161,"Prosty, ale niezwykle funkcjonalny. prosty, ale niezwykle funkcjonalny."
Adjustable Shelf 2366,"Prosty, ale niezwykle funkcjonalny."
Practical Ring 9470,Nowoczesny design pasujący do każdego wnętrza.
Smart Brush 1985,"Lekki, a jednocześnie wyjątkowo solidny. zaprojektowany z myślą o komforcie użytkownika."
Smart Pillow 5659,Idealny do codziennego użytku w domu i biurze. nowoczesny design pasujący do każdego wnętrza.
High-Quality Notebook 8580,Nowoczesny design pasujący do każdego wnętrza.
Portable Tool 4382,Dzięki kompaktowym wymiarom łatwy do przenoszenia.
Rechargeable Watch 9380,Świetnie sprawdza się w podróży i codziennym użytkowaniu. zaprojektowany z myślą o komforcie użytkownika.
Customizable Necklace 1461,Zaprojektowany z myślą o komforcie użytkownika. świetnie sprawdza się w podróży i codziennym użytkowaniu.
Adjustable Belt 8673,"Dzięki kompaktowym wymiarom łatwy do przenoszenia. lekki, a jednocześnie wyjątkowo solidny."
Soft Holder 1779,Zaprojektowany z myślą o komforcie użytkownika. świetnie sprawdza się w podróży i codziennym użytkowaniu.
Robust Screen 1315,Doskonały jako prezent dla bliskiej osoby.
Wireless Cable 7391,Doskonały jako prezent dla bliskiej osoby. łatwy w utrzymaniu czystości i bardzo praktyczny.
Stylish Lamp 2070,Zaprojektowany z myślą o komforcie użytkownika. łatwy w utrzymaniu czystości i bardzo praktyczny.
Eco-Safe Tablet 8886,Nowoczesny design pasujący do każdego wnętrza.
Adjustable Stand 9458,Doskonały jako prezent dla bliskiej osoby. świetnie sprawdza się w podróży i codziennym użytkowaniu.
High-Quality Towel 2479,Nowoczesny design pasujący do każdego wnętrza.
Smart-Enabled Router 9403,"Zaprojektowany z myślą o komforcie użytkownika. lekki, a jednocześnie wyjątkowo solidny."
Premium Mug 6296,"Prosty, ale niezwykle funkcjonalny. wykonany z wysokiej jakości materiałów zapewniających trwałość."
Smart Clock 7829,Zaprojektowany z myślą o komforcie użytkownika.
Luxury Blanket 2629,Idealny do codziennego użytku w domu i biurze. świetnie sprawdza się w podróży i codziennym użytkowaniu.
Comfortable Scarf 9692,Nowoczesny design pasujący do każdego wnętrza. nowoczesny design pasujący do każdego wnętrza.
Magnetic Shoe 3198,"Prosty, ale niezwykle funkcjonalny."
Reliable Pen 651,"Lekki, a jednocześnie wyjątkowo solidny."
Dynamic Speaker 4225,Doskonały jako prezent dla bliskiej osoby.
Affordable Screen 8519,Łatwy w utrzymaniu czystości i bardzo praktyczny.
Premium Bag 2896,"Łatwy w utrzymaniu czystości i bardzo praktyczny. lekki, a jednocześnie wyjątkowo solidny."
Elegant Screen 6728,Zaprojektowany z myślą o komforcie użytkownika.
Refined Pen 7510,"Doskonały jako prezent dla bliskiej osoby. prosty, ale niezwykle funkcjonalny."
Wireless Cup 717,Zaprojektowany z myślą o komforcie użytkownika.
Foldable Wallet 9832,Idealny do codziennego użytku w domu i biurze. idealny do codziennego użytku w domu i biurze.
Innovative Mug 5407,Dzięki kompaktowym wymiarom łatwy do przenoszenia. świetnie sprawdza się w podróży i codziennym użytkowaniu.
Refined Cup 1481,Idealny do codziennego użytku w domu i biurze.
Magnetic Bench 8241,"Łatwy w utrzymaniu czystości i bardzo praktyczny. lekki, a jednocześnie wyjątkowo solidny."
Modern Monitor 7086,Nowoczesny design pasujący do każdego wnętrza. łatwy w utrzymaniu czystości i bardzo praktyczny.
Energy-Saving Bag 8754,Dzięki kompaktowym wymiarom łatwy do przenoszenia. wykonany z wysokiej jakości materiałów zapewniających trwałość.
Innovative Bicycle 8280,Dzięki kompaktowym wymiarom łatwy do przenoszenia.
Efficient Screen 7864,Wykonany z wysokiej jakości materiałów zapewniających trwałość. dzięki kompaktowym wymiarom łatwy do przenoszenia.
Minimalist Basket 181,Nowoczesny design pasujący do każdego wnętrza.
Versatile Clock 4737,"Idealny do codziennego użytku w domu i biurze. prosty, ale niezwykle funkcjonalny."
Refined Container 6401,Świetnie sprawdza się w podróży i codziennym użytkowaniu. doskonały jako prezent dla bliskiej osoby.
Smart-Enabled Frame 7712,"Prosty, ale niezwykle funkcjonalny. wykonany z wysokiej jakości materiałów zapewniających trwałość."
Magnetic Bicycle 1255,Świetnie sprawdza się w podróży i codziennym użytkowaniu.
Powerful Cover 8483,Idealny do codziennego użytku w domu i biurze.
Smart-Enabled Bicycle 7661,"Nowoczesny design pasujący do każdego wnętrza. prosty, ale niezwykle funkcjonalny."
Waterproof Table 4450,Nowoczesny design pasujący do każdego wnętrza.
Minimalist Camera 7629,Wykonany z wysokiej jakości materiałów zapewniających trwałość.
High-Quality Charger 1102,Zaprojektowany z myślą o komforcie użytkownika. idealny do codziennego użytku w domu i biurze.
Eco-Friendly Backpack 4235,Idealny do codziennego użytku w domu i biurze. wykonany z wysokiej jakości materiałów zapewniających trwałość.
Soft Backpack 6995,Świetnie sprawdza się w podróży i codziennym użytkowaniu.
Dynamic Cable 4652,"Doskonały jako prezent dla bliskiej osoby. lekki, a jednocześnie wyjątkowo solidny."
Smart Blanket 4146,Zaprojektowany z myślą o komforcie użytkownika.
Flexible Shelf 6121,"Lekki, a jednocześnie wyjątkowo solidny."
Versatile Box 9853,"Lekki, a jednocześnie wyjątkowo solidny."
Rechargeable Scarf 3115,Dzięki kompaktowym wymiarom łatwy do przenoszenia.
Classic Blanket 1330,Łatwy w utrzymaniu czystości i bardzo praktyczny. świetnie sprawdza się w podróży i codziennym użytkowaniu.
Multi-Functional Shoe 9418,Świetnie sprawdza się w podróży i codziennym użytkowaniu. idealny do codziennego użytku w domu i biurze.
Transparent Razor 3680,Zaprojektowany z myślą o komforcie użytkownika.
Rechargeable Tablet 2918,Dzięki kompaktowym wymiarom łatwy do przenoszenia.
Flexible Drill 8097,Świetnie sprawdza się w podróży i codziennym użytkowaniu.
Flexible Mouse 3490,Zaprojektowany z myślą o komforcie użytkownika. doskonały jako prezent dla bliskiej osoby.
Luxury Mug 7547,"Prosty, ale niezwykle funkcjonalny. dzięki kompaktowym wymiarom łatwy do przenoszenia."
Colorful Cushion 8777,Wykonany z wysokiej jakości materiałów zapewniających trwałość. wykonany z wysokiej jakości materiałów zapewniających trwałość.
Eco-Conscious Plate 7603,Dzięki kompaktowym wymiarom łatwy do przenoszenia.
Modern Lamp 5092,Nowoczesny design pasujący do każdego wnętrza. łatwy w utrzymaniu czystości i bardzo praktyczny.
Compact Case 8380,Świetnie sprawdza się w podróży i codziennym użytkowaniu.
Efficient Watch 4290,Nowoczesny design pasujący do każdego wnętrza.
Strong Mat 9417,"Lekki, a jednocześnie wyjątkowo solidny. wykonany z wysokiej jakości materiałów zapewniających trwałość."
Modern Blanket 5343,Świetnie sprawdza się w podróży i codziennym użytkowaniu.
Magnetic Bicycle 5228,Wykonany z wysokiej jakości materiałów zapewniających trwałość. doskonały jako prezent dla bliskiej osoby.
Colorful Tripod 4317,Dzięki kompaktowym wymiarom łatwy do przenoszenia.
Eco-Friendly Drone 6588,Zaprojektowany z myślą o komforcie użytkownika. dzięki kompaktowym wymiarom łatwy do przenoszenia.
Sustainable Printer 2099,Idealny do codziennego użytku w domu i biurze. dzięki kompaktowym wymiarom łatwy do przenoszenia.
Affordable Jacket 1711,Łatwy w utrzymaniu czystości i bardzo praktyczny. doskonały jako prezent dla bliskiej osoby.
Energy-Saving Cup 4851,Dzięki kompaktowym wymiarom łatwy do przenoszenia. doskonały jako prezent dla bliskiej osoby.
Noise-Cancelling Cup 8433,Zaprojektowany z myślą o komforcie użytkownika.
Versatile Bench 1360,"Lekki, a jednocześnie wyjątkowo solidny."
Affordable Screen 8396,Wykonany z wysokiej jakości materiałów zapewniających trwałość.
Affordable Glasses 5212,"Wykonany z wysokiej jakości materiałów zapewniających trwałość. lekki, a jednocześnie wyjątkowo solidny."
Smart-Enabled Bag 7786,Zaprojektowany z myślą o komforcie użytkownika. dzięki kompaktowym wymiarom łatwy do przenoszenia.
Stylish Container 3924,Nowoczesny design pasujący do każdego wnętrza.
Wireless Bench 3640,"Łatwy w utrzymaniu czystości i bardzo praktyczny. lekki, a jednocześnie wyjątkowo solidny."
Customizable Brush 1704,Świetnie sprawdza się w podróży i codziennym użytkowaniu.
Magnetic Printer 762,Zaprojektowany z myślą o komforcie użytkownika.
Lightweight Wallet 6643,Wykonany z wysokiej jakości materiałów zapewniających trwałość.
Sustainable Wallet 9199,"Prosty, ale niezwykle funkcjonalny. prosty, ale niezwykle funkcjonalny."
Adjustable Mouse 5071,Idealny do codziennego użytku w domu i biurze.
Energy-Saving Tool 291,Nowoczesny design pasujący do każdego wnętrza.
Stylish Fan 1197,Idealny do codziennego użytku w domu i biurze.
Transparent Case 1942,Świetnie sprawdza się w podróży i codziennym użytkowaniu.
Transparent Holder 3479,"Łatwy w utrzymaniu czystości i bardzo praktyczny. lekki, a jednocześnie wyjątkowo solidny."
Premium Mouse 8238,"Prosty, ale niezwykle funkcjonalny."
Soft Brush 8777,Dzięki kompaktowym wymiarom łatwy do przenoszenia.
Ergonomic Scarf 903,"Prosty, ale niezwykle funkcjonalny."
Eco-Safe Monitor 2588,Nowoczesny design pasujący do każdego wnętrza.
Flexible Pen 4200,Zaprojektowany z myślą o komforcie użytkownika.
Transparent Bottle 7187,Doskonały jako prezent dla bliskiej osoby. idealny do codziennego użytku w domu i biurze.
Adjustable Fan 8724,Nowoczesny design pasujący do każdego wnętrza. łatwy w utrzymaniu czystości i bardzo praktyczny.
Magnetic Tablet 8640,Idealny do codziennego użytku w domu i biurze. zaprojektowany z myślą o komforcie użytkownika.
Dynamic Mat 4772,Łatwy w utrzymaniu czystości i bardzo praktyczny. świetnie sprawdza się w podróży i codziennym użytkowaniu.
Magnetic Holder 1884,"Prosty, ale niezwykle funkcjonalny. świetnie sprawdza się w podróży i codziennym użytkowaniu."
Premium-Grade Phone 7403,Nowoczesny design pasujący do każdego wnętrza. zaprojektowany z myślą o komforcie użytkownika.
Eco-Safe Cover 7078,Świetnie sprawdza się w podróży i codziennym użytkowaniu.
Eco-Conscious Drill 8381,Doskonały jako prezent dla bliskiej osoby. nowoczesny design pasujący do każdego wnętrza.
Magnetic Scarf 5345,Idealny do codziennego użytku w domu i biurze. wykonany z wysokiej jakości materiałów zapewniających trwałość.
Modern Umbrella 6564,Doskonały jako prezent dla bliskiej osoby.
Strong Charger 2863,Wykonany z wysokiej jakości materiałów zapewniających trwałość.
Stylish Mug 8010,Łatwy w utrzymaniu czystości i bardzo praktyczny.
Reliable Container 9429,Łatwy w utrzymaniu czystości i bardzo praktyczny.
Balanced Toy 6018,Zaprojektowany z myślą o komforcie użytkownika.
Practical Shelf 4913,Świetnie sprawdza się w podróży i codziennym użytkowaniu.
Ergonomic Bag 2739,Idealny do codziennego użytku w domu i biurze.
Noise-Cancelling Mat 7628,Doskonały jako prezent dla bliskiej osoby.
Magnetic Bench 6399,Świetnie sprawdza się w podróży i codziennym użytkowaniu.
Durable Router 9437,Idealny do codziennego użytku w domu i biurze. nowoczesny design pasujący do każdego wnętrza.
High-Quality Umbrella 3841,"Nowoczesny design pasujący do każdego wnętrza. lekki, a jednocześnie wyjątkowo solidny."
Ergonomic Keyboard 9381,Łatwy w utrzymaniu czystości i bardzo praktyczny.
Affordable Speaker 269,Doskonały jako prezent dla bliskiej osoby. zaprojektowany z myślą o komforcie użytkownika.
Modern Backpack 1920,Nowoczesny design pasujący do każdego wnętrza.
Ultra-Light Jacket 2547,Idealny do codziennego użytku w domu i biurze.
Refined Bicycle 2475,Łatwy w utrzymaniu czystości i bardzo praktyczny.
Eco-Friendly Cover 684,Nowoczesny design pasujący do każdego wnętrza. idealny do codziennego użytku w domu i biurze.
Rechargeable Tablet 5850,Doskonały jako prezent dla bliskiej osoby.
Flexible Glove 6519,Świetnie sprawdza się w podróży i codziennym użytkowaniu.
Wireless Clock 7254,Doskonały jako prezent dla bliskiej osoby. świetnie sprawdza się w podróży i codziennym użytkowaniu.
Compact Drill 6811,Idealny do codziennego użytku w domu i biurze. zaprojektowany z myślą o komforcie użytkownika.
Premium-Grade Drone 9900,Wykonany z wysokiej jakości materiałów zapewniających trwałość.
Reliable Glasses 3251,Zaprojektowany z myślą o komforcie użytkownika. nowoczesny design pasujący do każdego wnętrza.
Eco-Safe Shelf 5073,Dzięki kompaktowym wymiarom łatwy do przenoszenia. zaprojektowany z myślą o komforcie użytkownika.
Advanced Bench 9535,Łatwy w utrzymaniu czystości i bardzo praktyczny.
Dynamic Drone 956,"Prosty, ale niezwykle funkcjonalny. wykonany z wysokiej jakości materiałów zapewniających trwałość."
Reliable Scarf 9781,"Lekki, a jednocześnie wyjątkowo solidny."
Powerful Tool 7240,Wykonany z wysokiej jakości materiałów zapewniających trwałość. nowoczesny design pasujący do każdego wnętrza.
Sustainable Flashlight 5354,Dzięki kompaktowym wymiarom łatwy do przenoszenia. wykonany z wysokiej jakości materiałów zapewniających trwałość.
Elegant Container 3231,"Nowoczesny design pasujący do każdego wnętrza. lekki, a jednocześnie wyjątkowo solidny."
Advanced Bench 8375,Dzięki kompaktowym wymiarom łatwy do przenoszenia.
High-Quality Belt 644,Świetnie sprawdza się w podróży i codziennym użytkowaniu.
Compact Mouse 3114,Łatwy w utrzymaniu czystości i bardzo praktyczny. dzięki kompaktowym wymiarom łatwy do przenoszenia.
Noise-Cancelling Box 4647,"Lekki, a jednocześnie wyjątkowo solidny."
Ergonomic Router 9302,Wykonany z wysokiej jakości materiałów zapewniających trwałość.
Wireless Box 9802,"Idealny do codziennego użytku w domu i biurze. lekki, a jednocześnie wyjątkowo solidny."
Ultra-Light Bag 7032,"Prosty, ale niezwykle funkcjonalny. idealny do codziennego użytku w domu i biurze."
Ergonomic Phone 3528,"Świetnie sprawdza się w podróży i codziennym użytkowaniu. lekki, a jednocześnie wyjątkowo solidny."
Durable Bench 7842,Wykonany z wysokiej jakości materiałów zapewniających trwałość. łatwy w utrzymaniu czystości i bardzo praktyczny.
Eco-Conscious Backpack 5320,Dzięki kompaktowym wymiarom łatwy do przenoszenia. wykonany z wysokiej jakości materiałów zapewniających trwałość.
Soft Glove 1228,"Zaprojektowany z myślą o komforcie użytkownika. prosty, ale niezwykle funkcjonalny."
Transparent Belt 6516,"Lekki, a jednocześnie wyjątkowo solidny."
Noise-Cancelling Tablet 6526,"Prosty, ale niezwykle funkcjonalny."
Eco-Safe Chair 5751,Nowoczesny design pasujący do każdego wnętrza. doskonały jako prezent dla bliskiej osoby.
Transparent Blanket 7395,Wykonany z wysokiej jakości materiałów zapewniających trwałość.
Practical Fan 6612,Dzięki kompaktowym wymiarom łatwy do przenoszenia.
Multi-Functional Basket 7339,Idealny do codziennego użytku w domu i biurze. dzięki kompaktowym wymiarom łatwy do przenoszenia.
Energy-Saving Pillow 8876,Doskonały jako prezent dla bliskiej osoby. świetnie sprawdza się w podróży i codziennym użytkowaniu.
Balanced Lamp 3029,"Świetnie sprawdza się w podróży i codziennym użytkowaniu. prosty, ale niezwykle funkcjonalny."
Affordable Drill 5780,Doskonały jako prezent dla bliskiej osoby.
Customizable Drill 5233,Idealny do codziennego użytku w domu i biurze.
Comfortable Headphones 9005,Idealny do codziennego użytku w domu i biurze.
Modern Fan 411,Łatwy w utrzymaniu czystości i bardzo praktyczny.
Lightweight Toy 4386,"Prosty, ale niezwykle funkcjonalny. doskonały jako prezent dla bliskiej osoby."
Durable Pillow 7670,"Lekki, a jednocześnie wyjątkowo solidny."
Foldable Cable 5216,"Lekki, a jednocześnie wyjątkowo solidny."
Noise-Cancelling Drill 842,Doskonały jako prezent dla bliskiej osoby. zaprojektowany z myślą o komforcie użytkownika.
Adjustable Pen 280,Nowoczesny design pasujący do każdego wnętrza. dzięki kompaktowym wymiarom łatwy do przenoszenia.
Ultra-Light Mirror 8188,Zaprojektowany z myślą o komforcie użytkownika.
Elegant Blanket 6549,Świetnie sprawdza się w podróży i codziennym użytkowaniu. idealny do codziennego użytku w domu i biurze.
Eco-Friendly Camera 899,Łatwy w utrzymaniu czystości i bardzo praktyczny. zaprojektowany z myślą o komforcie użytkownika.
Minimalist Camera 3996,Dzięki kompaktowym wymiarom łatwy do przenoszenia. zaprojektowany z myślą o komforcie użytkownika.
Sustainable Notebook 8356,Idealny do codziennego użytku w domu i biurze. doskonały jako prezent dla bliskiej osoby.
Modern Case 6886,Wykonany z wysokiej jakości materiałów zapewniających trwałość.
Robust Bag 963,Doskonały jako prezent dla bliskiej osoby.
Transparent Printer 765,Świetnie sprawdza się w podróży i codziennym użytkowaniu. idealny do codziennego użytku w domu i biurze.
Compact Powerbank 4238,Nowoczesny design pasujący do każdego wnętrza.
Modern Powerbank 1332,Zaprojektowany z myślą o komforcie użytkownika.
Ultra-Light Brush 4632,Świetnie sprawdza się w podróży i codziennym użytkowaniu.
Energy-Saving Pillow 6036,Wykonany z wysokiej jakości materiałów zapewniających trwałość.
Colorful Blanket 6642,Idealny do codziennego użytku w domu i biurze.
Versatile Towel 1864,"Dzięki kompaktowym wymiarom łatwy do przenoszenia. prosty, ale niezwykle funkcjonalny."
Luxury Printer 4272,"Lekki, a jednocześnie wyjątkowo solidny."
Soft Lamp 2565,"Lekki, a jednocześnie wyjątkowo solidny. doskonały jako prezent dla bliskiej osoby."
Energy-Saving Blanket 9662,Wykonany z wysokiej jakości materiałów zapewniających trwałość. dzięki kompaktowym wymiarom łatwy do przenoszenia.
Minimalist Clock 4611,Zaprojektowany z myślą o komforcie użytkownika.
Compact Camera 9790,"Prosty, ale niezwykle funkcjonalny."
Lightweight Bag 5037,Zaprojektowany z myślą o komforcie użytkownika.
Premium Stand 2312,Doskonały jako prezent dla bliskiej osoby. nowoczesny design pasujący do każdego wnętrza.
Affordable Plate 5812,Łatwy w utrzymaniu czystości i bardzo praktyczny. dzięki kompaktowym wymiarom łatwy do przenoszenia.
High-Quality Cable 2947,Wykonany z wysokiej jakości materiałów zapewniających trwałość.
Dynamic Mug 4832,Wykonany z wysokiej jakości materiałów zapewniających trwałość.
Innovative Drill 5886,Idealny do codziennego użytku w domu i biurze.
High-Quality Bicycle 1718,"Prosty, ale niezwykle funkcjonalny."
Balanced Blanket 4628,"Dzięki kompaktowym wymiarom łatwy do przenoszenia. lekki, a jednocześnie wyjątkowo solidny."
Colorful Flashlight 5142,Doskonały jako prezent dla bliskiej osoby. nowoczesny design pasujący do każdego wnętrza.
Lightweight Stand 5522,Wykonany z wysokiej jakości materiałów zapewniających trwałość. świetnie sprawdza się w podróży i codziennym użytkowaniu.
Reliable Flashlight 8448,Świetnie sprawdza się w podróży i codziennym użytkowaniu.
Innovative Table 5037,Świetnie sprawdza się w podróży i codziennym użytkowaniu.
Affordable Cushion 7352,"Dzięki kompaktowym wymiarom łatwy do przenoszenia. lekki, a jednocześnie wyjątkowo solidny."
Rechargeable Holder 3922,"Prosty, ale niezwykle funkcjonalny. nowoczesny design pasujący do każdego wnętrza."
Magnetic Brush 400,Nowoczesny design pasujący do każdego wnętrza.
Sustainable Tripod 4303,Świetnie sprawdza się w podróży i codziennym użytkowaniu.
Sustainable Shoe 1631,Idealny do codziennego użytku w domu i biurze.
Eco-Friendly Router 1431,Doskonały jako prezent dla bliskiej osoby. nowoczesny design pasujący do każdego wnętrza.
Smart Keyboard 6335,Zaprojektowany z myślą o komforcie użytkownika.
Balanced Basket 5483,Doskonały jako prezent dla bliskiej osoby.
Eco-Friendly Frame 8416,Nowoczesny design pasujący do każdego wnętrza.
Classic Toy 78,"Prosty, ale niezwykle funkcjonalny. idealny do codziennego użytku w domu i biurze."
Smart-Enabled Necklace 1620,"Łatwy w utrzymaniu czystości i bardzo praktyczny. lekki, a jednocześnie wyjątkowo solidny."
Transparent Cover 3461,Nowoczesny design pasujący do każdego wnętrza.
Stylish Cover 2581,Doskonały jako prezent dla bliskiej osoby. świetnie sprawdza się w podróży i codziennym użytkowaniu.
Waterproof Ring 2301,Nowoczesny design pasujący do każdego wnętrza.
Flexible Phone 1377,Dzięki kompaktowym wymiarom łatwy do przenoszenia. wykonany z wysokiej jakości materiałów zapewniających trwałość.
Smart Pen 4342,Nowoczesny design pasujący do każdego wnętrza.
Minimalist Tripod 7192,Dzięki kompaktowym wymiarom łatwy do przenoszenia. idealny do codziennego użytku w domu i biurze.
Refined Frame 7231,Świetnie sprawdza się w podróży i codziennym użytkowaniu.
Modern Jacket 2956,"Prosty, ale niezwykle funkcjonalny."
Flexible Case 1402,Nowoczesny design pasujący do każdego wnętrza. łatwy w utrzymaniu czystości i bardzo praktyczny.
High-Quality Pillow 955,Wykonany z wysokiej jakości materiałów zapewniających trwałość.
Durable Watch 6242,"Lekki, a jednocześnie wyjątkowo solidny. idealny do codziennego użytku w domu i biurze."
Ultra-Light Clock 1847,Łatwy w utrzymaniu czystości i bardzo praktyczny. zaprojektowany z myślą o komforcie użytkownika.
Efficient Cushion 4315,Wykonany z wysokiej jakości materiałów zapewniających trwałość.
Comfortable Ring 8556,Nowoczesny design pasujący do każdego wnętrza. zaprojektowany z myślą o komforcie użytkownika.
Multi-Functional Mirror 4738,Wykonany z wysokiej jakości materiałów zapewniających trwałość. idealny do codziennego użytku w domu i biurze.
Portable Mug 8157,Doskonały jako prezent dla bliskiej osoby. świetnie sprawdza się w podróży i codziennym użytkowaniu.
Versatile Cushion 9049,Doskonały jako prezent dla bliskiej osoby.
Modern Ring 6708,Doskonały jako prezent dla bliskiej osoby.
Affordable Lamp 5494,Zaprojektowany z myślą o komforcie użytkownika.
Modern Blanket 2354,Zaprojektowany z myślą o komforcie użytkownika. łatwy w utrzymaniu czystości i bardzo praktyczny.
Foldable Router 2563,Doskonały jako prezent dla bliskiej osoby. idealny do codziennego użytku w domu i biurze.
Classic Drone 3166,Idealny do codziennego użytku w domu i biurze. zaprojektowany z myślą o komforcie użytkownika.
Noise-Cancelling Towel 1341,Zaprojektowany z myślą o komforcie użytkownika.
Transparent Cable 9065,Łatwy w utrzymaniu czystości i bardzo praktyczny. łatwy w utrzymaniu czystości i bardzo praktyczny.
Minimalist Toy 4477,Łatwy w utrzymaniu czystości i bardzo praktyczny.
Foldable Notebook 5534,Dzięki kompaktowym wymiarom łatwy do przenoszenia. dzięki kompaktowym wymiarom łatwy do przenoszenia.
Versatile Camera 6428,"Doskonały jako prezent dla bliskiej osoby. prosty, ale niezwykle funkcjonalny."
Minimalist Jacket 6111,"Prosty, ale niezwykle funkcjonalny. świetnie sprawdza się w podróży i codziennym użytkowaniu."
Sustainable Umbrella 3153,Idealny do codziennego użytku w domu i biurze. łatwy w utrzymaniu czystości i bardzo praktyczny.
Wireless Jacket 1739,Idealny do codziennego użytku w domu i biurze. dzięki kompaktowym wymiarom łatwy do przenoszenia.
Modern Mouse 1240,Dzięki kompaktowym wymiarom łatwy do przenoszenia.
Ultra-Light Razor 4959,Nowoczesny design pasujący do każdego wnętrza.
Soft Frame 8591,Dzięki kompaktowym wymiarom łatwy do przenoszenia. dzięki kompaktowym wymiarom łatwy do przenoszenia.
Eco-Safe Razor 9089,Zaprojektowany z myślą o komforcie użytkownika. dzięki kompaktowym wymiarom łatwy do przenoszenia.
Energy-Saving Stand 4355,Wykonany z wysokiej jakości materiałów zapewniających trwałość. świetnie sprawdza się w podróży i codziennym użytkowaniu.
Efficient Tool 1073,Nowoczesny design pasujący do każdego wnętrza.
Robust Phone 5200,Idealny do codziennego użytku w domu i biurze.
Modern Printer 6846,"Prosty, ale niezwykle funkcjonalny. doskonały jako prezent dla bliskiej osoby."
Smart Monitor 1583,"Idealny do codziennego użytku w domu i biurze. prosty, ale niezwykle funkcjonalny."
Advanced Cable 4397,Świetnie sprawdza się w podróży i codziennym użytkowaniu. dzięki kompaktowym wymiarom łatwy do przenoszenia.
Noise-Cancelling Tool 7413,Łatwy w utrzymaniu czystości i bardzo praktyczny.
Classic Keyboard 4050,"Lekki, a jednocześnie wyjątkowo solidny. idealny do codziennego użytku w domu i biurze."
Transparent Lamp 4615,"Lekki, a jednocześnie wyjątkowo solidny. zaprojektowany z myślą o komforcie użytkownika."
Foldable Printer 638,Świetnie sprawdza się w podróży i codziennym użytkowaniu. doskonały jako prezent dla bliskiej osoby.
Innovative Drone 6960,Idealny do codziennego użytku w domu i biurze. wykonany z wysokiej jakości materiałów zapewniających trwałość.
Smart Clock 8771,"Zaprojektowany z myślą o komforcie użytkownika. lekki, a jednocześnie wyjątkowo solidny."
Refined Plate 8835,"Świetnie sprawdza się w podróży i codziennym użytkowaniu. lekki, a jednocześnie wyjątkowo solidny."
Rechargeable Holder 8124,"Prosty, ale niezwykle funkcjonalny."
Noise-Cancelling Watch 5360,"Prosty, ale niezwykle funkcjonalny."
Classic Case 3929,"Prosty, ale niezwykle funkcjonalny. idealny do codziennego użytku w domu i biurze."
Comfortable Monitor 4605,Doskonały jako prezent dla bliskiej osoby. doskonały jako prezent dla bliskiej osoby.
Robust Stand 8857,Doskonały jako prezent dla bliskiej osoby. łatwy w utrzymaniu czystości i bardzo praktyczny.
Waterproof Router 246,Nowoczesny design pasujący do każdego wnętrza.
Foldable Mug 4277,"Prosty, ale niezwykle funkcjonalny. dzięki kompaktowym wymiarom łatwy do przenoszenia."
Reliable Brush 7104,Nowoczesny design pasujący do każdego wnętrza. doskonały jako prezent dla bliskiej osoby.
Eco-Conscious Cover 6500,"Prosty, ale niezwykle funkcjonalny."
Powerful Mat 3859,"Lekki, a jednocześnie wyjątkowo solidny."
Eco-Conscious Watch 3964,"Lekki, a jednocześnie wyjątkowo solidny."
Foldable Umbrella 2779,"Prosty, ale niezwykle funkcjonalny."
Powerful Necklace 3843,Świetnie sprawdza się w podróży i codziennym użytkowaniu.
Magnetic Router 2403,"Lekki, a jednocześnie wyjątkowo solidny. idealny do codziennego użytku w domu i biurze."
Refined Blanket 115,Świetnie sprawdza się w podróży i codziennym użytkowaniu. świetnie sprawdza się w podróży i codziennym użytkowaniu.
Eco-Safe Mat 4924,Idealny do codziennego użytku w domu i biurze. zaprojektowany z myślą o komforcie użytkownika.
Premium Wallet 3391,Dzięki kompaktowym wymiarom łatwy do przenoszenia.
Lightweight Charger 1593,Doskonały jako prezent dla bliskiej osoby.
Premium-Grade Bag 8550,Doskonały jako prezent dla bliskiej osoby.
Ultra-Light Chair 9667,"Prosty, ale niezwykle funkcjonalny."
Sustainable Ring 6897,Doskonały jako prezent dla bliskiej osoby. świetnie sprawdza się w podróży i codziennym użytkowaniu.
Luxury Mat 3071,"Łatwy w utrzymaniu czystości i bardzo praktyczny. prosty, ale niezwykle funkcjonalny."
Durable Bottle 3629,"Lekki, a jednocześnie wyjątkowo solidny. nowoczesny design pasujący do każdego wnętrza."
Strong Keyboard 7195,"Prosty, ale niezwykle funkcjonalny."
Versatile Drill 1450,Idealny do codziennego użytku w domu i biurze. łatwy w utrzymaniu czystości i bardzo praktyczny.
Rechargeable Phone 9629,"Lekki, a jednocześnie wyjątkowo solidny."
Compact Blanket 2758,Wykonany z wysokiej jakości materiałów zapewniających trwałość.
Affordable Pen 2342,Dzięki kompaktowym wymiarom łatwy do przenoszenia. świetnie sprawdza się w podróży i codziennym użytkowaniu.
Refined Umbrella 9579,Dzięki kompaktowym wymiarom łatwy do przenoszenia.
Premium Drone 5514,Zaprojektowany z myślą o komforcie użytkownika.
Advanced Glasses 3802,"Łatwy w utrzymaniu czystości i bardzo praktyczny. prosty, ale niezwykle funkcjonalny."
Eco-Conscious Wallet 3701,Nowoczesny design pasujący do każdego wnętrza.
Energy-Saving Brush 1583,"Prosty, ale niezwykle funkcjonalny."
Advanced Clock 9456,"Lekki, a jednocześnie wyjątkowo solidny. doskonały jako prezent dla bliskiej osoby."
Innovative Brush 6313,Zaprojektowany z myślą o komforcie użytkownika.
Minimalist Ring 3936,Zaprojektowany z myślą o komforcie użytkownika.
Practical Towel 4934,"Lekki, a jednocześnie wyjątkowo solidny. idealny do codziennego użytku w domu i biurze."
Portable Glove 8598,Świetnie sprawdza się w podróży i codziennym użytkowaniu. idealny do codziennego użytku w domu i biurze.
Sustainable Fan 4968,"Prosty, ale niezwykle funkcjonalny. zaprojektowany z myślą o komforcie użytkownika."
Portable Container 2729,Nowoczesny design pasujący do każdego wnętrza. świetnie sprawdza się w podróży i codziennym użytkowaniu.
Innovative Fan 8463,"Prosty, ale niezwykle funkcjonalny."
Classic Notebook 3484,"Wykonany z wysokiej jakości materiałów zapewniających trwałość. prosty, ale niezwykle funkcjonalny."
Versatile Ring 9856,Wykonany z wysokiej jakości materiałów zapewniających trwałość.
Innovative Clock 8403,Wykonany z wysokiej jakości materiałów zapewniających trwałość.
Ultra-Light Pen 8997,Świetnie sprawdza się w podróży i codziennym użytkowaniu. łatwy w utrzymaniu czystości i bardzo praktyczny.
Customizable Mug 6800,Zaprojektowany z myślą o komforcie użytkownika. świetnie sprawdza się w podróży i codziennym użytkowaniu.
Minimalist Chair 1970,Zaprojektowany z myślą o komforcie użytkownika.
Premium Router 7307,Wykonany z wysokiej jakości materiałów zapewniających trwałość.
Innovative Necklace 3028,Łatwy w utrzymaniu czystości i bardzo praktyczny.
High-Quality Towel 1376,"Łatwy w utrzymaniu czystości i bardzo praktyczny. prosty, ale niezwykle funkcjonalny."
Rechargeable Printer 2804,Zaprojektowany z myślą o komforcie użytkownika.
Efficient Backpack 4451,"Świetnie sprawdza się w podróży i codziennym użytkowaniu. lekki, a jednocześnie wyjątkowo solidny."
Affordable Chair 1671,Doskonały jako prezent dla bliskiej osoby. doskonały jako prezent dla bliskiej osoby.
Adjustable Razor 9382,Wykonany z wysokiej jakości materiałów zapewniających trwałość.
Magnetic Keyboard 89,Idealny do codziennego użytku w domu i biurze.
Lightweight Stand 6097,Zaprojektowany z myślą o komforcie użytkownika.
Eco-Conscious Shelf 721,Świetnie sprawdza się w podróży i codziennym użytkowaniu.
Reliable Frame 4218,Dzięki kompaktowym wymiarom łatwy do przenoszenia.
Smart Camera 2443,"Prosty, ale niezwykle funkcjonalny. lekki, a jednocześnie wyjątkowo solidny."
Magnetic Cushion 2339,"Prosty, ale niezwykle funkcjonalny. lekki, a jednocześnie wyjątkowo solidny."
Smart Cushion 608,"Prosty, ale niezwykle funkcjonalny."
Practical Backpack 1874,Świetnie sprawdza się w podróży i codziennym użytkowaniu. idealny do codziennego użytku w domu i biurze.
Magnetic Camera 1392,"Prosty, ale niezwykle funkcjonalny. idealny do codziennego użytku w domu i biurze."
Compact Pillow 8589,Świetnie sprawdza się w podróży i codziennym użytkowaniu. łatwy w utrzymaniu czystości i bardzo praktyczny.
Transparent Scarf 1402,Zaprojektowany z myślą o komforcie użytkownika. wykonany z wysokiej jakości materiałów zapewniających trwałość.
Efficient Notebook 4481,"Prosty, ale niezwykle funkcjonalny."
Lightweight Tripod 6269,Nowoczesny design pasujący do każdego wnętrza.
Stylish Charger 2535,Nowoczesny design pasujący do każdego wnętrza. zaprojektowany z myślą o komforcie użytkownika.
High-Quality Mat 4193,"Prosty, ale niezwykle funkcjonalny. prosty, ale niezwykle funkcjonalny."
Innovative Cover 8426,"Świetnie sprawdza się w podróży i codziennym użytkowaniu. prosty, ale niezwykle funkcjonalny."
Waterproof Tool 4458,Świetnie sprawdza się w podróży i codziennym użytkowaniu. świetnie sprawdza się w podróży i codziennym użytkowaniu.
Ultra-Light Bottle 6736,Doskonały jako prezent dla bliskiej osoby. łatwy w utrzymaniu czystości i bardzo praktyczny.
Comfortable Drill 2677,Łatwy w utrzymaniu czystości i bardzo praktyczny. zaprojektowany z myślą o komforcie użytkownika.
Versatile Pillow 8403,Doskonały jako prezent dla bliskiej osoby.
Compact Glasses 6500,Świetnie sprawdza się w podróży i codziennym użytkowaniu. dzięki kompaktowym wymiarom łatwy do przenoszenia.
Flexible Drone 2292,Wykonany z wysokiej jakości materiałów zapewniających trwałość.
Sustainable Bottle 9080,"Nowoczesny design pasujący do każdego wnętrza. prosty, ale niezwykle funkcjonalny."
Efficient Camera 4246,Świetnie sprawdza się w podróży i codziennym użytkowaniu. doskonały jako prezent dla bliskiej osoby.
Smart-Enabled Mouse 5280,"Prosty, ale niezwykle funkcjonalny. idealny do codziennego użytku w domu i biurze."
Durable Belt 3649,"Prosty, ale niezwykle funkcjonalny. lekki, a jednocześnie wyjątkowo solidny."
Precision Shelf 3536,"Prosty, ale niezwykle funkcjonalny. doskonały jako prezent dla bliskiej osoby."
Multi-Functional Keyboard 781,"Lekki, a jednocześnie wyjątkowo solidny. lekki, a jednocześnie wyjątkowo solidny."
Reliable Ring 3593,Dzięki kompaktowym wymiarom łatwy do przenoszenia. doskonały jako prezent dla bliskiej osoby.
Innovative Router 8214,"Prosty, ale niezwykle funkcjonalny. zaprojektowany z myślą o komforcie użytkownika."
Customizable Mouse 8700,"Lekki, a jednocześnie wyjątkowo solidny."
Lightweight Speaker 5510,Zaprojektowany z myślą o komforcie użytkownika.
Sustainable Cushion 9980,Nowoczesny design pasujący do każdego wnętrza.
Robust Table 6311,Świetnie sprawdza się w podróży i codziennym użytkowaniu.
Compact Glove 3780,"Łatwy w utrzymaniu czystości i bardzo praktyczny. lekki, a jednocześnie wyjątkowo solidny."
Magnetic Speaker 2035,"Zaprojektowany z myślą o komforcie użytkownika. prosty, ale niezwykle funkcjonalny."
Elegant Case 1870,Zaprojektowany z myślą o komforcie użytkownika.
Comfortable Bench 3317,Łatwy w utrzymaniu czystości i bardzo praktyczny.
Elegant Bottle 3051,Świetnie sprawdza się w podróży i codziennym użytkowaniu. wykonany z wysokiej jakości materiałów zapewniających trwałość.
Customizable Mirror 7790,Doskonały jako prezent dla bliskiej osoby.
Robust Towel 2361,"Lekki, a jednocześnie wyjątkowo solidny."
Rechargeable Camera 1809,Wykonany z wysokiej jakości materiałów zapewniających trwałość. wykonany z wysokiej jakości materiałów zapewniających trwałość.
Smart Clock 9682,Łatwy w utrzymaniu czystości i bardzo praktyczny.
Magnetic Brush 1305,Zaprojektowany z myślą o komforcie użytkownika. wykonany z wysokiej jakości materiałów zapewniających trwałość.
Premium-Grade Notebook 5390,Dzięki kompaktowym wymiarom łatwy do przenoszenia.
Eco-Conscious Screen 1229,"Łatwy w utrzymaniu czystości i bardzo praktyczny. lekki, a jednocześnie wyjątkowo solidny."
Efficient Bicycle 423,Łatwy w utrzymaniu czystości i bardzo praktyczny.
Precision Mirror 5928,Idealny do codziennego użytku w domu i biurze.
Noise-Cancelling Frame 4569,"Lekki, a jednocześnie wyjątkowo solidny."
Minimalist Charger 5657,"Lekki, a jednocześnie wyjątkowo solidny. nowoczesny design pasujący do każdego wnętrza."
Luxury Camera 8859,Świetnie sprawdza się w podróży i codziennym użytkowaniu.
Strong Watch 4988,Łatwy w utrzymaniu czystości i bardzo praktyczny.
Robust Stand 3634,Doskonały jako prezent dla bliskiej osoby. idealny do codziennego użytku w domu i biurze.
Soft Cup 1889,Łatwy w utrzymaniu czystości i bardzo praktyczny.
Powerful Mouse 2530,Łatwy w utrzymaniu czystości i bardzo praktyczny. wykonany z wysokiej jakości materiałów zapewniających trwałość.
Robust Screen 3596,Łatwy w utrzymaniu czystości i bardzo praktyczny. zaprojektowany z myślą o komforcie użytkownika.
Colorful Ring 605,Świetnie sprawdza się w podróży i codziennym użytkowaniu.
Versatile Bottle 1200,Łatwy w utrzymaniu czystości i bardzo praktyczny.
Waterproof Mat 8493,Idealny do codziennego użytku w domu i biurze.
Precision Shelf 1495,Doskonały jako prezent dla bliskiej osoby. doskonały jako prezent dla bliskiej osoby.
Magnetic Tablet 7643,"Świetnie sprawdza się w podróży i codziennym użytkowaniu. lekki, a jednocześnie wyjątkowo solidny."
Precision Lamp 6385,Dzięki kompaktowym wymiarom łatwy do przenoszenia.
Wireless Drill 3924,Dzięki kompaktowym wymiarom łatwy do przenoszenia. wykonany z wysokiej jakości materiałów zapewniających trwałość.
Classic Glove 55,"Prosty, ale niezwykle funkcjonalny. dzięki kompaktowym wymiarom łatwy do przenoszenia."
Modern Bench 6967,Łatwy w utrzymaniu czystości i bardzo praktyczny. wykonany z wysokiej jakości materiałów zapewniających trwałość.
Modern Tablet 6873,Dzięki kompaktowym wymiarom łatwy do przenoszenia.
Luxury Cable 2581,"Prosty, ale niezwykle funkcjonalny."
Flexible Mug 6130,Świetnie sprawdza się w podróży i codziennym użytkowaniu. zaprojektowany z myślą o komforcie użytkownika.
Ultra-Light Tablet 4422,Wykonany z wysokiej jakości materiałów zapewniających trwałość.
Magnetic Fan 4768,Wykonany z wysokiej jakości materiałów zapewniających trwałość.
Ergonomic Phone 8534,Doskonały jako prezent dla bliskiej osoby. idealny do codziennego użytku w domu i biurze.
Smart Bicycle 1433,Idealny do codziennego użytku w domu i biurze. łatwy w utrzymaniu czystości i bardzo praktyczny.
Robust Tablet 2360,Nowoczesny design pasujący do każdego wnętrza.
Strong Glasses 4240,"Zaprojektowany z myślą o komforcie użytkownika. lekki, a jednocześnie wyjątkowo solidny."
Flexible Keyboard 4339,Dzięki kompaktowym wymiarom łatwy do przenoszenia.
Comfortable Keyboard 3062,Doskonały jako prezent dla bliskiej osoby. zaprojektowany z myślą o komforcie użytkownika.
Compact Ring 1297,Nowoczesny design pasujący do każdego wnętrza. zaprojektowany z myślą o komforcie użytkownika.
Efficient Shoe 6887,"Wykonany z wysokiej jakości materiałów zapewniających trwałość. prosty, ale niezwykle funkcjonalny."
Classic Brush 5331,Zaprojektowany z myślą o komforcie użytkownika. świetnie sprawdza się w podróży i codziennym użytkowaniu.
Comfortable Tablet 4644,"Lekki, a jednocześnie wyjątkowo solidny."
Strong Necklace 5173,"Idealny do codziennego użytku w domu i biurze. prosty, ale niezwykle funkcjonalny."
Innovative Bag 5873,Nowoczesny design pasujący do każdego wnętrza.
Innovative Powerbank 2241,"Prosty, ale niezwykle funkcjonalny. zaprojektowany z myślą o komforcie użytkownika."
Modern Pen 4325,Łatwy w utrzymaniu czystości i bardzo praktyczny.
Eco-Friendly Blanket 4427,"Lekki, a jednocześnie wyjątkowo solidny."
Noise-Cancelling Monitor 3357,"Prosty, ale niezwykle funkcjonalny."
Lightweight Screen 1408,Idealny do codziennego użytku w domu i biurze.
Rechargeable Frame 6697,"Lekki, a jednocześnie wyjątkowo solidny."
Refined Blanket 481,Dzięki kompaktowym wymiarom łatwy do przenoszenia. świetnie sprawdza się w podróży i codziennym użytkowaniu.
Powerful Drill 5725,"Lekki, a jednocześnie wyjątkowo solidny. świetnie sprawdza się w podróży i codziennym użytkowaniu."
Classic Belt 1796,Idealny do codziennego użytku w domu i biurze. idealny do codziennego użytku w domu i biurze.
Waterproof Table 6211,Świetnie sprawdza się w podróży i codziennym użytkowaniu.
Noise-Cancelling Necklace 5166,Dzięki kompaktowym wymiarom łatwy do przenoszenia. łatwy w utrzymaniu czystości i bardzo praktyczny.
Flexible Toy 3022,"Lekki, a jednocześnie wyjątkowo solidny. zaprojektowany z myślą o komforcie użytkownika."
Wireless Router 837,Świetnie sprawdza się w podróży i codziennym użytkowaniu. doskonały jako prezent dla bliskiej osoby.
Minimalist Necklace 8837,Nowoczesny design pasujący do każdego wnętrza. wykonany z wysokiej jakości materiałów zapewniających trwałość.
Practical Tripod 1609,Nowoczesny design pasujący do każdego wnętrza.
Waterproof Glasses 8632,Zaprojektowany z myślą o komforcie użytkownika.
Wireless Router 6309,"Prosty, ale niezwykle funkcjonalny."
Eco-Conscious Blanket 6112,Wykonany z wysokiej jakości materiałów zapewniających trwałość.
Soft Drill 1180,Łatwy w utrzymaniu czystości i bardzo praktyczny.
Strong Cup 4392,Doskonały jako prezent dla bliskiej osoby.
Waterproof Camera 7403,Doskonały jako prezent dla bliskiej osoby. nowoczesny design pasujący do każdego wnętrza.
Classic Glove 2065,Doskonały jako prezent dla bliskiej osoby.
Minimalist Frame 1547,Dzięki kompaktowym wymiarom łatwy do przenoszenia. dzięki kompaktowym wymiarom łatwy do przenoszenia.
Foldable Bottle 6242,Idealny do codziennego użytku w domu i biurze. wykonany z wysokiej jakości materiałów zapewniających trwałość.
Rechargeable Backpack 4495,Dzięki kompaktowym wymiarom łatwy do przenoszenia.
Advanced Drill 7402,Zaprojektowany z myślą o komforcie użytkownika. łatwy w utrzymaniu czystości i bardzo praktyczny.
Balanced Stand 3345,Doskonały jako prezent dla bliskiej osoby. zaprojektowany z myślą o komforcie użytkownika.
Colorful Cable 2952,Doskonały jako prezent dla bliskiej osoby. doskonały jako prezent dla bliskiej osoby.
Efficient Necklace 6992,Zaprojektowany z myślą o komforcie użytkownika. łatwy w utrzymaniu czystości i bardzo praktyczny.
Efficient Ring 631,Idealny do codziennego użytku w domu i biurze. wykonany z wysokiej jakości materiałów zapewniających trwałość.
Practical Mouse 6966,Zaprojektowany z myślą o komforcie użytkownika. łatwy w utrzymaniu czystości i bardzo praktyczny.
Stylish Lamp 9902,Doskonały jako prezent dla bliskiej osoby. zaprojektowany z myślą o komforcie użytkownika.
Rechargeable Cushion 5981,"Nowoczesny design pasujący do każdego wnętrza. prosty, ale niezwykle funkcjonalny."
Robust Powerbank 8109,Doskonały jako prezent dla bliskiej osoby.
Modern Shoe 735,Idealny do codziennego użytku w domu i biurze.
Modern Shoe 3352,"Prosty, ale niezwykle funkcjonalny. lekki, a jednocześnie wyjątkowo solidny."
Modern Lamp 8006,Zaprojektowany z myślą o komforcie użytkownika.
Eco-Friendly Pen 1272,Idealny do codziennego użytku w domu i biurze. idealny do codziennego użytku w domu i biurze.
Strong Router 7322,"Lekki, a jednocześnie wyjątkowo solidny. lekki, a jednocześnie wyjątkowo solidny."
Robust Cover 1519,Wykonany z wysokiej jakości materiałów zapewniających trwałość. idealny do codziennego użytku w domu i biurze.
Compact Bottle 6050,"Prosty, ale niezwykle funkcjonalny. łatwy w utrzymaniu czystości i bardzo praktyczny."
Minimalist Clock 3119,Wykonany z wysokiej jakości materiałów zapewniających trwałość. zaprojektowany z myślą o komforcie użytkownika.
Magnetic Towel 9986,Dzięki kompaktowym wymiarom łatwy do przenoszenia.
Efficient Shelf 8526,"Prosty, ale niezwykle funkcjonalny."
Balanced Bicycle 4952,"Prosty, ale niezwykle funkcjonalny. łatwy w utrzymaniu czystości i bardzo praktyczny."
High-Quality Fan 5424,Dzięki kompaktowym wymiarom łatwy do przenoszenia. świetnie sprawdza się w podróży i codziennym użytkowaniu.
Dynamic Printer 7395,"Doskonały jako prezent dla bliskiej osoby. prosty, ale niezwykle funkcjonalny."
Smart-Enabled Drill 9258,Dzięki kompaktowym wymiarom łatwy do przenoszenia.
Foldable Frame 7149,Zaprojektowany z myślą o komforcie użytkownika.
Waterproof Glasses 5217,Idealny do codziennego użytku w domu i biurze. łatwy w utrzymaniu czystości i bardzo praktyczny.
Powerful Notebook 2173,Wykonany z wysokiej jakości materiałów zapewniających trwałość.
Ergonomic Cushion 8908,Wykonany z wysokiej jakości materiałów zapewniających trwałość. nowoczesny design pasujący do każdego wnętrza.
Practical Table 2613,Świetnie sprawdza się w podróży i codziennym użytkowaniu.
Sustainable Shelf 6097,"Lekki, a jednocześnie wyjątkowo solidny. doskonały jako prezent dla bliskiej osoby."
Ultra-Light Case 2844,"Prosty, ale niezwykle funkcjonalny. dzięki kompaktowym wymiarom łatwy do przenoszenia."
Magnetic Chair 6062,Idealny do codziennego użytku w domu i biurze. doskonały jako prezent dla bliskiej osoby.
Luxury Stand 5897,"Prosty, ale niezwykle funkcjonalny."
Refined Lamp 2629,Łatwy w utrzymaniu czystości i bardzo praktyczny.
Minimalist Camera 1012,Dzięki kompaktowym wymiarom łatwy do przenoszenia.
Elegant Keyboard 1149,Idealny do codziennego użytku w domu i biurze. wykonany z wysokiej jakości materiałów zapewniających trwałość.
Practical Glove 1222,"Prosty, ale niezwykle funkcjonalny."
Energy-Saving Flashlight 9925,Doskonały jako prezent dla bliskiej osoby. zaprojektowany z myślą o komforcie użytkownika.
Customizable Belt 2572,Wykonany z wysokiej jakości materiałów zapewniających trwałość. idealny do codziennego użytku w domu i biurze.
Foldable Tripod 9032,Zaprojektowany z myślą o komforcie użytkownika.
Eco-Safe Mirror 1714,Zaprojektowany z myślą o komforcie użytkownika.
Affordable Speaker 1492,Świetnie sprawdza się w podróży i codziennym użytkowaniu. świetnie sprawdza się w podróży i codziennym użytkowaniu.
Modern Cushion 6246,Dzięki kompaktowym wymiarom łatwy do przenoszenia.
Wireless Cushion 9943,Doskonały jako prezent dla bliskiej osoby. wykonany z wysokiej jakości materiałów zapewniających trwałość.
Durable Ring 8062,Nowoczesny design pasujący do każdego wnętrza. doskonały jako prezent dla bliskiej osoby.
Soft Jacket 3141,Zaprojektowany z myślą o komforcie użytkownika.
Rechargeable Notebook 1543,"Prosty, ale niezwykle funkcjonalny. prosty, ale niezwykle funkcjonalny."
Luxury Printer 8111,Łatwy w utrzymaniu czystości i bardzo praktyczny.
Precision Necklace 3862,"Prosty, ale niezwykle funkcjonalny."
Transparent Printer 7221,Wykonany z wysokiej jakości materiałów zapewniających trwałość.
Transparent Basket 48,"Świetnie sprawdza się w podróży i codziennym użytkowaniu. lekki, a jednocześnie wyjątkowo solidny."
Affordable Keyboard 2691,Nowoczesny design pasujący do każdego wnętrza. dzięki kompaktowym wymiarom łatwy do przenoszenia.
Modern Tool 8156,"Prosty, ale niezwykle funkcjonalny. doskonały jako prezent dla bliskiej osoby."
Classic Watch 7937,Wykonany z wysokiej jakości materiałów zapewniających trwałość.
Precision Clock 1733,Świetnie sprawdza się w podróży i codziennym użytkowaniu. doskonały jako prezent dla bliskiej osoby.
Advanced Towel 7863,Świetnie sprawdza się w podróży i codziennym użytkowaniu.
Luxury Speaker 5329,"Prosty, ale niezwykle funkcjonalny."
Eco-Conscious Cover 2546,Świetnie sprawdza się w podróży i codziennym użytkowaniu.
Classic Cable 8110,Doskonały jako prezent dla bliskiej osoby.
Balanced Towel 8224,"Prosty, ale niezwykle funkcjonalny. łatwy w utrzymaniu czystości i bardzo praktyczny."
Smart-Enabled Cable 7432,Doskonały jako prezent dla bliskiej osoby.
Precision Keyboard 6436,Wykonany z wysokiej jakości materiałów zapewniających trwałość.
Strong Table 1689,Zaprojektowany z myślą o komforcie użytkownika.
Innovative Plate 3359,Zaprojektowany z myślą o komforcie użytkownika.
Elegant Clock 1885,Wykonany z wysokiej jakości materiałów zapewniających trwałość. łatwy w utrzymaniu czystości i bardzo praktyczny.
Innovative Cup 4932,"Prosty, ale niezwykle funkcjonalny. zaprojektowany z myślą o komforcie użytkownika."
Stylish Box 5395,Łatwy w utrzymaniu czystości i bardzo praktyczny. dzięki kompaktowym wymiarom łatwy do przenoszenia.
High-Quality Flashlight 4181,Wykonany z wysokiej jakości materiałów zapewniających trwałość.
Noise-Cancelling Frame 8211,"Lekki, a jednocześnie wyjątkowo solidny. łatwy w utrzymaniu czystości i bardzo praktyczny."
Durable Mat 5826,"Łatwy w utrzymaniu czystości i bardzo praktyczny. prosty, ale niezwykle funkcjonalny."
Efficient Glasses 491,Idealny do codziennego użytku w domu i biurze. dzięki kompaktowym wymiarom łatwy do przenoszenia.
Durable Blanket 7220,Wykonany z wysokiej jakości materiałów zapewniających trwałość.
Durable Fan 4173,Wykonany z wysokiej jakości materiałów zapewniających trwałość. łatwy w utrzymaniu czystości i bardzo praktyczny.
Lightweight Tool 6924,Doskonały jako prezent dla bliskiej osoby.
Modern Necklace 91,"Lekki, a jednocześnie wyjątkowo solidny."
Modern Umbrella 2880,Świetnie sprawdza się w podróży i codziennym użytkowaniu. idealny do codziennego użytku w domu i biurze.
Efficient Notebook 1274,Idealny do codziennego użytku w domu i biurze. wykonany z wysokiej jakości materiałów zapewniających trwałość.
Dynamic Brush 5318,"Lekki, a jednocześnie wyjątkowo solidny. dzięki kompaktowym wymiarom łatwy do przenoszenia."
Rechargeable Frame 9628,Nowoczesny design pasujący do każdego wnętrza.
Dynamic Towel 4552,Wykonany z wysokiej jakości materiałów zapewniających trwałość. wykonany z wysokiej jakości materiałów zapewniających trwałość.
Stylish Plate 3687,"Łatwy w utrzymaniu czystości i bardzo praktyczny. prosty, ale niezwykle funkcjonalny."
Practical Jacket 6082,"Prosty, ale niezwykle funkcjonalny. łatwy w utrzymaniu czystości i bardzo praktyczny."
Soft Ring 2937,Świetnie sprawdza się w podróży i codziennym użytkowaniu.
Efficient Mug 4453,"Prosty, ale niezwykle funkcjonalny. świetnie sprawdza się w podróży i codziennym użytkowaniu."
Balanced Basket 7866,Zaprojektowany z myślą o komforcie użytkownika.
Adjustable Headphones 8657,Dzięki kompaktowym wymiarom łatwy do przenoszenia.
Advanced Headphones 2336,Dzięki kompaktowym wymiarom łatwy do przenoszenia. wykonany z wysokiej jakości materiałów zapewniających trwałość.
Elegant Printer 2112,Doskonały jako prezent dla bliskiej osoby. dzięki kompaktowym wymiarom łatwy do przenoszenia.
Stylish Screen 6577,"Zaprojektowany z myślą o komforcie użytkownika. lekki, a jednocześnie wyjątkowo solidny."
Versatile Router 488,"Lekki, a jednocześnie wyjątkowo solidny."
Waterproof Drone 5737,"Prosty, ale niezwykle funkcjonalny. wykonany z wysokiej jakości materiałów zapewniających trwałość."
Ultra-Light Keyboard 6807,Wykonany z wysokiej jakości materiałów zapewniających trwałość.
Reliable Stand 2204,"Prosty, ale niezwykle funkcjonalny."
Innovative Mirror 6701,"Lekki, a jednocześnie wyjątkowo solidny. lekki, a jednocześnie wyjątkowo solidny."
Stylish Bag 3746,"Dzięki kompaktowym wymiarom łatwy do przenoszenia. prosty, ale niezwykle funkcjonalny."
Customizable Headphones 3031,"Prosty, ale niezwykle funkcjonalny."
Multi-Functional Pillow 5420,Świetnie sprawdza się w podróży i codziennym użytkowaniu. dzięki kompaktowym wymiarom łatwy do przenoszenia.
Eco-Friendly Printer 3667,Doskonały jako prezent dla bliskiej osoby.
Comfortable Keyboard 9495,Nowoczesny design pasujący do każdego wnętrza. wykonany z wysokiej jakości materiałów zapewniających trwałość.
Noise-Cancelling Glove 1677,Świetnie sprawdza się w podróży i codziennym użytkowaniu.
Adjustable Notebook 9641,Świetnie sprawdza się w podróży i codziennym użytkowaniu.
Efficient Cushion 103,Doskonały jako prezent dla bliskiej osoby. zaprojektowany z myślą o komforcie użytkownika.
Stylish Backpack 4294,Doskonały jako prezent dla bliskiej osoby.
Powerful Monitor 29,Świetnie sprawdza się w podróży i codziennym użytkowaniu. doskonały jako prezent dla bliskiej osoby.
Strong Bicycle 2620,Świetnie sprawdza się w podróży i codziennym użytkowaniu. doskonały jako prezent dla bliskiej osoby.
Modern Cup 7409,Dzięki kompaktowym wymiarom łatwy do przenoszenia.
Luxury Backpack 2031,Świetnie sprawdza się w podróży i codziennym użytkowaniu.
Ultra-Light Shelf 4221,"Lekki, a jednocześnie wyjątkowo solidny. lekki, a jednocześnie wyjątkowo solidny."
Eco-Friendly Shoe 7765,Doskonały jako prezent dla bliskiej osoby.
Lightweight Monitor 831,"Lekki, a jednocześnie wyjątkowo solidny. zaprojektowany z myślą o komforcie użytkownika."
Minimalist Case 5532,Nowoczesny design pasujący do każdego wnętrza.
High-Quality Camera 9091,"Dzięki kompaktowym wymiarom łatwy do przenoszenia. lekki, a jednocześnie wyjątkowo solidny."
Customizable Belt 6097,Zaprojektowany z myślą o komforcie użytkownika. doskonały jako prezent dla bliskiej osoby.
Soft Bicycle 375,Nowoczesny design pasujący do każdego wnętrza.
Durable Glove 2456,Świetnie sprawdza się w podróży i codziennym użytkowaniu. świetnie sprawdza się w podróży i codziennym użytkowaniu.
Smart Razor 6761,Doskonały jako prezent dla bliskiej osoby.
Noise-Cancelling Watch 2117,Świetnie sprawdza się w podróży i codziennym użytkowaniu.
Portable Mug 9233,Doskonały jako prezent dla bliskiej osoby.
Luxury Mug 549,"Nowoczesny design pasujący do każdego wnętrza. prosty, ale niezwykle funkcjonalny."
Innovative Drone 9854,Świetnie sprawdza się w podróży i codziennym użytkowaniu. nowoczesny design pasujący do każdego wnętrza.
Classic Backpack 8263,Idealny do codziennego użytku w domu i biurze.
Eco-Conscious Phone 8244,Świetnie sprawdza się w podróży i codziennym użytkowaniu.
Smart-Enabled Chair 6934,Świetnie sprawdza się w podróży i codziennym użytkowaniu.
Strong Tool 1281,Świetnie sprawdza się w podróży i codziennym użytkowaniu. nowoczesny design pasujący do każdego wnętrza.
Soft Glasses 3834,"Lekki, a jednocześnie wyjątkowo solidny. wykonany z wysokiej jakości materiałów zapewniających trwałość."
Refined Container 2991,"Zaprojektowany z myślą o komforcie użytkownika. prosty, ale niezwykle funkcjonalny."
Foldable Stand 7372,"Prosty, ale niezwykle funkcjonalny. świetnie sprawdza się w podróży i codziennym użytkowaniu."
Waterproof Pillow 4568,"Lekki, a jednocześnie wyjątkowo solidny."
Precision Razor 7327,Wykonany z wysokiej jakości materiałów zapewniających trwałość.
Luxury Phone 5771,Zaprojektowany z myślą o komforcie użytkownika.
Stylish Bottle 848,"Wykonany z wysokiej jakości materiałów zapewniających trwałość. prosty, ale niezwykle funkcjonalny."
Lightweight Headphones 306,Świetnie sprawdza się w podróży i codziennym użytkowaniu. świetnie sprawdza się w podróży i codziennym użytkowaniu.
Stylish Umbrella 2879,Dzięki kompaktowym wymiarom łatwy do przenoszenia.
Eco-Conscious Plate 4699,"Lekki, a jednocześnie wyjątkowo solidny."
Multi-Functional Watch 9833,"Łatwy w utrzymaniu czystości i bardzo praktyczny. lekki, a jednocześnie wyjątkowo solidny."
Innovative Drone 8485,"Łatwy w utrzymaniu czystości i bardzo praktyczny. prosty, ale niezwykle funkcjonalny."
Modern Drill 4862,Idealny do codziennego użytku w domu i biurze.
Reliable Bag 9122,Zaprojektowany z myślą o komforcie użytkownika.
Waterproof Phone 4225,Zaprojektowany z myślą o komforcie użytkownika. doskonały jako prezent dla bliskiej osoby.
Magnetic Clock 7317,Świetnie sprawdza się w podróży i codziennym użytkowaniu. idealny do codziennego użytku w domu i biurze.
Efficient Table 9058,"Łatwy w utrzymaniu czystości i bardzo praktyczny. prosty, ale niezwykle funkcjonalny."
Strong Container 6805,Łatwy w utrzymaniu czystości i bardzo praktyczny.
Smart-Enabled Holder 6338,"Lekki, a jednocześnie wyjątkowo solidny."
Advanced Fan 5443,Wykonany z wysokiej jakości materiałów zapewniających trwałość. świetnie sprawdza się w podróży i codziennym użytkowaniu.
Dynamic Stand 7494,"Prosty, ale niezwykle funkcjonalny. świetnie sprawdza się w podróży i codziennym użytkowaniu."
Magnetic Tablet 364,Dzięki kompaktowym wymiarom łatwy do przenoszenia.
Eco-Conscious Tool 1931,"Zaprojektowany z myślą o komforcie użytkownika. lekki, a jednocześnie wyjątkowo solidny."
Wireless Frame 5850,"Prosty, ale niezwykle funkcjonalny."
Classic Razor 8254,"Prosty, ale niezwykle funkcjonalny. świetnie sprawdza się w podróży i codziennym użytkowaniu."
Portable Tripod 2143,"Lekki, a jednocześnie wyjątkowo solidny."
Luxury Router 875,Idealny do codziennego użytku w domu i biurze. doskonały jako prezent dla bliskiej osoby.
Ergonomic Necklace 4584,"Lekki, a jednocześnie wyjątkowo solidny. prosty, ale niezwykle funkcjonalny."
Smart Backpack 403,Nowoczesny design pasujący do każdego wnętrza.
Eco-Safe Frame 6992,Wykonany z wysokiej jakości materiałów zapewniających trwałość.
Balanced Towel 7362,Doskonały jako prezent dla bliskiej osoby. idealny do codziennego użytku w domu i biurze.
Innovative Cup 5524,Doskonały jako prezent dla bliskiej osoby. idealny do codziennego użytku w domu i biurze.
Elegant Tool 591,Łatwy w utrzymaniu czystości i bardzo praktyczny. świetnie sprawdza się w podróży i codziennym użytkowaniu.
Dynamic Bottle 4676,Świetnie sprawdza się w podróży i codziennym użytkowaniu. łatwy w utrzymaniu czystości i bardzo praktyczny.
Transparent Powerbank 8796,Wykonany z wysokiej jakości materiałów zapewniających trwałość.
Innovative Mat 3615,Wykonany z wysokiej jakości materiałów zapewniających trwałość. nowoczesny design pasujący do każdego wnętrza.
Modern Bottle 1638,Wykonany z wysokiej jakości materiałów zapewniających trwałość. nowoczesny design pasujący do każdego wnętrza.
Noise-Cancelling Necklace 6297,Zaprojektowany z myślą o komforcie użytkownika. idealny do codziennego użytku w domu i biurze.
Efficient Pen 1850,Idealny do codziennego użytku w domu i biurze.
Transparent Ring 6938,Doskonały jako prezent dla bliskiej osoby.
Noise-Cancelling Phone 4657,Wykonany z wysokiej jakości materiałów zapewniających trwałość. świetnie sprawdza się w podróży i codziennym użytkowaniu.
Practical Headphones 2988,Zaprojektowany z myślą o komforcie użytkownika. dzięki kompaktowym wymiarom łatwy do przenoszenia.
Customizable Scarf 1881,Wykonany z wysokiej jakości materiałów zapewniających trwałość.
Multi-Functional Lamp 7145,Dzięki kompaktowym wymiarom łatwy do przenoszenia.
Versatile Mug 539,Łatwy w utrzymaniu czystości i bardzo praktyczny. wykonany z wysokiej jakości materiałów zapewniających trwałość.
Colorful Table 9089,"Prosty, ale niezwykle funkcjonalny. łatwy w utrzymaniu czystości i bardzo praktyczny."
Elegant Bicycle 5918,Świetnie sprawdza się w podróży i codziennym użytkowaniu.
Premium Necklace 4693,Świetnie sprawdza się w podróży i codziennym użytkowaniu. świetnie sprawdza się w podróży i codziennym użytkowaniu.
Compact Basket 8590,Doskonały jako prezent dla bliskiej osoby.
Wireless Glasses 8134,Doskonały jako prezent dla bliskiej osoby. wykonany z wysokiej jakości materiałów zapewniających trwałość.
Eco-Safe Container 2115,Łatwy w utrzymaniu czystości i bardzo praktyczny. wykonany z wysokiej jakości materiałów zapewniających trwałość.
Stylish Router 4897,"Prosty, ale niezwykle funkcjonalny."
Reliable Cover 3068,Dzięki kompaktowym wymiarom łatwy do przenoszenia.
Comfortable Tablet 8750,Idealny do codziennego użytku w domu i biurze.
Modern Box 79,Dzięki kompaktowym wymiarom łatwy do przenoszenia. nowoczesny design pasujący do każdego wnętrza.
Energy-Saving Charger 1072,Doskonały jako prezent dla bliskiej osoby. doskonały jako prezent dla bliskiej osoby.
Premium-Grade Monitor 4760,Dzięki kompaktowym wymiarom łatwy do przenoszenia.
High-Quality Drone 8249,Dzięki kompaktowym wymiarom łatwy do przenoszenia.
Waterproof Tool 1024,Nowoczesny design pasujący do każdego wnętrza.
Strong Fan 2144,"Prosty, ale niezwykle funkcjonalny. zaprojektowany z myślą o komforcie użytkownika."
Versatile Wallet 7181,Dzięki kompaktowym wymiarom łatwy do przenoszenia.
Soft Container 9117,Dzięki kompaktowym wymiarom łatwy do przenoszenia. doskonały jako prezent dla bliskiej osoby.
Eco-Friendly Mouse 1099,Świetnie sprawdza się w podróży i codziennym użytkowaniu. wykonany z wysokiej jakości materiałów zapewniających trwałość.
Innovative Basket 7932,Łatwy w utrzymaniu czystości i bardzo praktyczny.
Wireless Brush 3047,Wykonany z wysokiej jakości materiałów zapewniających trwałość.
Precision Bottle 4460,Świetnie sprawdza się w podróży i codziennym użytkowaniu. doskonały jako prezent dla bliskiej osoby.
Colorful Stand 7828,Nowoczesny design pasujący do każdego wnętrza.
Energy-Saving Cup 9411,"Lekki, a jednocześnie wyjątkowo solidny."
Precision Flashlight 7287,Dzięki kompaktowym wymiarom łatwy do przenoszenia. idealny do codziennego użytku w domu i biurze.
Eco-Friendly Cushion 9797,"Doskonały jako prezent dla bliskiej osoby. prosty, ale niezwykle funkcjonalny."
Premium-Grade Tablet 7579,Idealny do codziennego użytku w domu i biurze.
Soft Bench 6372,Wykonany z wysokiej jakości materiałów zapewniających trwałość.
Portable Brush 6433,Wykonany z wysokiej jakości materiałów zapewniających trwałość.
Strong Ring 7150,"Idealny do codziennego użytku w domu i biurze. prosty, ale niezwykle funkcjonalny."
Waterproof Wallet 4223,Nowoczesny design pasujący do każdego wnętrza.
Strong Glove 4193,"Prosty, ale niezwykle funkcjonalny."
Waterproof Notebook 4988,"Lekki, a jednocześnie wyjątkowo solidny. nowoczesny design pasujący do każdego wnętrza."
Practical Pen 1396,"Lekki, a jednocześnie wyjątkowo solidny. nowoczesny design pasujący do każdego wnętrza."
Classic Shelf 5360,Łatwy w utrzymaniu czystości i bardzo praktyczny. nowoczesny design pasujący do każdego wnętrza.
Classic Clock 4657,Idealny do codziennego użytku w domu i biurze.
Transparent Tripod 7617,Wykonany z wysokiej jakości materiałów zapewniających trwałość. zaprojektowany z myślą o komforcie użytkownika.
Affordable Bottle 2517,Zaprojektowany z myślą o komforcie użytkownika.
Portable Mat 9412,"Prosty, ale niezwykle funkcjonalny."
Advanced Flashlight 5527,Idealny do codziennego użytku w domu i biurze.
Comfortable Glove 5596,Nowoczesny design pasujący do każdego wnętrza. nowoczesny design pasujący do każdego wnętrza.
Magnetic Drone 7184,Nowoczesny design pasujący do każdego wnętrza. doskonały jako prezent dla bliskiej osoby.
Premium Jacket 3955,Zaprojektowany z myślą o komforcie użytkownika. łatwy w utrzymaniu czystości i bardzo praktyczny.
Precision Printer 1,Doskonały jako prezent dla bliskiej osoby. zaprojektowany z myślą o komforcie użytkownika.
High-Quality Notebook 6399,Świetnie sprawdza się w podróży i codziennym użytkowaniu.
Smart Mug 7501,Nowoczesny design pasujący do każdego wnętrza.
Stylish Table 3369,"Doskonały jako prezent dla bliskiej osoby. prosty, ale niezwykle funkcjonalny."
Reliable Mat 9644,Zaprojektowany z myślą o komforcie użytkownika.
Eco-Safe Drill 9354,Świetnie sprawdza się w podróży i codziennym użytkowaniu.
Strong Case 3742,Zaprojektowany z myślą o komforcie użytkownika.
Adjustable Notebook 9409,Doskonały jako prezent dla bliskiej osoby.
Stylish Mirror 1251,Doskonały jako prezent dla bliskiej osoby. doskonały jako prezent dla bliskiej osoby.
Elegant Lamp 3316,"Prosty, ale niezwykle funkcjonalny."
Luxury Headphones 2478,"Prosty, ale niezwykle funkcjonalny."
Smart Glove 4032,Doskonały jako prezent dla bliskiej osoby.
Classic Frame 4545,Dzięki kompaktowym wymiarom łatwy do przenoszenia. doskonały jako prezent dla bliskiej osoby.
Powerful Fan 6888,"Lekki, a jednocześnie wyjątkowo solidny."
Magnetic Container 1177,Wykonany z wysokiej jakości materiałów zapewniających trwałość.
Multi-Functional Blanket 4379,"Świetnie sprawdza się w podróży i codziennym użytkowaniu. prosty, ale niezwykle funkcjonalny."
Eco-Friendly Table 7682,"Prosty, ale niezwykle funkcjonalny. lekki, a jednocześnie wyjątkowo solidny."
Practical Shelf 5346,Dzięki kompaktowym wymiarom łatwy do przenoszenia.
Strong Mug 7125,"Świetnie sprawdza się w podróży i codziennym użytkowaniu. lekki, a jednocześnie wyjątkowo solidny."
Eco-Conscious Backpack 7452,"Prosty, ale niezwykle funkcjonalny."
Dynamic Jacket 4219,Świetnie sprawdza się w podróży i codziennym użytkowaniu.
Luxury Pen 1505,"Prosty, ale niezwykle funkcjonalny."
Premium Camera 9553,Idealny do codziennego użytku w domu i biurze.
Premium-Grade Shoe 8650,Doskonały jako prezent dla bliskiej osoby. zaprojektowany z myślą o komforcie użytkownika.
Wireless Headphones 9929,Wykonany z wysokiej jakości materiałów zapewniających trwałość. idealny do codziennego użytku w domu i biurze.
Eco-Safe Flashlight 4211,Dzięki kompaktowym wymiarom łatwy do przenoszenia. świetnie sprawdza się w podróży i codziennym użytkowaniu.
Innovative Shoe 542,Idealny do codziennego użytku w domu i biurze. dzięki kompaktowym wymiarom łatwy do przenoszenia.
Customizable Powerbank 5759,Dzięki kompaktowym wymiarom łatwy do przenoszenia.
Minimalist Chair 2894,Wykonany z wysokiej jakości materiałów zapewniających trwałość.
Sustainable Shoe 1729,"Prosty, ale niezwykle funkcjonalny. doskonały jako prezent dla bliskiej osoby."
Lightweight Brush 2145,Nowoczesny design pasujący do każdego wnętrza.
Ultra-Light Camera 493,Doskonały jako prezent dla bliskiej osoby. idealny do codziennego użytku w domu i biurze.
Noise-Cancelling Towel 129,Dzięki kompaktowym wymiarom łatwy do przenoszenia.
Foldable Mat 6256,Łatwy w utrzymaniu czystości i bardzo praktyczny. zaprojektowany z myślą o komforcie użytkownika.
Premium-Grade Shelf 1813,"Prosty, ale niezwykle funkcjonalny."
Eco-Safe Phone 3087,Zaprojektowany z myślą o komforcie użytkownika.
Advanced Frame 9618,Świetnie sprawdza się w podróży i codziennym użytkowaniu. wykonany z wysokiej jakości materiałów zapewniających trwałość.
Innovative Basket 8913,"Prosty, ale niezwykle funkcjonalny. zaprojektowany z myślą o komforcie użytkownika."
Stylish Table 7636,Wykonany z wysokiej jakości materiałów zapewniających trwałość. dzięki kompaktowym wymiarom łatwy do przenoszenia.
Waterproof Blanket 7437,Świetnie sprawdza się w podróży i codziennym użytkowaniu. świetnie sprawdza się w podróży i codziennym użytkowaniu.
Wireless Box 8174,Dzięki kompaktowym wymiarom łatwy do przenoszenia. wykonany z wysokiej jakości materiałów zapewniających trwałość.
Minimalist Plate 621,Nowoczesny design pasujący do każdego wnętrza. świetnie sprawdza się w podróży i codziennym użytkowaniu.
Smart Chair 3612,Idealny do codziennego użytku w domu i biurze.
Customizable Mirror 3828,Świetnie sprawdza się w podróży i codziennym użytkowaniu.
Customizable Tablet 8441,Nowoczesny design pasujący do każdego wnętrza.
Eco-Friendly Basket 5233,Łatwy w utrzymaniu czystości i bardzo praktyczny.
Smart-Enabled Towel 5475,Doskonały jako prezent dla bliskiej osoby. zaprojektowany z myślą o komforcie użytkownika.
Efficient Frame 6631,Łatwy w utrzymaniu czystości i bardzo praktyczny. wykonany z wysokiej jakości materiałów zapewniających trwałość.
Rechargeable Glasses 8424,Nowoczesny design pasujący do każdego wnętrza. idealny do codziennego użytku w domu i biurze.
Transparent Necklace 3658,Wykonany z wysokiej jakości materiałów zapewniających trwałość. świetnie sprawdza się w podróży i codziennym użytkowaniu.
Powerful Tool 9943,Wykonany z wysokiej jakości materiałów zapewniających trwałość.
Noise-Cancelling Box 8860,Łatwy w utrzymaniu czystości i bardzo praktyczny. łatwy w utrzymaniu czystości i bardzo praktyczny.
Elegant Shelf 4499,Łatwy w utrzymaniu czystości i bardzo praktyczny. idealny do codziennego użytku w domu i biurze.
Premium-Grade Backpack 6571,Doskonały jako prezent dla bliskiej osoby.
Balanced Cup 6226,Zaprojektowany z myślą o komforcie użytkownika.
Soft Ring 3724,Świetnie sprawdza się w podróży i codziennym użytkowaniu.
Wireless Glasses 945,Dzięki kompaktowym wymiarom łatwy do przenoszenia. świetnie sprawdza się w podróży i codziennym użytkowaniu.
Dynamic Mouse 8687,Świetnie sprawdza się w podróży i codziennym użytkowaniu.
Durable Drill 6512,Dzięki kompaktowym wymiarom łatwy do przenoszenia.
Customizable Cushion 9218,"Świetnie sprawdza się w podróży i codziennym użytkowaniu. prosty, ale niezwykle funkcjonalny."
Efficient Mug 5321,Zaprojektowany z myślą o komforcie użytkownika. nowoczesny design pasujący do każdego wnętrza.
Minimalist Backpack 4132,Wykonany z wysokiej jakości materiałów zapewniających trwałość.
Premium Cable 1417,Świetnie sprawdza się w podróży i codziennym użytkowaniu. idealny do codziennego użytku w domu i biurze.
Multi-Functional Lamp 9591,"Prosty, ale niezwykle funkcjonalny."
Colorful Brush 9838,Nowoczesny design pasujący do każdego wnętrza. doskonały jako prezent dla bliskiej osoby.
Robust Towel 7927,Wykonany z wysokiej jakości materiałów zapewniających trwałość. idealny do codziennego użytku w domu i biurze.
Foldable Towel 9320,Zaprojektowany z myślą o komforcie użytkownika. zaprojektowany z myślą o komforcie użytkownika.
Versatile Bench 4782,Nowoczesny design pasujący do każdego wnętrza. doskonały jako prezent dla bliskiej osoby.
Comfortable Flashlight 5161,Zaprojektowany z myślą o komforcie użytkownika.
Sustainable Powerbank 3221,Świetnie sprawdza się w podróży i codziennym użytkowaniu. dzięki kompaktowym wymiarom łatwy do przenoszenia.
Smart Jacket 708,Idealny do codziennego użytku w domu i biurze.
Precision Ring 7241,Zaprojektowany z myślą o komforcie użytkownika. doskonały jako prezent dla bliskiej osoby.
Precision Headphones 2522,"Prosty, ale niezwykle funkcjonalny. wykonany z wysokiej jakości materiałów zapewniających trwałość."
Eco-Safe Glasses 767,Łatwy w utrzymaniu czystości i bardzo praktyczny.
Classic Mat 2067,Nowoczesny design pasujący do każdego wnętrza.
Versatile Fan 2272,"Nowoczesny design pasujący do każdego wnętrza. prosty, ale niezwykle funkcjonalny."
Rechargeable Bottle 6722,"Prosty, ale niezwykle funkcjonalny. idealny do codziennego użytku w domu i biurze."
Noise-Cancelling Stand 6961,Zaprojektowany z myślą o komforcie użytkownika.
Smart-Enabled Belt 2382,"Prosty, ale niezwykle funkcjonalny. doskonały jako prezent dla bliskiej osoby."
Refined Case 1126,Dzięki kompaktowym wymiarom łatwy do przenoszenia.
Sustainable Mat 8982,Nowoczesny design pasujący do każdego wnętrza.
Reliable Keyboard 3129,Doskonały jako prezent dla bliskiej osoby.
Customizable Shelf 1245,Zaprojektowany z myślą o komforcie użytkownika. doskonały jako prezent dla bliskiej osoby.
Soft Cup 8720,Wykonany z wysokiej jakości materiałów zapewniających trwałość.
Eco-Safe Cushion 583,Dzięki kompaktowym wymiarom łatwy do przenoszenia. świetnie sprawdza się w podróży i codziennym użytkowaniu.
Foldable Mirror 7016,Dzięki kompaktowym wymiarom łatwy do przenoszenia.
Soft Umbrella 1388,Łatwy w utrzymaniu czystości i bardzo praktyczny.
Dynamic Tool 9029,Nowoczesny design pasujący do każdego wnętrza. zaprojektowany z myślą o komforcie użytkownika.
Transparent Keyboard 3069,Idealny do codziennego użytku w domu i biurze. łatwy w utrzymaniu czystości i bardzo praktyczny.
Affordable Frame 3127,"Lekki, a jednocześnie wyjątkowo solidny."
Powerful Router 5387,Nowoczesny design pasujący do każdego wnętrza.
Efficient Cup 777,"Lekki, a jednocześnie wyjątkowo solidny."
Durable Brush 1281,Łatwy w utrzymaniu czystości i bardzo praktyczny. zaprojektowany z myślą o komforcie użytkownika.
Noise-Cancelling Towel 6084,Wykonany z wysokiej jakości materiałów zapewniających trwałość.
Stylish Headphones 3352,"Prosty, ale niezwykle funkcjonalny."
Rechargeable Mouse 7485,Doskonały jako prezent dla bliskiej osoby. wykonany z wysokiej jakości materiałów zapewniających trwałość.
Refined Ring 999,"Lekki, a jednocześnie wyjątkowo solidny."
Compact Mug 4482,Wykonany z wysokiej jakości materiałów zapewniających trwałość. nowoczesny design pasujący do każdego wnętrza.
Affordable Chair 2246,Zaprojektowany z myślą o komforcie użytkownika. doskonały jako prezent dla bliskiej osoby.
Waterproof Container 8827,Zaprojektowany z myślą o komforcie użytkownika. nowoczesny design pasujący do każdego wnętrza.
Eco-Friendly Phone 7698,Dzięki kompaktowym wymiarom łatwy do przenoszenia. idealny do codziennego użytku w domu i biurze.
Stylish Jacket 3732,Wykonany z wysokiej jakości materiałów zapewniających trwałość. doskonały jako prezent dla bliskiej osoby.
Eco-Friendly Monitor 4597,Idealny do codziennego użytku w domu i biurze.
Luxury Glove 4362,"Prosty, ale niezwykle funkcjonalny. zaprojektowany z myślą o komforcie użytkownika."
Eco-Conscious Phone 1800,"Lekki, a jednocześnie wyjątkowo solidny."
Noise-Cancelling Screen 869,Doskonały jako prezent dla bliskiej osoby.
Minimalist Keyboard 8465,Świetnie sprawdza się w podróży i codziennym użytkowaniu. idealny do codziennego użytku w domu i biurze.
Soft Bottle 2889,Świetnie sprawdza się w podróży i codziennym użytkowaniu.
Colorful Cover 84,"Lekki, a jednocześnie wyjątkowo solidny. łatwy w utrzymaniu czystości i bardzo praktyczny."
Efficient Plate 3528,Doskonały jako prezent dla bliskiej osoby.
Practical Box 4951,"Świetnie sprawdza się w podróży i codziennym użytkowaniu. lekki, a jednocześnie wyjątkowo solidny."
Waterproof Glasses 6067,Zaprojektowany z myślą o komforcie użytkownika.
Energy-Saving Basket 2780,"Prosty, ale niezwykle funkcjonalny. łatwy w utrzymaniu czystości i bardzo praktyczny."
Energy-Saving Watch 5618,Nowoczesny design pasujący do każdego wnętrza. wykonany z wysokiej jakości materiałów zapewniających trwałość.
Foldable Umbrella 4637,Świetnie sprawdza się w podróży i codziennym użytkowaniu. nowoczesny design pasujący do każdego wnętrza.
Smart Drill 6888,Łatwy w utrzymaniu czystości i bardzo praktyczny.
Versatile Fan 5407,Zaprojektowany z myślą o komforcie użytkownika. nowoczesny design pasujący do każdego wnętrza.
Efficient Cushion 4796,"Prosty, ale niezwykle funkcjonalny."
Minimalist Pen 7826,"Wykonany z wysokiej jakości materiałów zapewniających trwałość. lekki, a jednocześnie wyjątkowo solidny."
Reliable Basket 1900,"Łatwy w utrzymaniu czystości i bardzo praktyczny. lekki, a jednocześnie wyjątkowo solidny."
Versatile Bag 9882,Doskonały jako prezent dla bliskiej osoby.
Premium-Grade Headphones 5370,Idealny do codziennego użytku w domu i biurze. dzięki kompaktowym wymiarom łatwy do przenoszenia.
Precision Screen 103,Wykonany z wysokiej jakości materiałów zapewniających trwałość. dzięki kompaktowym wymiarom łatwy do przenoszenia.
Magnetic Glasses 7199,Zaprojektowany z myślą o komforcie użytkownika. łatwy w utrzymaniu czystości i bardzo praktyczny.
Advanced Drill 3302,Świetnie sprawdza się w podróży i codziennym użytkowaniu.
Noise-Cancelling Box 1094,Idealny do codziennego użytku w domu i biurze. idealny do codziennego użytku w domu i biurze.
Eco-Friendly Powerbank 3097,"Prosty, ale niezwykle funkcjonalny. idealny do codziennego użytku w domu i biurze."
Robust Mat 6466,Doskonały jako prezent dla bliskiej osoby. dzięki kompaktowym wymiarom łatwy do przenoszenia.
Customizable Printer 4841,Wykonany z wysokiej jakości materiałów zapewniających trwałość.
Lightweight Blanket 981,Dzięki kompaktowym wymiarom łatwy do przenoszenia. idealny do codziennego użytku w domu i biurze.
Innovative Cushion 219,Doskonały jako prezent dla bliskiej osoby. doskonały jako prezent dla bliskiej osoby.
Rechargeable Cushion 4584,Wykonany z wysokiej jakości materiałów zapewniających trwałość. świetnie sprawdza się w podróży i codziennym użytkowaniu.
Premium-Grade Ring 5216,"Doskonały jako prezent dla bliskiej osoby. prosty, ale niezwykle funkcjonalny."
Luxury Bicycle 8389,Wykonany z wysokiej jakości materiałów zapewniających trwałość. idealny do codziennego użytku w domu i biurze.
Noise-Cancelling Fan 7127,Wykonany z wysokiej jakości materiałów zapewniających trwałość. zaprojektowany z myślą o komforcie użytkownika.
Adjustable Necklace 7498,Dzięki kompaktowym wymiarom łatwy do przenoszenia.
Eco-Conscious Watch 6602,"Prosty, ale niezwykle funkcjonalny."
Compact Pillow 4775,Dzięki kompaktowym wymiarom łatwy do przenoszenia. wykonany z wysokiej jakości materiałów zapewniających trwałość.
Flexible Tripod 2854,Doskonały jako prezent dla bliskiej osoby.
Stylish Camera 6030,Doskonały jako prezent dla bliskiej osoby.
Magnetic Glove 1555,"Prosty, ale niezwykle funkcjonalny. lekki, a jednocześnie wyjątkowo solidny."
Ergonomic Mug 2909,"Dzięki kompaktowym wymiarom łatwy do przenoszenia. prosty, ale niezwykle funkcjonalny."
Durable Stand 3867,Dzięki kompaktowym wymiarom łatwy do przenoszenia.
High-Quality Plate 9071,Idealny do codziennego użytku w domu i biurze.
Ultra-Light Router 9557,Doskonały jako prezent dla bliskiej osoby. świetnie sprawdza się w podróży i codziennym użytkowaniu.
Durable Bag 6839,"Nowoczesny design pasujący do każdego wnętrza. lekki, a jednocześnie wyjątkowo solidny."
Premium Clock 6042,Dzięki kompaktowym wymiarom łatwy do przenoszenia.
High-Quality Scarf 4290,Zaprojektowany z myślą o komforcie użytkownika. idealny do codziennego użytku w domu i biurze.
Transparent Stand 3462,"Świetnie sprawdza się w podróży i codziennym użytkowaniu. lekki, a jednocześnie wyjątkowo solidny."
Innovative Drill 8992,Doskonały jako prezent dla bliskiej osoby.
Minimalist Table 738,"Nowoczesny design pasujący do każdego wnętrza. lekki, a jednocześnie wyjątkowo solidny."
Foldable Screen 7726,"Prosty, ale niezwykle funkcjonalny. idealny do codziennego użytku w domu i biurze."
Balanced Container 6749,"Lekki, a jednocześnie wyjątkowo solidny. dzięki kompaktowym wymiarom łatwy do przenoszenia."
Versatile Chair 4412,Zaprojektowany z myślą o komforcie użytkownika.
Flexible Toy 8219,Idealny do codziennego użytku w domu i biurze. zaprojektowany z myślą o komforcie użytkownika.
Practical Monitor 620,Dzięki kompaktowym wymiarom łatwy do przenoszenia.
Balanced Cable 9075,Nowoczesny design pasujący do każdego wnętrza. zaprojektowany z myślą o komforcie użytkownika.
Flexible Brush 6173,"Idealny do codziennego użytku w domu i biurze. prosty, ale niezwykle funkcjonalny."
Customizable Cable 1537,Dzięki kompaktowym wymiarom łatwy do przenoszenia.
Customizable Umbrella 2285,Dzięki kompaktowym wymiarom łatwy do przenoszenia.
Affordable Screen 8206,"Lekki, a jednocześnie wyjątkowo solidny."
Minimalist Printer 3107,Idealny do codziennego użytku w domu i biurze.
Powerful Mat 6202,Łatwy w utrzymaniu czystości i bardzo praktyczny. dzięki kompaktowym wymiarom łatwy do przenoszenia.
Foldable Holder 3157,Zaprojektowany z myślą o komforcie użytkownika. łatwy w utrzymaniu czystości i bardzo praktyczny.
Balanced Plate 623,Łatwy w utrzymaniu czystości i bardzo praktyczny.
Refined Keyboard 5798,Idealny do codziennego użytku w domu i biurze.
Luxury Mirror 5526,Świetnie sprawdza się w podróży i codziennym użytkowaniu. idealny do codziennego użytku w domu i biurze.
Customizable Plate 2052,Dzięki kompaktowym wymiarom łatwy do przenoszenia. nowoczesny design pasujący do każdego wnętrza.
Multi-Functional Shelf 6449,Idealny do codziennego użytku w domu i biurze. nowoczesny design pasujący do każdego wnętrza.
Luxury Blanket 9909,Nowoczesny design pasujący do każdego wnętrza.
Stylish Shoe 7832,Zaprojektowany z myślą o komforcie użytkownika.
Foldable Necklace 8159,Nowoczesny design pasujący do każdego wnętrza. nowoczesny design pasujący do każdego wnętrza.
Waterproof Screen 4580,Idealny do codziennego użytku w domu i biurze.
Wireless Jacket 6225,Doskonały jako prezent dla bliskiej osoby. dzięki kompaktowym wymiarom łatwy do przenoszenia.
Refined Necklace 8578,Dzięki kompaktowym wymiarom łatwy do przenoszenia. zaprojektowany z myślą o komforcie użytkownika.
Stylish Razor 9593,"Prosty, ale niezwykle funkcjonalny. łatwy w utrzymaniu czystości i bardzo praktyczny."
Eco-Conscious Charger 8380,Świetnie sprawdza się w podróży i codziennym użytkowaniu. dzięki kompaktowym wymiarom łatwy do przenoszenia.
Lightweight Shelf 7847,Dzięki kompaktowym wymiarom łatwy do przenoszenia.
Eco-Safe Necklace 6166,"Dzięki kompaktowym wymiarom łatwy do przenoszenia. lekki, a jednocześnie wyjątkowo solidny."
Precision Brush 6760,Idealny do codziennego użytku w domu i biurze.
Soft Cushion 7681,Wykonany z wysokiej jakości materiałów zapewniających trwałość.
Foldable Chair 6709,Wykonany z wysokiej jakości materiałów zapewniających trwałość.
Reliable Bench 7838,Zaprojektowany z myślą o komforcie użytkownika. wykonany z wysokiej jakości materiałów zapewniających trwałość.
Smart-Enabled Shoe 3640,"Prosty, ale niezwykle funkcjonalny. wykonany z wysokiej jakości materiałów zapewniających trwałość."
Waterproof Wallet 7837,Świetnie sprawdza się w podróży i codziennym użytkowaniu. świetnie sprawdza się w podróży i codziennym użytkowaniu.
Dynamic Powerbank 6335,Doskonały jako prezent dla bliskiej osoby.
Lightweight Bicycle 8112,Nowoczesny design pasujący do każdego wnętrza.
Energy-Saving Mouse 2504,"Prosty, ale niezwykle funkcjonalny."
Magnetic Speaker 279,Idealny do codziennego użytku w domu i biurze. nowoczesny design pasujący do każdego wnętrza.
Eco-Conscious Router 7545,"Prosty, ale niezwykle funkcjonalny."
Practical Towel 9750,"Prosty, ale niezwykle funkcjonalny."
Innovative Ring 3721,Zaprojektowany z myślą o komforcie użytkownika.
Refined Bicycle 7887,Idealny do codziennego użytku w domu i biurze. dzięki kompaktowym wymiarom łatwy do przenoszenia.
Foldable Bicycle 3224,Dzięki kompaktowym wymiarom łatwy do przenoszenia. doskonały jako prezent dla bliskiej osoby.
Modern Notebook 9840,Idealny do codziennego użytku w domu i biurze.
Energy-Saving Pen 2627,"Prosty, ale niezwykle funkcjonalny."
Noise-Cancelling Tool 8264,Nowoczesny design pasujący do każdego wnętrza.
Refined Basket 1823,Doskonały jako prezent dla bliskiej osoby. zaprojektowany z myślą o komforcie użytkownika.
Classic Headphones 350,"Prosty, ale niezwykle funkcjonalny."
Strong Towel 1100,Zaprojektowany z myślą o komforcie użytkownika.
Eco-Friendly Speaker 997,Nowoczesny design pasujący do każdego wnętrza. wykonany z wysokiej jakości materiałów zapewniających trwałość.
Reliable Necklace 9302,Łatwy w utrzymaniu czystości i bardzo praktyczny. idealny do codziennego użytku w domu i biurze.
Smart-Enabled Umbrella 244,"Lekki, a jednocześnie wyjątkowo solidny. dzięki kompaktowym wymiarom łatwy do przenoszenia."
Wireless Printer 7233,"Lekki, a jednocześnie wyjątkowo solidny."
Refined Bag 9897,Dzięki kompaktowym wymiarom łatwy do przenoszenia.
Modern Notebook 2892,Wykonany z wysokiej jakości materiałów zapewniających trwałość.
Balanced Screen 5755,Łatwy w utrzymaniu czystości i bardzo praktyczny. dzięki kompaktowym wymiarom łatwy do przenoszenia.
Sustainable Printer 9803,"Wykonany z wysokiej jakości materiałów zapewniających trwałość. prosty, ale niezwykle funkcjonalny."
Powerful Table 6784,Łatwy w utrzymaniu czystości i bardzo praktyczny. doskonały jako prezent dla bliskiej osoby.
Multi-Functional Frame 5443,Idealny do codziennego użytku w domu i biurze. zaprojektowany z myślą o komforcie użytkownika.
Colorful Bicycle 4144,Świetnie sprawdza się w podróży i codziennym użytkowaniu.
Magnetic Pillow 5166,"Lekki, a jednocześnie wyjątkowo solidny."
Eco-Friendly Notebook 8306,Łatwy w utrzymaniu czystości i bardzo praktyczny.
Lightweight Necklace 1800,"Zaprojektowany z myślą o komforcie użytkownika. prosty, ale niezwykle funkcjonalny."
Magnetic Fan 9912,Nowoczesny design pasujący do każdego wnętrza. łatwy w utrzymaniu czystości i bardzo praktyczny.
Modern Mug 6584,Idealny do codziennego użytku w domu i biurze. wykonany z wysokiej jakości materiałów zapewniających trwałość.
Wireless Cover 9138,Doskonały jako prezent dla bliskiej osoby.
High-Quality Bicycle 8909,Doskonały jako prezent dla bliskiej osoby.
Multi-Functional Box 2250,Wykonany z wysokiej jakości materiałów zapewniających trwałość. łatwy w utrzymaniu czystości i bardzo praktyczny.
Ultra-Light Bottle 5117,Dzięki kompaktowym wymiarom łatwy do przenoszenia.
Lightweight Mat 5449,"Lekki, a jednocześnie wyjątkowo solidny."
Balanced Mirror 2079,"Prosty, ale niezwykle funkcjonalny."
Energy-Saving Drill 9227,Łatwy w utrzymaniu czystości i bardzo praktyczny.
Strong Cover 7777,Doskonały jako prezent dla bliskiej osoby. idealny do codziennego użytku w domu i biurze.
Foldable Pillow 5861,Dzięki kompaktowym wymiarom łatwy do przenoszenia. świetnie sprawdza się w podróży i codziennym użytkowaniu.
Luxury Pillow 9871,"Prosty, ale niezwykle funkcjonalny. świetnie sprawdza się w podróży i codziennym użytkowaniu."
Waterproof Drill 5494,Świetnie sprawdza się w podróży i codziennym użytkowaniu.
Adjustable Pillow 3886,Doskonały jako prezent dla bliskiej osoby. dzięki kompaktowym wymiarom łatwy do przenoszenia.
Elegant Jacket 7373,Łatwy w utrzymaniu czystości i bardzo praktyczny.
Colorful Tablet 5988,"Lekki, a jednocześnie wyjątkowo solidny. lekki, a jednocześnie wyjątkowo solidny."
Durable Flashlight 563,Nowoczesny design pasujący do każdego wnętrza. zaprojektowany z myślą o komforcie użytkownika.
Eco-Conscious Drone 9154,Doskonały jako prezent dla bliskiej osoby. świetnie sprawdza się w podróży i codziennym użytkowaniu.
Compact Umbrella 9455,Wykonany z wysokiej jakości materiałów zapewniających trwałość.
Eco-Friendly Jacket 3138,Łatwy w utrzymaniu czystości i bardzo praktyczny.
Customizable Glasses 83,"Idealny do codziennego użytku w domu i biurze. prosty, ale niezwykle funkcjonalny."
Refined Scarf 5043,"Lekki, a jednocześnie wyjątkowo solidny."
Versatile Container 3294,Dzięki kompaktowym wymiarom łatwy do przenoszenia. wykonany z wysokiej jakości materiałów zapewniających trwałość.
Premium Jacket 6680,Doskonały jako prezent dla bliskiej osoby. doskonały jako prezent dla bliskiej osoby.
Stylish Necklace 3660,Świetnie sprawdza się w podróży i codziennym użytkowaniu. dzięki kompaktowym wymiarom łatwy do przenoszenia.
Luxury Charger 5454,Łatwy w utrzymaniu czystości i bardzo praktyczny. idealny do codziennego użytku w domu i biurze.
Foldable Toy 2250,Zaprojektowany z myślą o komforcie użytkownika. łatwy w utrzymaniu czystości i bardzo praktyczny.
Balanced Cable 1814,Wykonany z wysokiej jakości materiałów zapewniających trwałość. świetnie sprawdza się w podróży i codziennym użytkowaniu.
Durable Powerbank 1018,Zaprojektowany z myślą o komforcie użytkownika. nowoczesny design pasujący do każdego wnętrza.
Versatile Box 5712,Łatwy w utrzymaniu czystości i bardzo praktyczny.
Balanced Notebook 6634,Nowoczesny design pasujący do każdego wnętrza.
Versatile Router 3942,Wykonany z wysokiej jakości materiałów zapewniających trwałość.
Eco-Conscious Cushion 5717,"Prosty, ale niezwykle funkcjonalny. idealny do codziennego użytku w domu i biurze."
Smart-Enabled Glove 3298,Wykonany z wysokiej jakości materiałów zapewniających trwałość. dzięki kompaktowym wymiarom łatwy do przenoszenia.
Flexible Razor 663,Zaprojektowany z myślą o komforcie użytkownika.
Transparent Cover 2701,Idealny do codziennego użytku w domu i biurze. wykonany z wysokiej jakości materiałów zapewniających trwałość.
Eco-Safe Shelf 8114,Zaprojektowany z myślą o komforcie użytkownika. zaprojektowany z myślą o komforcie użytkownika.
Adjustable Drill 9505,Dzięki kompaktowym wymiarom łatwy do przenoszenia.
Elegant Speaker 9784,Łatwy w utrzymaniu czystości i bardzo praktyczny.
Dynamic Toy 2680,Idealny do codziennego użytku w domu i biurze. dzięki kompaktowym wymiarom łatwy do przenoszenia.
Eco-Conscious Wallet 2234,"Prosty, ale niezwykle funkcjonalny."
Compact Bench 8830,Doskonały jako prezent dla bliskiej osoby.
Elegant Case 6990,Doskonały jako prezent dla bliskiej osoby.
Affordable Lamp 147,Zaprojektowany z myślą o komforcie użytkownika. wykonany z wysokiej jakości materiałów zapewniających trwałość.
Elegant Bench 8504,Zaprojektowany z myślą o komforcie użytkownika.
Elegant Case 5509,Nowoczesny design pasujący do każdego wnętrza.
Minimalist Flashlight 1162,Idealny do codziennego użytku w domu i biurze.
Adjustable Plate 6704,Doskonały jako prezent dla bliskiej osoby.
Precision Charger 3913,"Prosty, ale niezwykle funkcjonalny."
Luxury Camera 9813,Świetnie sprawdza się w podróży i codziennym użytkowaniu. zaprojektowany z myślą o komforcie użytkownika.
Comfortable Drill 4507,Łatwy w utrzymaniu czystości i bardzo praktyczny. świetnie sprawdza się w podróży i codziennym użytkowaniu.
Smart Tool 3057,Świetnie sprawdza się w podróży i codziennym użytkowaniu. wykonany z wysokiej jakości materiałów zapewniających trwałość.
Versatile Table 5937,Świetnie sprawdza się w podróży i codziennym użytkowaniu.
Eco-Safe Stand 239,"Prosty, ale niezwykle funkcjonalny. idealny do codziennego użytku w domu i biurze."
Flexible Umbrella 7793,"Prosty, ale niezwykle funkcjonalny. prosty, ale niezwykle funkcjonalny."
Reliable Charger 7223,Łatwy w utrzymaniu czystości i bardzo praktyczny. łatwy w utrzymaniu czystości i bardzo praktyczny.
Strong Notebook 1138,Dzięki kompaktowym wymiarom łatwy do przenoszenia.
Wireless Backpack 1067,Wykonany z wysokiej jakości materiałów zapewniających trwałość. wykonany z wysokiej jakości materiałów zapewniających trwałość.
Premium-Grade Tool 4115,Dzięki kompaktowym wymiarom łatwy do przenoszenia. wykonany z wysokiej jakości materiałów zapewniających trwałość.
Versatile Watch 8330,"Wykonany z wysokiej jakości materiałów zapewniających trwałość. prosty, ale niezwykle funkcjonalny."
Multi-Functional Shoe 9066,Wykonany z wysokiej jakości materiałów zapewniających trwałość. zaprojektowany z myślą o komforcie użytkownika.
Multi-Functional Necklace 6693,Doskonały jako prezent dla bliskiej osoby.
Smart-Enabled Monitor 6367,Doskonały jako prezent dla bliskiej osoby. wykonany z wysokiej jakości materiałów zapewniających trwałość.
Smart-Enabled Mug 8071,"Lekki, a jednocześnie wyjątkowo solidny."
Efficient Charger 851,Dzięki kompaktowym wymiarom łatwy do przenoszenia.
Strong Umbrella 7167,"Doskonały jako prezent dla bliskiej osoby. prosty, ale niezwykle funkcjonalny."
Rechargeable Razor 7958,Doskonały jako prezent dla bliskiej osoby.
Multi-Functional Frame 2767,Świetnie sprawdza się w podróży i codziennym użytkowaniu.
Balanced Blanket 9350,Zaprojektowany z myślą o komforcie użytkownika.
Transparent Ring 1173,Świetnie sprawdza się w podróży i codziennym użytkowaniu.
Waterproof Blanket 7913,"Prosty, ale niezwykle funkcjonalny. lekki, a jednocześnie wyjątkowo solidny."
Ergonomic Keyboard 6815,"Prosty, ale niezwykle funkcjonalny."
Flexible Umbrella 3347,Łatwy w utrzymaniu czystości i bardzo praktyczny. doskonały jako prezent dla bliskiej osoby.
Strong Basket 7408,Dzięki kompaktowym wymiarom łatwy do przenoszenia. nowoczesny design pasujący do każdego wnętrza.
Precision Charger 8776,"Prosty, ale niezwykle funkcjonalny."
Practical Jacket 2864,"Lekki, a jednocześnie wyjątkowo solidny. zaprojektowany z myślą o komforcie użytkownika."
Modern Scarf 9814,Wykonany z wysokiej jakości materiałów zapewniających trwałość.
Smart-Enabled Case 8993,Dzięki kompaktowym wymiarom łatwy do przenoszenia. zaprojektowany z myślą o komforcie użytkownika.
Ergonomic Clock 2182,"Lekki, a jednocześnie wyjątkowo solidny. lekki, a jednocześnie wyjątkowo solidny."
Colorful Case 4592,Świetnie sprawdza się w podróży i codziennym użytkowaniu. świetnie sprawdza się w podróży i codziennym użytkowaniu.
Lightweight Powerbank 1553,Nowoczesny design pasujący do każdego wnętrza. wykonany z wysokiej jakości materiałów zapewniających trwałość.
Soft Lamp 8553,Doskonały jako prezent dla bliskiej osoby. idealny do codziennego użytku w domu i biurze.
Foldable Mirror 9365,Wykonany z wysokiej jakości materiałów zapewniających trwałość. nowoczesny design pasujący do każdego wnętrza.
Practical Tool 2737,"Prosty, ale niezwykle funkcjonalny. prosty, ale niezwykle funkcjonalny."
Smart-Enabled Basket 3044,Świetnie sprawdza się w podróży i codziennym użytkowaniu. nowoczesny design pasujący do każdego wnętrza.
Multi-Functional Clock 8629,"Zaprojektowany z myślą o komforcie użytkownika. prosty, ale niezwykle funkcjonalny."
Soft Notebook 5323,Idealny do codziennego użytku w domu i biurze.
Eco-Friendly Pen 8339,"Lekki, a jednocześnie wyjątkowo solidny."
Innovative Charger 8456,Nowoczesny design pasujący do każdego wnętrza.
Energy-Saving Shelf 1253,Nowoczesny design pasujący do każdego wnętrza.
Advanced Glove 7111,"Wykonany z wysokiej jakości materiałów zapewniających trwałość. lekki, a jednocześnie wyjątkowo solidny."
Advanced Cup 5299,Świetnie sprawdza się w podróży i codziennym użytkowaniu. nowoczesny design pasujący do każdego wnętrza.
Luxury Mouse 2385,Wykonany z wysokiej jakości materiałów zapewniających trwałość.
High-Quality Towel 2521,Zaprojektowany z myślą o komforcie użytkownika.
Strong Tripod 144,"Lekki, a jednocześnie wyjątkowo solidny."
Waterproof Mug 234,Zaprojektowany z myślą o komforcie użytkownika. zaprojektowany z myślą o komforcie użytkownika.
Elegant Tool 4043,Wykonany z wysokiej jakości materiałów zapewniających trwałość.
Waterproof Watch 355,Świetnie sprawdza się w podróży i codziennym użytkowaniu.
Robust Tripod 2096,"Lekki, a jednocześnie wyjątkowo solidny. zaprojektowany z myślą o komforcie użytkownika."
Noise-Cancelling Bag 3821,"Prosty, ale niezwykle funkcjonalny. łatwy w utrzymaniu czystości i bardzo praktyczny."
Strong Phone 9814,"Prosty, ale niezwykle funkcjonalny."
Affordable Router 1301,Świetnie sprawdza się w podróży i codziennym użytkowaniu. zaprojektowany z myślą o komforcie użytkownika.
Precision Tool 4040,Zaprojektowany z myślą o komforcie użytkownika.
Premium Scarf 9269,Doskonały jako prezent dla bliskiej osoby. doskonały jako prezent dla bliskiej osoby.
Ultra-Light Drone 1892,Idealny do codziennego użytku w domu i biurze. doskonały jako prezent dla bliskiej osoby.
Eco-Friendly Tablet 5463,Doskonały jako prezent dla bliskiej osoby. nowoczesny design pasujący do każdego wnętrza.
Durable Stand 1167,Idealny do codziennego użytku w domu i biurze.
Soft Powerbank 6641,Dzięki kompaktowym wymiarom łatwy do przenoszenia.
Sustainable Notebook 5893,Zaprojektowany z myślą o komforcie użytkownika.
Powerful Frame 4366,Doskonały jako prezent dla bliskiej osoby.
Flexible Screen 4411,Łatwy w utrzymaniu czystości i bardzo praktyczny. idealny do codziennego użytku w domu i biurze.
Compact Clock 9194,"Świetnie sprawdza się w podróży i codziennym użytkowaniu. prosty, ale niezwykle funkcjonalny."
Wireless Container 2359,Idealny do codziennego użytku w domu i biurze. doskonały jako prezent dla bliskiej osoby.
Comfortable Printer 7917,"Lekki, a jednocześnie wyjątkowo solidny. doskonały jako prezent dla bliskiej osoby."
Premium-Grade Tool 3529,"Lekki, a jednocześnie wyjątkowo solidny."
Refined Toy 2580,"Doskonały jako prezent dla bliskiej osoby. lekki, a jednocześnie wyjątkowo solidny."
Soft Jacket 7316,Wykonany z wysokiej jakości materiałów zapewniających trwałość.
Classic Table 1645,Doskonały jako prezent dla bliskiej osoby. nowoczesny design pasujący do każdego wnętrza.
Balanced Headphones 432,Dzięki kompaktowym wymiarom łatwy do przenoszenia. idealny do codziennego użytku w domu i biurze.
Durable Powerbank 6717,Zaprojektowany z myślą o komforcie użytkownika.
Durable Cover 7451,Nowoczesny design pasujący do każdego wnętrza.
Precision Tool 6335,"Lekki, a jednocześnie wyjątkowo solidny."
Wireless Mouse 1990,"Prosty, ale niezwykle funkcjonalny. łatwy w utrzymaniu czystości i bardzo praktyczny."
Classic Bench 4902,Doskonały jako prezent dla bliskiej osoby. zaprojektowany z myślą o komforcie użytkownika.
Modern Jacket 7799,Idealny do codziennego użytku w domu i biurze.
Versatile Camera 7700,"Lekki, a jednocześnie wyjątkowo solidny. dzięki kompaktowym wymiarom łatwy do przenoszenia."
Smart-Enabled Keyboard 5927,Łatwy w utrzymaniu czystości i bardzo praktyczny. doskonały jako prezent dla bliskiej osoby.
Stylish Printer 1035,Dzięki kompaktowym wymiarom łatwy do przenoszenia.
Reliable Backpack 636,Łatwy w utrzymaniu czystości i bardzo praktyczny.
Ultra-Light Brush 4314,Nowoczesny design pasujący do każdego wnętrza. łatwy w utrzymaniu czystości i bardzo praktyczny.
Innovative Drone 3019,Łatwy w utrzymaniu czystości i bardzo praktyczny.
Portable Table 3517,Świetnie sprawdza się w podróży i codziennym użytkowaniu.
Comfortable Glasses 3697,Zaprojektowany z myślą o komforcie użytkownika. nowoczesny design pasujący do każdego wnętrza.
Sustainable Mouse 3775,"Świetnie sprawdza się w podróży i codziennym użytkowaniu. lekki, a jednocześnie wyjątkowo solidny."
Soft Clock 7684,"Prosty, ale niezwykle funkcjonalny. prosty, ale niezwykle funkcjonalny."
Noise-Cancelling Keyboard 3961,Nowoczesny design pasujący do każdego wnętrza. wykonany z wysokiej jakości materiałów zapewniających trwałość.
Transparent Watch 6420,"Prosty, ale niezwykle funkcjonalny. lekki, a jednocześnie wyjątkowo solidny."
Eco-Safe Cable 3091,"Dzięki kompaktowym wymiarom łatwy do przenoszenia. prosty, ale niezwykle funkcjonalny."
Lightweight Glove 7509,Zaprojektowany z myślą o komforcie użytkownika. wykonany z wysokiej jakości materiałów zapewniających trwałość.
Ergonomic Screen 9534,"Prosty, ale niezwykle funkcjonalny."
Balanced Mug 4361,Łatwy w utrzymaniu czystości i bardzo praktyczny. idealny do codziennego użytku w domu i biurze.
Smart-Enabled Belt 1525,"Lekki, a jednocześnie wyjątkowo solidny."
Robust Pillow 214,Łatwy w utrzymaniu czystości i bardzo praktyczny. dzięki kompaktowym wymiarom łatwy do przenoszenia.
Multi-Functional Mug 4229,Zaprojektowany z myślą o komforcie użytkownika.
Sustainable Holder 764,"Lekki, a jednocześnie wyjątkowo solidny. doskonały jako prezent dla bliskiej osoby."
Smart Mug 3468,Świetnie sprawdza się w podróży i codziennym użytkowaniu.
Classic Mug 616,Świetnie sprawdza się w podróży i codziennym użytkowaniu.
Practical Stand 6199,"Świetnie sprawdza się w podróży i codziennym użytkowaniu. lekki, a jednocześnie wyjątkowo solidny."
Flexible Notebook 8720,Doskonały jako prezent dla bliskiej osoby.
Efficient Wallet 6514,Dzięki kompaktowym wymiarom łatwy do przenoszenia. nowoczesny design pasujący do każdego wnętrza.
Eco-Friendly Towel 5659,"Lekki, a jednocześnie wyjątkowo solidny. prosty, ale niezwykle funkcjonalny."
Portable Necklace 6445,Łatwy w utrzymaniu czystości i bardzo praktyczny. dzięki kompaktowym wymiarom łatwy do przenoszenia.
Efficient Brush 6845,Świetnie sprawdza się w podróży i codziennym użytkowaniu. świetnie sprawdza się w podróży i codziennym użytkowaniu.
Waterproof Shelf 7318,Doskonały jako prezent dla bliskiej osoby.
Soft Holder 2677,"Prosty, ale niezwykle funkcjonalny."
Smart-Enabled Jacket 4558,Łatwy w utrzymaniu czystości i bardzo praktyczny.
Wireless Wallet 6065,Wykonany z wysokiej jakości materiałów zapewniających trwałość.
Refined Glove 7165,"Lekki, a jednocześnie wyjątkowo solidny. idealny do codziennego użytku w domu i biurze."
Powerful Tripod 5731,Nowoczesny design pasujący do każdego wnętrza.
Elegant Bicycle 2376,Dzięki kompaktowym wymiarom łatwy do przenoszenia.
Robust Powerbank 9571,Dzięki kompaktowym wymiarom łatwy do przenoszenia.
Comfortable Jacket 5778,"Lekki, a jednocześnie wyjątkowo solidny. wykonany z wysokiej jakości materiałów zapewniających trwałość."
Advanced Cup 9234,Nowoczesny design pasujący do każdego wnętrza. nowoczesny design pasujący do każdego wnętrza.
Comfortable Pen 7748,Doskonały jako prezent dla bliskiej osoby.
Flexible Bag 1552,"Prosty, ale niezwykle funkcjonalny."
Sustainable Mat 4402,Nowoczesny design pasujący do każdego wnętrza.
Ultra-Light Headphones 5174,Świetnie sprawdza się w podróży i codziennym użytkowaniu.
Flexible Tool 6112,Wykonany z wysokiej jakości materiałów zapewniających trwałość.
Smart-Enabled Keyboard 2231,Wykonany z wysokiej jakości materiałów zapewniających trwałość.
Efficient Ring 1583,"Nowoczesny design pasujący do każdego wnętrza. prosty, ale niezwykle funkcjonalny."
Noise-Cancelling Jacket 6345,"Lekki, a jednocześnie wyjątkowo solidny. nowoczesny design pasujący do każdego wnętrza."
Waterproof Bottle 3685,"Wykonany z wysokiej jakości materiałów zapewniających trwałość. prosty, ale niezwykle funkcjonalny."
Powerful Chair 342,Świetnie sprawdza się w podróży i codziennym użytkowaniu. idealny do codziennego użytku w domu i biurze.
Rechargeable Mug 7621,"Prosty, ale niezwykle funkcjonalny. łatwy w utrzymaniu czystości i bardzo praktyczny."
Balanced Case 9393,Doskonały jako prezent dla bliskiej osoby. dzięki kompaktowym wymiarom łatwy do przenoszenia.
Ultra-Light Drill 4953,Świetnie sprawdza się w podróży i codziennym użytkowaniu.
Customizable Toy 1149,Zaprojektowany z myślą o komforcie użytkownika.
Classic Bicycle 5267,"Lekki, a jednocześnie wyjątkowo solidny. nowoczesny design pasujący do każdego wnętrza."
Luxury Toy 714,Świetnie sprawdza się w podróży i codziennym użytkowaniu.
Flexible Notebook 1915,Nowoczesny design pasujący do każdego wnętrza. wykonany z wysokiej jakości materiałów zapewniających trwałość.
Energy-Saving Pen 3442,Łatwy w utrzymaniu czystości i bardzo praktyczny.
Modern Drill 2569,"Prosty, ale niezwykle funkcjonalny. lekki, a jednocześnie wyjątkowo solidny."
Comfortable Scarf 9315,Łatwy w utrzymaniu czystości i bardzo praktyczny. idealny do codziennego użytku w domu i biurze.
Comfortable Wallet 658,Świetnie sprawdza się w podróży i codziennym użytkowaniu. doskonały jako prezent dla bliskiej osoby.
Wireless Flashlight 3012,Dzięki kompaktowym wymiarom łatwy do przenoszenia.
Sustainable Fan 9590,Idealny do codziennego użytku w domu i biurze.
Classic Tripod 4768,Łatwy w utrzymaniu czystości i bardzo praktyczny.
Versatile Necklace 1095,Łatwy w utrzymaniu czystości i bardzo praktyczny.
Stylish Table 8446,Dzięki kompaktowym wymiarom łatwy do przenoszenia. idealny do codziennego użytku w domu i biurze.
Smart-Enabled Blanket 4985,Nowoczesny design pasujący do każdego wnętrza. idealny do codziennego użytku w domu i biurze.
Dynamic Keyboard 8498,Świetnie sprawdza się w podróży i codziennym użytkowaniu.
Comfortable Shoe 8488,"Idealny do codziennego użytku w domu i biurze. prosty, ale niezwykle funkcjonalny."
Balanced Toy 9338,"Prosty, ale niezwykle funkcjonalny. świetnie sprawdza się w podróży i codziennym użytkowaniu."
Modern Cushion 6071,Zaprojektowany z myślą o komforcie użytkownika.
Modern Watch 4354,Wykonany z wysokiej jakości materiałów zapewniających trwałość. łatwy w utrzymaniu czystości i bardzo praktyczny.
Rechargeable Mouse 3683,Wykonany z wysokiej jakości materiałów zapewniających trwałość.
Magnetic Holder 9188,Nowoczesny design pasujący do każdego wnętrza. wykonany z wysokiej jakości materiałów zapewniających trwałość.
Comfortable Powerbank 4627,Zaprojektowany z myślą o komforcie użytkownika. łatwy w utrzymaniu czystości i bardzo praktyczny.
Reliable Glove 4001,Idealny do codziennego użytku w domu i biurze.
Luxury Scarf 9873,Dzięki kompaktowym wymiarom łatwy do przenoszenia.
Elegant Bicycle 9728,"Dzięki kompaktowym wymiarom łatwy do przenoszenia. lekki, a jednocześnie wyjątkowo solidny."
Classic Camera 4443,Doskonały jako prezent dla bliskiej osoby. doskonały jako prezent dla bliskiej osoby.
Classic Charger 106,Zaprojektowany z myślą o komforcie użytkownika. zaprojektowany z myślą o komforcie użytkownika.
Practical Drone 8437,Idealny do codziennego użytku w domu i biurze.
Wireless Printer 2712,Wykonany z wysokiej jakości materiałów zapewniających trwałość.
Comfortable Fan 5007,Zaprojektowany z myślą o komforcie użytkownika. nowoczesny design pasujący do każdego wnętrza.
Smart-Enabled Glasses 8577,Świetnie sprawdza się w podróży i codziennym użytkowaniu.
Practical Drone 7817,Świetnie sprawdza się w podróży i codziennym użytkowaniu.
Premium Drone 7177,Świetnie sprawdza się w podróży i codziennym użytkowaniu.
Magnetic Ring 1372,Wykonany z wysokiej jakości materiałów zapewniających trwałość.
Ultra-Light Bottle 8020,Wykonany z wysokiej jakości materiałów zapewniających trwałość. łatwy w utrzymaniu czystości i bardzo praktyczny.
Flexible Drone 6266,Świetnie sprawdza się w podróży i codziennym użytkowaniu. idealny do codziennego użytku w domu i biurze.
Transparent Belt 9079,Doskonały jako prezent dla bliskiej osoby.
Eco-Safe Basket 1222,"Nowoczesny design pasujący do każdego wnętrza. lekki, a jednocześnie wyjątkowo solidny."
Eco-Safe Speaker 1958,Świetnie sprawdza się w podróży i codziennym użytkowaniu. doskonały jako prezent dla bliskiej osoby.
Efficient Powerbank 9071,Nowoczesny design pasujący do każdego wnętrza. nowoczesny design pasujący do każdego wnętrza.
Innovative Toy 3265,"Lekki, a jednocześnie wyjątkowo solidny."
Magnetic Cup 3685,Doskonały jako prezent dla bliskiej osoby.
Balanced Scarf 9079,Idealny do codziennego użytku w domu i biurze.
High-Quality Mirror 3143,Łatwy w utrzymaniu czystości i bardzo praktyczny.
Portable Jacket 7256,Zaprojektowany z myślą o komforcie użytkownika. dzięki kompaktowym wymiarom łatwy do przenoszenia.
Flexible Powerbank 2661,"Prosty, ale niezwykle funkcjonalny."
Robust Bag 7486,Wykonany z wysokiej jakości materiałów zapewniających trwałość.
Customizable Cushion 2041,Zaprojektowany z myślą o komforcie użytkownika. zaprojektowany z myślą o komforcie użytkownika.
Affordable Watch 2126,Łatwy w utrzymaniu czystości i bardzo praktyczny. łatwy w utrzymaniu czystości i bardzo praktyczny.
Wireless Flashlight 20,"Lekki, a jednocześnie wyjątkowo solidny. nowoczesny design pasujący do każdego wnętrza."
Eco-Conscious Plate 4935,Dzięki kompaktowym wymiarom łatwy do przenoszenia. idealny do codziennego użytku w domu i biurze.
Rechargeable Plate 5486,Wykonany z wysokiej jakości materiałów zapewniających trwałość.
Eco-Conscious Drone 385,Łatwy w utrzymaniu czystości i bardzo praktyczny.
Durable Stand 1495,Doskonały jako prezent dla bliskiej osoby.
Luxury Table 7762,Doskonały jako prezent dla bliskiej osoby. idealny do codziennego użytku w domu i biurze.
Premium-Grade Pen 1857,Doskonały jako prezent dla bliskiej osoby.
Balanced Towel 8517,"Idealny do codziennego użytku w domu i biurze. prosty, ale niezwykle funkcjonalny."
Foldable Drone 3377,Doskonały jako prezent dla bliskiej osoby. dzięki kompaktowym wymiarom łatwy do przenoszenia.
Sustainable Toy 6871,Idealny do codziennego użytku w domu i biurze. zaprojektowany z myślą o komforcie użytkownika.
Comfortable Cable 7980,Nowoczesny design pasujący do każdego wnętrza. doskonały jako prezent dla bliskiej osoby.
Durable Toy 2655,Doskonały jako prezent dla bliskiej osoby. zaprojektowany z myślą o komforcie użytkownika.
Innovative Stand 2215,Nowoczesny design pasujący do każdego wnętrza. dzięki kompaktowym wymiarom łatwy do przenoszenia.
Reliable Necklace 8462,Dzięki kompaktowym wymiarom łatwy do przenoszenia. świetnie sprawdza się w podróży i codziennym użytkowaniu.
Wireless Headphones 5799,Doskonały jako prezent dla bliskiej osoby. idealny do codziennego użytku w domu i biurze.
Versatile Bench 8091,Zaprojektowany z myślą o komforcie użytkownika. doskonały jako prezent dla bliskiej osoby.
Refined Watch 3496,Zaprojektowany z myślą o komforcie użytkownika. zaprojektowany z myślą o komforcie użytkownika.
Innovative Wallet 831,Łatwy w utrzymaniu czystości i bardzo praktyczny.
Flexible Mirror 7020,"Prosty, ale niezwykle funkcjonalny."
Ultra-Light Stand 1710,"Prosty, ale niezwykle funkcjonalny. łatwy w utrzymaniu czystości i bardzo praktyczny."
Adjustable Cup 2239,Doskonały jako prezent dla bliskiej osoby.
Ultra-Light Plate 4555,"Prosty, ale niezwykle funkcjonalny."
Flexible Stand 8604,"Prosty, ale niezwykle funkcjonalny. idealny do codziennego użytku w domu i biurze."
Eco-Safe Razor 971,"Lekki, a jednocześnie wyjątkowo solidny. idealny do codziennego użytku w domu i biurze."
Smart-Enabled Cover 1397,Zaprojektowany z myślą o komforcie użytkownika.
Waterproof Bottle 4724,"Prosty, ale niezwykle funkcjonalny. świetnie sprawdza się w podróży i codziennym użytkowaniu."
Eco-Safe Frame 5463,Nowoczesny design pasujący do każdego wnętrza.
Elegant Necklace 740,"Lekki, a jednocześnie wyjątkowo solidny."
Sustainable Ring 6038,Nowoczesny design pasujący do każdego wnętrza. nowoczesny design pasujący do każdego wnętrza.
Sustainable Camera 3465,Świetnie sprawdza się w podróży i codziennym użytkowaniu.
Wireless Bench 9228,Doskonały jako prezent dla bliskiej osoby.
Ergonomic Shoe 2875,"Prosty, ale niezwykle funkcjonalny. dzięki kompaktowym wymiarom łatwy do przenoszenia."
Efficient Plate 3668,Nowoczesny design pasujący do każdego wnętrza. zaprojektowany z myślą o komforcie użytkownika.
Portable Basket 8349,"Zaprojektowany z myślą o komforcie użytkownika. prosty, ale niezwykle funkcjonalny."
Compact Charger 4928,"Dzięki kompaktowym wymiarom łatwy do przenoszenia. prosty, ale niezwykle funkcjonalny."
Durable Glasses 650,Łatwy w utrzymaniu czystości i bardzo praktyczny.
Magnetic Cover 2115,"Lekki, a jednocześnie wyjątkowo solidny. dzięki kompaktowym wymiarom łatwy do przenoszenia."
Luxury Notebook 6880,Zaprojektowany z myślą o komforcie użytkownika. nowoczesny design pasujący do każdego wnętrza.
Modern Camera 8797,"Łatwy w utrzymaniu czystości i bardzo praktyczny. lekki, a jednocześnie wyjątkowo solidny."
Stylish Bag 1903,Idealny do codziennego użytku w domu i biurze.
Practical Umbrella 9702,Łatwy w utrzymaniu czystości i bardzo praktyczny. dzięki kompaktowym wymiarom łatwy do przenoszenia.
Dynamic Mug 113,Doskonały jako prezent dla bliskiej osoby.
Practical Mouse 5050,"Lekki, a jednocześnie wyjątkowo solidny."
Stylish Tool 9785,Łatwy w utrzymaniu czystości i bardzo praktyczny. zaprojektowany z myślą o komforcie użytkownika.
Modern Umbrella 7041,"Lekki, a jednocześnie wyjątkowo solidny."
Portable Backpack 1675,Nowoczesny design pasujący do każdego wnętrza. nowoczesny design pasujący do każdego wnętrza.
Premium-Grade Chair 9940,Świetnie sprawdza się w podróży i codziennym użytkowaniu. idealny do codziennego użytku w domu i biurze.
Balanced Backpack 2619,Dzięki kompaktowym wymiarom łatwy do przenoszenia. wykonany z wysokiej jakości materiałów zapewniających trwałość.
Eco-Friendly Drill 5745,"Dzięki kompaktowym wymiarom łatwy do przenoszenia. prosty, ale niezwykle funkcjonalny."
Versatile Brush 8221,Doskonały jako prezent dla bliskiej osoby.
Durable Brush 4513,Łatwy w utrzymaniu czystości i bardzo praktyczny. nowoczesny design pasujący do każdego wnętrza.
Strong Notebook 2799,Idealny do codziennego użytku w domu i biurze. świetnie sprawdza się w podróży i codziennym użytkowaniu.
Lightweight Chair 3745,"Prosty, ale niezwykle funkcjonalny."
Multi-Functional Scarf 6606,"Prosty, ale niezwykle funkcjonalny."
Refined Drone 9304,Dzięki kompaktowym wymiarom łatwy do przenoszenia.
High-Quality Toy 2554,Nowoczesny design pasujący do każdego wnętrza.
Innovative Cushion 388,Zaprojektowany z myślą o komforcie użytkownika. świetnie sprawdza się w podróży i codziennym użytkowaniu.
Modern Screen 3498,Nowoczesny design pasujący do każdego wnętrza.
Lightweight Scarf 5009,Świetnie sprawdza się w podróży i codziennym użytkowaniu.
Eco-Safe Ring 3090,Dzięki kompaktowym wymiarom łatwy do przenoszenia. zaprojektowany z myślą o komforcie użytkownika.
Noise-Cancelling Bottle 2183,"Prosty, ale niezwykle funkcjonalny."
Ultra-Light Pillow 4969,Świetnie sprawdza się w podróży i codziennym użytkowaniu.
Rechargeable Mat 3314,Dzięki kompaktowym wymiarom łatwy do przenoszenia.
Colorful Mat 2003,Idealny do codziennego użytku w domu i biurze.
Premium-Grade Bench 2679,Doskonały jako prezent dla bliskiej osoby. zaprojektowany z myślą o komforcie użytkownika.
High-Quality Notebook 6429,Zaprojektowany z myślą o komforcie użytkownika. dzięki kompaktowym wymiarom łatwy do przenoszenia.
Portable Bottle 16,Świetnie sprawdza się w podróży i codziennym użytkowaniu.
Efficient Screen 8692,"Prosty, ale niezwykle funkcjonalny."
Reliable Powerbank 1958,Świetnie sprawdza się w podróży i codziennym użytkowaniu. świetnie sprawdza się w podróży i codziennym użytkowaniu.
Smart-Enabled Towel 4715,"Lekki, a jednocześnie wyjątkowo solidny. wykonany z wysokiej jakości materiałów zapewniających trwałość."
Foldable Table 6770,Łatwy w utrzymaniu czystości i bardzo praktyczny. wykonany z wysokiej jakości materiałów zapewniających trwałość.
Smart-Enabled Bottle 2215,"Lekki, a jednocześnie wyjątkowo solidny."
Dynamic Mirror 7826,Doskonały jako prezent dla bliskiej osoby. wykonany z wysokiej jakości materiałów zapewniających trwałość.
Eco-Safe Bottle 9627,"Idealny do codziennego użytku w domu i biurze. prosty, ale niezwykle funkcjonalny."
Noise-Cancelling Cover 4841,Zaprojektowany z myślą o komforcie użytkownika. dzięki kompaktowym wymiarom łatwy do przenoszenia.
Strong Jacket 4809,Wykonany z wysokiej jakości materiałów zapewniających trwałość.
Reliable Case 4607,Nowoczesny design pasujący do każdego wnętrza. świetnie sprawdza się w podróży i codziennym użytkowaniu.
Wireless Cushion 3111,Wykonany z wysokiej jakości materiałów zapewniających trwałość.
Advanced Scarf 559,Łatwy w utrzymaniu czystości i bardzo praktyczny.
Elegant Cover 9288,Idealny do codziennego użytku w domu i biurze.
Premium-Grade Pen 1176,Świetnie sprawdza się w podróży i codziennym użytkowaniu.
Dynamic Notebook 1341,Wykonany z wysokiej jakości materiałów zapewniających trwałość. świetnie sprawdza się w podróży i codziennym użytkowaniu.
Rechargeable Charger 1767,Zaprojektowany z myślą o komforcie użytkownika.
Robust Case 1463,"Doskonały jako prezent dla bliskiej osoby. prosty, ale niezwykle funkcjonalny."
Eco-Friendly Belt 3756,Zaprojektowany z myślą o komforcie użytkownika.
Strong Mirror 4759,Łatwy w utrzymaniu czystości i bardzo praktyczny.
Foldable Bottle 3822,"Lekki, a jednocześnie wyjątkowo solidny. dzięki kompaktowym wymiarom łatwy do przenoszenia."
Durable Glasses 304,"Dzięki kompaktowym wymiarom łatwy do przenoszenia. prosty, ale niezwykle funkcjonalny."
Multi-Functional Brush 4412,Nowoczesny design pasujący do każdego wnętrza. świetnie sprawdza się w podróży i codziennym użytkowaniu.
Eco-Friendly Keyboard 5023,Wykonany z wysokiej jakości materiałów zapewniających trwałość. wykonany z wysokiej jakości materiałów zapewniających trwałość.
Elegant Container 2091,Łatwy w utrzymaniu czystości i bardzo praktyczny.
Balanced Phone 4272,Łatwy w utrzymaniu czystości i bardzo praktyczny.
Advanced Keyboard 752,Dzięki kompaktowym wymiarom łatwy do przenoszenia.
Energy-Saving Mat 2028,Świetnie sprawdza się w podróży i codziennym użytkowaniu.
Adjustable Basket 7736,Doskonały jako prezent dla bliskiej osoby. zaprojektowany z myślą o komforcie użytkownika.
Sustainable Clock 4774,Świetnie sprawdza się w podróży i codziennym użytkowaniu.
Minimalist Mat 8921,Doskonały jako prezent dla bliskiej osoby.
Affordable Ring 4212,Zaprojektowany z myślą o komforcie użytkownika.
High-Quality Glove 4467,"Prosty, ale niezwykle funkcjonalny."
Precision Shelf 4005,"Lekki, a jednocześnie wyjątkowo solidny."
Advanced Shelf 3543,"Prosty, ale niezwykle funkcjonalny. dzięki kompaktowym wymiarom łatwy do przenoszenia."
Compact Phone 6043,"Prosty, ale niezwykle funkcjonalny. wykonany z wysokiej jakości materiałów zapewniających trwałość."
Colorful Ring 5292,"Idealny do codziennego użytku w domu i biurze. prosty, ale niezwykle funkcjonalny."
Affordable Blanket 2098,Świetnie sprawdza się w podróży i codziennym użytkowaniu.
Strong Pillow 5114,Zaprojektowany z myślą o komforcie użytkownika. świetnie sprawdza się w podróży i codziennym użytkowaniu.
Flexible Shoe 4215,Doskonały jako prezent dla bliskiej osoby.
Comfortable Phone 4269,Doskonały jako prezent dla bliskiej osoby.
Modern Holder 2023,"Wykonany z wysokiej jakości materiałów zapewniających trwałość. prosty, ale niezwykle funkcjonalny."
Waterproof Towel 2516,Świetnie sprawdza się w podróży i codziennym użytkowaniu.
Multi-Functional Fan 1754,"Lekki, a jednocześnie wyjątkowo solidny."
Flexible Mug 7865,Dzięki kompaktowym wymiarom łatwy do przenoszenia. nowoczesny design pasujący do każdego wnętrza.
Lightweight Notebook 4668,"Prosty, ale niezwykle funkcjonalny."
Noise-Cancelling Brush 6505,"Prosty, ale niezwykle funkcjonalny."
Affordable Shelf 6992,Łatwy w utrzymaniu czystości i bardzo praktyczny. łatwy w utrzymaniu czystości i bardzo praktyczny.
Dynamic Box 4651,Wykonany z wysokiej jakości materiałów zapewniających trwałość. doskonały jako prezent dla bliskiej osoby.
Refined Case 5598,Doskonały jako prezent dla bliskiej osoby.
Practical Towel 7702,Dzięki kompaktowym wymiarom łatwy do przenoszenia.
Eco-Friendly Belt 396,Świetnie sprawdza się w podróży i codziennym użytkowaniu.
Modern Monitor 2916,Wykonany z wysokiej jakości materiałów zapewniających trwałość. wykonany z wysokiej jakości materiałów zapewniających trwałość.
Smart Monitor 8589,Idealny do codziennego użytku w domu i biurze.
Ultra-Light Clock 4245,"Prosty, ale niezwykle funkcjonalny. zaprojektowany z myślą o komforcie użytkownika."
Strong Bag 8332,Nowoczesny design pasujący do każdego wnętrza.
Noise-Cancelling Shelf 6592,Świetnie sprawdza się w podróży i codziennym użytkowaniu.
Eco-Friendly Bicycle 2411,Świetnie sprawdza się w podróży i codziennym użytkowaniu.
Reliable Mug 2824,Idealny do codziennego użytku w domu i biurze. idealny do codziennego użytku w domu i biurze.
Strong Cover 1012,Idealny do codziennego użytku w domu i biurze. idealny do codziennego użytku w domu i biurze.
Stylish Razor 1160,Dzięki kompaktowym wymiarom łatwy do przenoszenia.
Innovative Plate 4683,Świetnie sprawdza się w podróży i codziennym użytkowaniu. zaprojektowany z myślą o komforcie użytkownika.
Practical Headphones 290,Idealny do codziennego użytku w domu i biurze. nowoczesny design pasujący do każdego wnętrza.
Eco-Conscious Bicycle 5177,Nowoczesny design pasujący do każdego wnętrza.
Ergonomic Drill 6994,Wykonany z wysokiej jakości materiałów zapewniających trwałość.
Robust Necklace 1951,"Prosty, ale niezwykle funkcjonalny."
Lightweight Bicycle 7254,Zaprojektowany z myślą o komforcie użytkownika.
Eco-Conscious Holder 1648,Idealny do codziennego użytku w domu i biurze.
Sustainable Towel 6013,Łatwy w utrzymaniu czystości i bardzo praktyczny. wykonany z wysokiej jakości materiałów zapewniających trwałość.
Robust Container 4780,Zaprojektowany z myślą o komforcie użytkownika.
Stylish Tripod 3717,Idealny do codziennego użytku w domu i biurze. zaprojektowany z myślą o komforcie użytkownika.
Balanced Scarf 858,Wykonany z wysokiej jakości materiałów zapewniających trwałość.
Waterproof Toy 3477,"Lekki, a jednocześnie wyjątkowo solidny."
Sustainable Pillow 2819,Doskonały jako prezent dla bliskiej osoby.
Powerful Bag 3588,Świetnie sprawdza się w podróży i codziennym użytkowaniu.
Rechargeable Shoe 3030,Doskonały jako prezent dla bliskiej osoby.
Reliable Ring 2491,Dzięki kompaktowym wymiarom łatwy do przenoszenia. świetnie sprawdza się w podróży i codziennym użytkowaniu.
Minimalist Frame 669,"Lekki, a jednocześnie wyjątkowo solidny. idealny do codziennego użytku w domu i biurze."
Refined Backpack 6380,Zaprojektowany z myślą o komforcie użytkownika. doskonały jako prezent dla bliskiej osoby.
Noise-Cancelling Router 3558,Łatwy w utrzymaniu czystości i bardzo praktyczny. świetnie sprawdza się w podróży i codziennym użytkowaniu.
Innovative Screen 178,"Prosty, ale niezwykle funkcjonalny. świetnie sprawdza się w podróży i codziennym użytkowaniu."
Energy-Saving Pillow 1579,Wykonany z wysokiej jakości materiałów zapewniających trwałość. wykonany z wysokiej jakości materiałów zapewniających trwałość.
Portable Bottle 2055,Idealny do codziennego użytku w domu i biurze.
Modern Cushion 2587,Łatwy w utrzymaniu czystości i bardzo praktyczny.
Magnetic Box 5488,Zaprojektowany z myślą o komforcie użytkownika.
Eco-Friendly Blanket 1325,"Lekki, a jednocześnie wyjątkowo solidny. dzięki kompaktowym wymiarom łatwy do przenoszenia."
Eco-Conscious Bicycle 1661,Wykonany z wysokiej jakości materiałów zapewniających trwałość. dzięki kompaktowym wymiarom łatwy do przenoszenia.
Innovative Frame 3733,"Lekki, a jednocześnie wyjątkowo solidny."
Rechargeable Shelf 7956,Nowoczesny design pasujący do każdego wnętrza.
Portable Fan 7652,"Lekki, a jednocześnie wyjątkowo solidny."
Strong Printer 8640,Świetnie sprawdza się w podróży i codziennym użytkowaniu. doskonały jako prezent dla bliskiej osoby.
Minimalist Tripod 8696,Łatwy w utrzymaniu czystości i bardzo praktyczny. nowoczesny design pasujący do każdego wnętrza.
Strong Cover 3511,"Lekki, a jednocześnie wyjątkowo solidny. nowoczesny design pasujący do każdego wnętrza."
Strong Case 2099,"Idealny do codziennego użytku w domu i biurze. prosty, ale niezwykle funkcjonalny."
Elegant Glasses 7536,"Lekki, a jednocześnie wyjątkowo solidny."
Customizable Mirror 8087,Dzięki kompaktowym wymiarom łatwy do przenoszenia. łatwy w utrzymaniu czystości i bardzo praktyczny.
Compact Shelf 3164,Doskonały jako prezent dla bliskiej osoby.
Classic Keyboard 8168,"Lekki, a jednocześnie wyjątkowo solidny."
Dynamic Bench 9818,Dzięki kompaktowym wymiarom łatwy do przenoszenia.
Compact Container 4362,Świetnie sprawdza się w podróży i codziennym użytkowaniu.
Ergonomic Frame 9439,"Lekki, a jednocześnie wyjątkowo solidny. lekki, a jednocześnie wyjątkowo solidny."
Eco-Safe Holder 6825,"Idealny do codziennego użytku w domu i biurze. lekki, a jednocześnie wyjątkowo solidny."
Rechargeable Camera 1493,Nowoczesny design pasujący do każdego wnętrza.
Premium Cushion 7540,Świetnie sprawdza się w podróży i codziennym użytkowaniu. dzięki kompaktowym wymiarom łatwy do przenoszenia.
Minimalist Charger 3002,"Prosty, ale niezwykle funkcjonalny."
Innovative Jacket 5728,Świetnie sprawdza się w podróży i codziennym użytkowaniu.
Affordable Tripod 5209,Doskonały jako prezent dla bliskiej osoby.
Energy-Saving Jacket 6612,Doskonały jako prezent dla bliskiej osoby.
Durable Jacket 6606,Dzięki kompaktowym wymiarom łatwy do przenoszenia. wykonany z wysokiej jakości materiałów zapewniających trwałość.
Energy-Saving Fan 9622,Świetnie sprawdza się w podróży i codziennym użytkowaniu.
Flexible Backpack 3677,"Doskonały jako prezent dla bliskiej osoby. lekki, a jednocześnie wyjątkowo solidny."
Strong Phone 8350,Nowoczesny design pasujący do każdego wnętrza. idealny do codziennego użytku w domu i biurze.
Ultra-Light Headphones 4710,Nowoczesny design pasujący do każdego wnętrza.
Foldable Cushion 1771,Dzięki kompaktowym wymiarom łatwy do przenoszenia. nowoczesny design pasujący do każdego wnętrza.
Refined Toy 9456,"Łatwy w utrzymaniu czystości i bardzo praktyczny. prosty, ale niezwykle funkcjonalny."
Eco-Conscious Tablet 2697,Zaprojektowany z myślą o komforcie użytkownika. świetnie sprawdza się w podróży i codziennym użytkowaniu.
Colorful Drill 1631,Świetnie sprawdza się w podróży i codziennym użytkowaniu.
Magnetic Cup 4877,Idealny do codziennego użytku w domu i biurze.
Lightweight Umbrella 7756,Świetnie sprawdza się w podróży i codziennym użytkowaniu. świetnie sprawdza się w podróży i codziennym użytkowaniu.
Eco-Conscious Bench 451,"Prosty, ale niezwykle funkcjonalny."
Ergonomic Bottle 3540,Łatwy w utrzymaniu czystości i bardzo praktyczny. łatwy w utrzymaniu czystości i bardzo praktyczny.
Versatile Charger 7672,Świetnie sprawdza się w podróży i codziennym użytkowaniu.
Reliable Monitor 5157,Wykonany z wysokiej jakości materiałów zapewniających trwałość.
Sustainable Bag 8997,"Nowoczesny design pasujący do każdego wnętrza. prosty, ale niezwykle funkcjonalny."
Customizable Flashlight 5704,"Prosty, ale niezwykle funkcjonalny. łatwy w utrzymaniu czystości i bardzo praktyczny."
Innovative Brush 8731,Nowoczesny design pasujący do każdego wnętrza. świetnie sprawdza się w podróży i codziennym użytkowaniu.
Durable Mirror 8455,Łatwy w utrzymaniu czystości i bardzo praktyczny. idealny do codziennego użytku w domu i biurze.
Colorful Shelf 2309,"Prosty, ale niezwykle funkcjonalny."
Ultra-Light Container 3519,Wykonany z wysokiej jakości materiałów zapewniających trwałość.
Sustainable Headphones 5983,Doskonały jako prezent dla bliskiej osoby.
Wireless Powerbank 1673,Nowoczesny design pasujący do każdego wnętrza. zaprojektowany z myślą o komforcie użytkownika.
Reliable Speaker 7520,Zaprojektowany z myślą o komforcie użytkownika. nowoczesny design pasujący do każdego wnętrza.
Multi-Functional Fan 3374,Łatwy w utrzymaniu czystości i bardzo praktyczny.
Refined Shoe 4686,Dzięki kompaktowym wymiarom łatwy do przenoszenia. dzięki kompaktowym wymiarom łatwy do przenoszenia.
High-Quality Charger 2891,Doskonały jako prezent dla bliskiej osoby. łatwy w utrzymaniu czystości i bardzo praktyczny.
Flexible Basket 6802,Dzięki kompaktowym wymiarom łatwy do przenoszenia.
Dynamic Pillow 547,Idealny do codziennego użytku w domu i biurze.
Efficient Mirror 3253,Idealny do codziennego użytku w domu i biurze. łatwy w utrzymaniu czystości i bardzo praktyczny.
Premium-Grade Glasses 8059,Wykonany z wysokiej jakości materiałów zapewniających trwałość.
Eco-Conscious Phone 8441,Łatwy w utrzymaniu czystości i bardzo praktyczny. doskonały jako prezent dla bliskiej osoby.
Efficient Basket 7693,Nowoczesny design pasujący do każdego wnętrza. świetnie sprawdza się w podróży i codziennym użytkowaniu.
Elegant Backpack 989,Doskonały jako prezent dla bliskiej osoby. doskonały jako prezent dla bliskiej osoby.
Rechargeable Mat 1,Wykonany z wysokiej jakości materiałów zapewniających trwałość.
Robust Pen 1976,Dzięki kompaktowym wymiarom łatwy do przenoszenia.
Multi-Functional Fan 2842,Nowoczesny design pasujący do każdego wnętrza.
Stylish Belt 7094,Doskonały jako prezent dla bliskiej osoby.
Colorful Printer 856,Zaprojektowany z myślą o komforcie użytkownika. łatwy w utrzymaniu czystości i bardzo praktyczny.
Lightweight Keyboard 7562,Doskonały jako prezent dla bliskiej osoby.
Powerful Pen 2119,Świetnie sprawdza się w podróży i codziennym użytkowaniu.
Advanced Jacket 8996,"Prosty, ale niezwykle funkcjonalny."
Practical Bench 1671,"Lekki, a jednocześnie wyjątkowo solidny. idealny do codziennego użytku w domu i biurze."
Innovative Belt 7263,Wykonany z wysokiej jakości materiałów zapewniających trwałość.
Strong Bottle 9176,Dzięki kompaktowym wymiarom łatwy do przenoszenia.
Comfortable Wallet 8187,"Lekki, a jednocześnie wyjątkowo solidny."
Colorful Cushion 2419,Świetnie sprawdza się w podróży i codziennym użytkowaniu.
Energy-Saving Chair 7051,"Prosty, ale niezwykle funkcjonalny. łatwy w utrzymaniu czystości i bardzo praktyczny."
Efficient Basket 153,Świetnie sprawdza się w podróży i codziennym użytkowaniu.
Strong Tablet 9639,"Lekki, a jednocześnie wyjątkowo solidny. prosty, ale niezwykle funkcjonalny."
Durable Case 2478,Idealny do codziennego użytku w domu i biurze. wykonany z wysokiej jakości materiałów zapewniających trwałość.
Ergonomic Monitor 7385,Wykonany z wysokiej jakości materiałów zapewniających trwałość. idealny do codziennego użytku w domu i biurze.
Smart Mug 6470,"Prosty, ale niezwykle funkcjonalny. wykonany z wysokiej jakości materiałów zapewniających trwałość."
Efficient Scarf 6588,Łatwy w utrzymaniu czystości i bardzo praktyczny. zaprojektowany z myślą o komforcie użytkownika.
Reliable Powerbank 4530,Idealny do codziennego użytku w domu i biurze. łatwy w utrzymaniu czystości i bardzo praktyczny.
Strong Stand 4918,"Prosty, ale niezwykle funkcjonalny."
Adjustable Keyboard 6831,Doskonały jako prezent dla bliskiej osoby.
Noise-Cancelling Box 5126,Dzięki kompaktowym wymiarom łatwy do przenoszenia.
Multi-Functional Shelf 9955,Łatwy w utrzymaniu czystości i bardzo praktyczny. dzięki kompaktowym wymiarom łatwy do przenoszenia.
Sustainable Blanket 6863,Doskonały jako prezent dla bliskiej osoby. łatwy w utrzymaniu czystości i bardzo praktyczny.
Affordable Mug 7488,"Zaprojektowany z myślą o komforcie użytkownika. lekki, a jednocześnie wyjątkowo solidny."
Multi-Functional Mat 685,Doskonały jako prezent dla bliskiej osoby.
Compact Screen 2174,"Lekki, a jednocześnie wyjątkowo solidny. zaprojektowany z myślą o komforcie użytkownika."
Foldable Shelf 9913,Dzięki kompaktowym wymiarom łatwy do przenoszenia. zaprojektowany z myślą o komforcie użytkownika.
Flexible Scarf 1121,Zaprojektowany z myślą o komforcie użytkownika.
Colorful Chair 5243,Dzięki kompaktowym wymiarom łatwy do przenoszenia. dzięki kompaktowym wymiarom łatwy do przenoszenia.
Transparent Chair 5595,Łatwy w utrzymaniu czystości i bardzo praktyczny.
Premium Mirror 1728,"Lekki, a jednocześnie wyjątkowo solidny. świetnie sprawdza się w podróży i codziennym użytkowaniu."
Colorful Phone 3372,"Lekki, a jednocześnie wyjątkowo solidny. nowoczesny design pasujący do każdego wnętrza."
Adjustable Router 2941,Nowoczesny design pasujący do każdego wnętrza.
Energy-Saving Clock 6494,"Lekki, a jednocześnie wyjątkowo solidny. prosty, ale niezwykle funkcjonalny."
Lightweight Blanket 1797,"Prosty, ale niezwykle funkcjonalny."
Energy-Saving Scarf 8541,"Idealny do codziennego użytku w domu i biurze. prosty, ale niezwykle funkcjonalny."
Transparent Belt 5379,"Prosty, ale niezwykle funkcjonalny."
Versatile Monitor 8329,Wykonany z wysokiej jakości materiałów zapewniających trwałość. świetnie sprawdza się w podróży i codziennym użytkowaniu.
Adjustable Notebook 5009,Łatwy w utrzymaniu czystości i bardzo praktyczny. łatwy w utrzymaniu czystości i bardzo praktyczny.
Affordable Box 6073,Doskonały jako prezent dla bliskiej osoby. łatwy w utrzymaniu czystości i bardzo praktyczny.
Magnetic Router 8655,Łatwy w utrzymaniu czystości i bardzo praktyczny.
Noise-Cancelling Mat 5887,Świetnie sprawdza się w podróży i codziennym użytkowaniu.
Modern Frame 9024,Idealny do codziennego użytku w domu i biurze. dzięki kompaktowym wymiarom łatwy do przenoszenia.
Powerful Shoe 4140,Świetnie sprawdza się w podróży i codziennym użytkowaniu. zaprojektowany z myślą o komforcie użytkownika.
Affordable Toy 7455,Wykonany z wysokiej jakości materiałów zapewniających trwałość.
Waterproof Shelf 4400,"Prosty, ale niezwykle funkcjonalny. lekki, a jednocześnie wyjątkowo solidny."
Affordable Brush 5078,Nowoczesny design pasujący do każdego wnętrza. idealny do codziennego użytku w domu i biurze.
Noise-Cancelling Glasses 895,"Świetnie sprawdza się w podróży i codziennym użytkowaniu. lekki, a jednocześnie wyjątkowo solidny."
Wireless Necklace 3431,Wykonany z wysokiej jakości materiałów zapewniających trwałość. nowoczesny design pasujący do każdego wnętrza.
Eco-Conscious Chair 4102,"Lekki, a jednocześnie wyjątkowo solidny. zaprojektowany z myślą o komforcie użytkownika."
Noise-Cancelling Scarf 9577,"Doskonały jako prezent dla bliskiej osoby. lekki, a jednocześnie wyjątkowo solidny."
Customizable Watch 2328,"Lekki, a jednocześnie wyjątkowo solidny. doskonały jako prezent dla bliskiej osoby."
Eco-Safe Blanket 4160,Świetnie sprawdza się w podróży i codziennym użytkowaniu.
Elegant Towel 8631,Wykonany z wysokiej jakości materiałów zapewniających trwałość. dzięki kompaktowym wymiarom łatwy do przenoszenia.
Multi-Functional Brush 7664,Dzięki kompaktowym wymiarom łatwy do przenoszenia.
Premium-Grade Cable 7834,Świetnie sprawdza się w podróży i codziennym użytkowaniu.
Innovative Tripod 4579,"Lekki, a jednocześnie wyjątkowo solidny."
Affordable Bag 1504,Dzięki kompaktowym wymiarom łatwy do przenoszenia.
Foldable Phone 9596,Wykonany z wysokiej jakości materiałów zapewniających trwałość.
Durable Screen 1121,"Prosty, ale niezwykle funkcjonalny."
Ergonomic Basket 9432,"Prosty, ale niezwykle funkcjonalny. dzięki kompaktowym wymiarom łatwy do przenoszenia."
Refined Table 2200,"Lekki, a jednocześnie wyjątkowo solidny."
Compact Glove 6086,Wykonany z wysokiej jakości materiałów zapewniających trwałość.
Eco-Friendly Stand 3399,Świetnie sprawdza się w podróży i codziennym użytkowaniu. doskonały jako prezent dla bliskiej osoby.
Strong Bench 2669,Nowoczesny design pasujący do każdego wnętrza.
Minimalist Tripod 2870,Doskonały jako prezent dla bliskiej osoby.
Soft Bag 9535,"Prosty, ale niezwykle funkcjonalny."
Powerful Charger 4303,Łatwy w utrzymaniu czystości i bardzo praktyczny. idealny do codziennego użytku w domu i biurze.
Colorful Glove 752,Zaprojektowany z myślą o komforcie użytkownika. idealny do codziennego użytku w domu i biurze.
Eco-Safe Camera 3723,"Lekki, a jednocześnie wyjątkowo solidny. nowoczesny design pasujący do każdego wnętrza."
Balanced Scarf 614,"Prosty, ale niezwykle funkcjonalny."
Affordable Necklace 927,Zaprojektowany z myślą o komforcie użytkownika. dzięki kompaktowym wymiarom łatwy do przenoszenia.
Ultra-Light Belt 7711,Zaprojektowany z myślą o komforcie użytkownika. zaprojektowany z myślą o komforcie użytkownika.
Multi-Functional Scarf 6823,Doskonały jako prezent dla bliskiej osoby.
Smart-Enabled Tripod 3540,Doskonały jako prezent dla bliskiej osoby. idealny do codziennego użytku w domu i biurze.
Affordable Fan 1662,Wykonany z wysokiej jakości materiałów zapewniających trwałość.
Smart-Enabled Wallet 3972,Świetnie sprawdza się w podróży i codziennym użytkowaniu. świetnie sprawdza się w podróży i codziennym użytkowaniu.
Smart-Enabled Mat 2308,Wykonany z wysokiej jakości materiałów zapewniających trwałość. idealny do codziennego użytku w domu i biurze.
Lightweight Towel 4925,Idealny do codziennego użytku w domu i biurze.
Multi-Functional Glasses 8404,Nowoczesny design pasujący do każdego wnętrza. świetnie sprawdza się w podróży i codziennym użytkowaniu.
Eco-Friendly Toy 4327,"Lekki, a jednocześnie wyjątkowo solidny."
Balanced Mirror 9353,"Prosty, ale niezwykle funkcjonalny. idealny do codziennego użytku w domu i biurze."
Practical Speaker 7943,Wykonany z wysokiej jakości materiałów zapewniających trwałość. dzięki kompaktowym wymiarom łatwy do przenoszenia.
Efficient Bottle 3360,"Lekki, a jednocześnie wyjątkowo solidny."
Foldable Glove 3711,"Lekki, a jednocześnie wyjątkowo solidny."
Waterproof Mug 2862,"Lekki, a jednocześnie wyjątkowo solidny. idealny do codziennego użytku w domu i biurze."
Versatile Bottle 4928,Doskonały jako prezent dla bliskiej osoby.
Eco-Safe Bottle 8999,Nowoczesny design pasujący do każdego wnętrza. dzięki kompaktowym wymiarom łatwy do przenoszenia.
Transparent Camera 2297,Idealny do codziennego użytku w domu i biurze.
Waterproof Notebook 3556,Dzięki kompaktowym wymiarom łatwy do przenoszenia. zaprojektowany z myślą o komforcie użytkownika.
Innovative Towel 2328,"Doskonały jako prezent dla bliskiej osoby. prosty, ale niezwykle funkcjonalny."
Wireless Cover 4945,"Prosty, ale niezwykle funkcjonalny. doskonały jako prezent dla bliskiej osoby."
Classic Wallet 6651,Łatwy w utrzymaniu czystości i bardzo praktyczny. wykonany z wysokiej jakości materiałów zapewniających trwałość.
Portable Tablet 5321,Łatwy w utrzymaniu czystości i bardzo praktyczny. nowoczesny design pasujący do każdego wnętrza.
Multi-Functional Shelf 4763,"Prosty, ale niezwykle funkcjonalny."
Lightweight Bottle 6582,"Lekki, a jednocześnie wyjątkowo solidny."
Colorful Chair 9544,"Prosty, ale niezwykle funkcjonalny. doskonały jako prezent dla bliskiej osoby."
Eco-Safe Basket 9344,"Prosty, ale niezwykle funkcjonalny. dzięki kompaktowym wymiarom łatwy do przenoszenia."
Stylish Headphones 408,Łatwy w utrzymaniu czystości i bardzo praktyczny. doskonały jako prezent dla bliskiej osoby.
Smart Stand 1084,Idealny do codziennego użytku w domu i biurze. wykonany z wysokiej jakości materiałów zapewniających trwałość.
Ultra-Light Backpack 2052,Doskonały jako prezent dla bliskiej osoby.
Customizable Clock 8076,Zaprojektowany z myślą o komforcie użytkownika.
Minimalist Glove 3789,Zaprojektowany z myślą o komforcie użytkownika.
Smart-Enabled Umbrella 4214,Doskonały jako prezent dla bliskiej osoby.
Powerful Ring 8536,"Lekki, a jednocześnie wyjątkowo solidny."
Luxury Glasses 2310,Idealny do codziennego użytku w domu i biurze.
Efficient Mouse 8203,Wykonany z wysokiej jakości materiałów zapewniających trwałość. nowoczesny design pasujący do każdego wnętrza.
Innovative Monitor 6452,"Prosty, ale niezwykle funkcjonalny."
Durable Mirror 4964,Nowoczesny design pasujący do każdego wnętrza.
Transparent Frame 6894,Nowoczesny design pasujący do każdego wnętrza. dzięki kompaktowym wymiarom łatwy do przenoszenia.
Refined Bottle 4905,"Prosty, ale niezwykle funkcjonalny."
Eco-Conscious Screen 6217,Idealny do codziennego użytku w domu i biurze. zaprojektowany z myślą o komforcie użytkownika.
Sustainable Headphones 3668,Zaprojektowany z myślą o komforcie użytkownika.
Classic Tripod 6938,Dzięki kompaktowym wymiarom łatwy do przenoszenia.
Smart-Enabled Jacket 5981,Dzięki kompaktowym wymiarom łatwy do przenoszenia.
Comfortable Charger 6307,Wykonany z wysokiej jakości materiałów zapewniających trwałość. świetnie sprawdza się w podróży i codziennym użytkowaniu.
Eco-Conscious Notebook 5789,"Nowoczesny design pasujący do każdego wnętrza. prosty, ale niezwykle funkcjonalny."
Dynamic Toy 3599,Łatwy w utrzymaniu czystości i bardzo praktyczny. zaprojektowany z myślą o komforcie użytkownika.
Dynamic Mouse 7549,Wykonany z wysokiej jakości materiałów zapewniających trwałość.
Premium-Grade Headphones 8292,Łatwy w utrzymaniu czystości i bardzo praktyczny. łatwy w utrzymaniu czystości i bardzo praktyczny.
Customizable Box 1308,Nowoczesny design pasujący do każdego wnętrza.
Sustainable Shoe 3919,Łatwy w utrzymaniu czystości i bardzo praktyczny.
Eco-Safe Towel 2651,Idealny do codziennego użytku w domu i biurze.
Sustainable Brush 3847,Doskonały jako prezent dla bliskiej osoby. doskonały jako prezent dla bliskiej osoby.
Premium Shoe 4221,Łatwy w utrzymaniu czystości i bardzo praktyczny.
Waterproof Mat 3235,Świetnie sprawdza się w podróży i codziennym użytkowaniu.
Dynamic Cup 1064,Świetnie sprawdza się w podróży i codziennym użytkowaniu.
Wireless Table 5529,Idealny do codziennego użytku w domu i biurze.
Premium-Grade Holder 5360,"Lekki, a jednocześnie wyjątkowo solidny. prosty, ale niezwykle funkcjonalny."
Classic Drone 5128,Dzięki kompaktowym wymiarom łatwy do przenoszenia. nowoczesny design pasujący do każdego wnętrza.
Eco-Conscious Charger 1072,Łatwy w utrzymaniu czystości i bardzo praktyczny. idealny do codziennego użytku w domu i biurze.
Lightweight Razor 6508,Łatwy w utrzymaniu czystości i bardzo praktyczny. wykonany z wysokiej jakości materiałów zapewniających trwałość.
Flexible Cover 3314,"Prosty, ale niezwykle funkcjonalny. prosty, ale niezwykle funkcjonalny."
Elegant Bottle 4619,"Lekki, a jednocześnie wyjątkowo solidny."
Sustainable Chair 832,Łatwy w utrzymaniu czystości i bardzo praktyczny.
Eco-Conscious Glasses 5338,Zaprojektowany z myślą o komforcie użytkownika.
Minimalist Pen 7386,Nowoczesny design pasujący do każdego wnętrza. łatwy w utrzymaniu czystości i bardzo praktyczny.
Durable Notebook 5464,Doskonały jako prezent dla bliskiej osoby. idealny do codziennego użytku w domu i biurze.
Powerful Keyboard 15,Zaprojektowany z myślą o komforcie użytkownika.
Powerful Fan 6245,"Prosty, ale niezwykle funkcjonalny."
Robust Box 6092,Wykonany z wysokiej jakości materiałów zapewniających trwałość. zaprojektowany z myślą o komforcie użytkownika.
Soft Frame 901,Zaprojektowany z myślą o komforcie użytkownika. doskonały jako prezent dla bliskiej osoby.
Adjustable Notebook 2378,Doskonały jako prezent dla bliskiej osoby. zaprojektowany z myślą o komforcie użytkownika.
Ergonomic Screen 1526,Zaprojektowany z myślą o komforcie użytkownika.
Comfortable Camera 9674,"Lekki, a jednocześnie wyjątkowo solidny."
Eco-Conscious Shoe 572,Nowoczesny design pasujący do każdego wnętrza. świetnie sprawdza się w podróży i codziennym użytkowaniu.
Magnetic Chair 3863,"Lekki, a jednocześnie wyjątkowo solidny."
Eco-Friendly Mug 543,"Prosty, ale niezwykle funkcjonalny. doskonały jako prezent dla bliskiej osoby."
Ultra-Light Pen 2934,"Prosty, ale niezwykle funkcjonalny."
Stylish Router 8511,Świetnie sprawdza się w podróży i codziennym użytkowaniu.
Affordable Phone 8243,Idealny do codziennego użytku w domu i biurze. dzięki kompaktowym wymiarom łatwy do przenoszenia.
Minimalist Cushion 5803,Nowoczesny design pasujący do każdego wnętrza. doskonały jako prezent dla bliskiej osoby.
Stylish Speaker 8102,"Nowoczesny design pasujący do każdego wnętrza. prosty, ale niezwykle funkcjonalny."
Reliable Charger 1840,"Prosty, ale niezwykle funkcjonalny. świetnie sprawdza się w podróży i codziennym użytkowaniu."
Classic Ring 42,"Dzięki kompaktowym wymiarom łatwy do przenoszenia. prosty, ale niezwykle funkcjonalny."
Waterproof Cover 6537,Zaprojektowany z myślą o komforcie użytkownika.
Transparent Flashlight 5697,Zaprojektowany z myślą o komforcie użytkownika.
Soft Clock 1963,"Prosty, ale niezwykle funkcjonalny. lekki, a jednocześnie wyjątkowo solidny."
Smart Monitor 229,Łatwy w utrzymaniu czystości i bardzo praktyczny.
Waterproof Headphones 7575,Łatwy w utrzymaniu czystości i bardzo praktyczny.
Innovative Tablet 4902,"Wykonany z wysokiej jakości materiałów zapewniających trwałość. prosty, ale niezwykle funkcjonalny."
Powerful Plate 1152,Doskonały jako prezent dla bliskiej osoby.
Ultra-Light Bicycle 7592,Doskonały jako prezent dla bliskiej osoby.
Efficient Chair 2143,Nowoczesny design pasujący do każdego wnętrza. idealny do codziennego użytku w domu i biurze.
Classic Shelf 4545,Doskonały jako prezent dla bliskiej osoby.
Affordable Umbrella 9245,Idealny do codziennego użytku w domu i biurze.
Eco-Conscious Basket 1549,Zaprojektowany z myślą o komforcie użytkownika. wykonany z wysokiej jakości materiałów zapewniających trwałość.
Ultra-Light Umbrella 7169,"Lekki, a jednocześnie wyjątkowo solidny."
Soft Table 4516,"Doskonały jako prezent dla bliskiej osoby. prosty, ale niezwykle funkcjonalny."
Elegant Stand 3499,Zaprojektowany z myślą o komforcie użytkownika.
Powerful Table 726,"Prosty, ale niezwykle funkcjonalny."
Luxury Screen 1566,Nowoczesny design pasujący do każdego wnętrza.
Comfortable Screen 6787,Doskonały jako prezent dla bliskiej osoby.
Robust Headphones 8830,Dzięki kompaktowym wymiarom łatwy do przenoszenia. łatwy w utrzymaniu czystości i bardzo praktyczny.
Flexible Tool 7716,"Lekki, a jednocześnie wyjątkowo solidny. idealny do codziennego użytku w domu i biurze."
Customizable Brush 5014,Doskonały jako prezent dla bliskiej osoby. dzięki kompaktowym wymiarom łatwy do przenoszenia.
Smart Container 3815,"Lekki, a jednocześnie wyjątkowo solidny."
Comfortable Box 6190,"Świetnie sprawdza się w podróży i codziennym użytkowaniu. prosty, ale niezwykle funkcjonalny."
Flexible Cable 6987,"Prosty, ale niezwykle funkcjonalny. lekki, a jednocześnie wyjątkowo solidny."
Eco-Conscious Screen 4687,"Idealny do codziennego użytku w domu i biurze. prosty, ale niezwykle funkcjonalny."
Classic Tablet 4031,Nowoczesny design pasujący do każdego wnętrza.
Soft Cup 4959,Dzięki kompaktowym wymiarom łatwy do przenoszenia. wykonany z wysokiej jakości materiałów zapewniających trwałość.
Eco-Conscious Mat 8941,Zaprojektowany z myślą o komforcie użytkownika. zaprojektowany z myślą o komforcie użytkownika.
Soft Chair 5486,Idealny do codziennego użytku w domu i biurze.
High-Quality Case 6945,"Prosty, ale niezwykle funkcjonalny. prosty, ale niezwykle funkcjonalny."
Rechargeable Umbrella 1651,Dzięki kompaktowym wymiarom łatwy do przenoszenia. łatwy w utrzymaniu czystości i bardzo praktyczny.
Flexible Stand 5426,Doskonały jako prezent dla bliskiej osoby. doskonały jako prezent dla bliskiej osoby.
Minimalist Towel 5545,Łatwy w utrzymaniu czystości i bardzo praktyczny.
Rechargeable Shoe 8537,Nowoczesny design pasujący do każdego wnętrza. idealny do codziennego użytku w domu i biurze.
Premium-Grade Umbrella 261,Łatwy w utrzymaniu czystości i bardzo praktyczny. łatwy w utrzymaniu czystości i bardzo praktyczny.
Eco-Friendly Toy 2958,Zaprojektowany z myślą o komforcie użytkownika. łatwy w utrzymaniu czystości i bardzo praktyczny.
Eco-Friendly Blanket 3293,"Prosty, ale niezwykle funkcjonalny. nowoczesny design pasujący do każdego wnętrza."
Compact Printer 3002,Doskonały jako prezent dla bliskiej osoby. łatwy w utrzymaniu czystości i bardzo praktyczny.
Lightweight Notebook 9088,"Prosty, ale niezwykle funkcjonalny. zaprojektowany z myślą o komforcie użytkownika."
Wireless Pillow 4053,"Łatwy w utrzymaniu czystości i bardzo praktyczny. lekki, a jednocześnie wyjątkowo solidny."
Energy-Saving Pillow 70,Zaprojektowany z myślą o komforcie użytkownika. idealny do codziennego użytku w domu i biurze.
Smart Bench 8112,"Lekki, a jednocześnie wyjątkowo solidny."
Smart-Enabled Printer 8098,Wykonany z wysokiej jakości materiałów zapewniających trwałość.
Versatile Table 8849,Doskonały jako prezent dla bliskiej osoby. wykonany z wysokiej jakości materiałów zapewniających trwałość.
Classic Mirror 1675,Łatwy w utrzymaniu czystości i bardzo praktyczny.
Modern Jacket 6539,"Prosty, ale niezwykle funkcjonalny. zaprojektowany z myślą o komforcie użytkownika."
Practical Printer 3458,Dzięki kompaktowym wymiarom łatwy do przenoszenia.
Ultra-Light Holder 3210,"Doskonały jako prezent dla bliskiej osoby. lekki, a jednocześnie wyjątkowo solidny."
Elegant Cushion 5641,Świetnie sprawdza się w podróży i codziennym użytkowaniu. idealny do codziennego użytku w domu i biurze.
Eco-Conscious Tripod 2700,Dzięki kompaktowym wymiarom łatwy do przenoszenia. wykonany z wysokiej jakości materiałów zapewniających trwałość.
Colorful Brush 4565,Doskonały jako prezent dla bliskiej osoby.
Luxury Chair 98,"Doskonały jako prezent dla bliskiej osoby. prosty, ale niezwykle funkcjonalny."
Rechargeable Frame 5081,Wykonany z wysokiej jakości materiałów zapewniających trwałość. wykonany z wysokiej jakości materiałów zapewniających trwałość.
Luxury Glasses 4513,Nowoczesny design pasujący do każdego wnętrza.
Ergonomic Stand 2794,Doskonały jako prezent dla bliskiej osoby. świetnie sprawdza się w podróży i codziennym użytkowaniu.
Strong Shoe 7139,"Nowoczesny design pasujący do każdego wnętrza. prosty, ale niezwykle funkcjonalny."
Reliable Bench 5462,Łatwy w utrzymaniu czystości i bardzo praktyczny.
Adjustable Tripod 6073,Łatwy w utrzymaniu czystości i bardzo praktyczny.
Efficient Tripod 8375,Idealny do codziennego użytku w domu i biurze.
Colorful Speaker 5816,Doskonały jako prezent dla bliskiej osoby.
Foldable Brush 7537,"Lekki, a jednocześnie wyjątkowo solidny."
Ergonomic Cushion 3368,Świetnie sprawdza się w podróży i codziennym użytkowaniu.
Adjustable Jacket 2621,Doskonały jako prezent dla bliskiej osoby.
Practical Pillow 2023,Nowoczesny design pasujący do każdego wnętrza.
Classic Bag 2759,Nowoczesny design pasujący do każdego wnętrza. doskonały jako prezent dla bliskiej osoby.
Lightweight Case 3908,Doskonały jako prezent dla bliskiej osoby.
Stylish Belt 1618,Łatwy w utrzymaniu czystości i bardzo praktyczny.
Eco-Safe Keyboard 9384,"Zaprojektowany z myślą o komforcie użytkownika. lekki, a jednocześnie wyjątkowo solidny."
High-Quality Cable 911,Nowoczesny design pasujący do każdego wnętrza.
Advanced Cover 4786,Zaprojektowany z myślą o komforcie użytkownika.
Minimalist Mug 9244,Zaprojektowany z myślą o komforcie użytkownika.
Portable Bench 9035,Zaprojektowany z myślą o komforcie użytkownika.
Eco-Safe Cable 3373,Doskonały jako prezent dla bliskiej osoby.
Lightweight Screen 5699,"Lekki, a jednocześnie wyjątkowo solidny. zaprojektowany z myślą o komforcie użytkownika."
Soft Glasses 2590,Świetnie sprawdza się w podróży i codziennym użytkowaniu.
Durable Brush 2939,Zaprojektowany z myślą o komforcie użytkownika. idealny do codziennego użytku w domu i biurze.
Waterproof Flashlight 2913,Łatwy w utrzymaniu czystości i bardzo praktyczny. wykonany z wysokiej jakości materiałów zapewniających trwałość.
Durable Charger 7723,Doskonały jako prezent dla bliskiej osoby.
Flexible Box 2983,Doskonały jako prezent dla bliskiej osoby. doskonały jako prezent dla bliskiej osoby.
Balanced Mirror 145,Łatwy w utrzymaniu czystości i bardzo praktyczny.
High-Quality Bicycle 121,Idealny do codziennego użytku w domu i biurze. nowoczesny design pasujący do każdego wnętrza.
Sustainable Screen 1196,"Lekki, a jednocześnie wyjątkowo solidny."
Portable Cup 1926,"Nowoczesny design pasujący do każdego wnętrza. lekki, a jednocześnie wyjątkowo solidny."
Affordable Bench 2937,"Prosty, ale niezwykle funkcjonalny. prosty, ale niezwykle funkcjonalny."
Customizable Necklace 1326,Idealny do codziennego użytku w domu i biurze.
Elegant Cable 324,"Lekki, a jednocześnie wyjątkowo solidny. prosty, ale niezwykle funkcjonalny."
Advanced Screen 7652,Doskonały jako prezent dla bliskiej osoby.
High-Quality Cushion 1727,"Prosty, ale niezwykle funkcjonalny. nowoczesny design pasujący do każdego wnętrza."
Minimalist Mat 6394,Idealny do codziennego użytku w domu i biurze.
Noise-Cancelling Table 6843,"Świetnie sprawdza się w podróży i codziennym użytkowaniu. prosty, ale niezwykle funkcjonalny."
Rechargeable Ring 3115,"Lekki, a jednocześnie wyjątkowo solidny."
Soft Pen 3967,Wykonany z wysokiej jakości materiałów zapewniających trwałość. wykonany z wysokiej jakości materiałów zapewniających trwałość.
Smart Flashlight 5360,Idealny do codziennego użytku w domu i biurze. doskonały jako prezent dla bliskiej osoby.
Lightweight Printer 8153,"Lekki, a jednocześnie wyjątkowo solidny. doskonały jako prezent dla bliskiej osoby."
Multi-Functional Plate 2044,Nowoczesny design pasujący do każdego wnętrza. wykonany z wysokiej jakości materiałów zapewniających trwałość.
Premium-Grade Cable 8259,Idealny do codziennego użytku w domu i biurze.
Advanced Clock 6973,Doskonały jako prezent dla bliskiej osoby. wykonany z wysokiej jakości materiałów zapewniających trwałość.
Portable Pillow 8998,Idealny do codziennego użytku w domu i biurze.
Energy-Saving Table 1292,Nowoczesny design pasujący do każdego wnętrza. idealny do codziennego użytku w domu i biurze.
Ultra-Light Glasses 7825,"Prosty, ale niezwykle funkcjonalny."
Balanced Router 9523,Wykonany z wysokiej jakości materiałów zapewniających trwałość.
Multi-Functional Glove 8787,Idealny do codziennego użytku w domu i biurze.
Lightweight Holder 5006,Łatwy w utrzymaniu czystości i bardzo praktyczny. świetnie sprawdza się w podróży i codziennym użytkowaniu.
Transparent Cushion 6618,"Lekki, a jednocześnie wyjątkowo solidny. doskonały jako prezent dla bliskiej osoby."
Versatile Headphones 5460,Zaprojektowany z myślą o komforcie użytkownika.
Noise-Cancelling Jacket 2107,"Lekki, a jednocześnie wyjątkowo solidny. doskonały jako prezent dla bliskiej osoby."
Premium Frame 9143,Dzięki kompaktowym wymiarom łatwy do przenoszenia.
Waterproof Tripod 5846,Doskonały jako prezent dla bliskiej osoby. wykonany z wysokiej jakości materiałów zapewniających trwałość.
Ultra-Light Razor 7222,Dzięki kompaktowym wymiarom łatwy do przenoszenia.
Classic Cushion 3639,Wykonany z wysokiej jakości materiałów zapewniających trwałość.
Stylish Brush 461,Wykonany z wysokiej jakości materiałów zapewniających trwałość.
Efficient Watch 2717,Wykonany z wysokiej jakości materiałów zapewniających trwałość.
Eco-Safe Ring 8779,"Lekki, a jednocześnie wyjątkowo solidny. zaprojektowany z myślą o komforcie użytkownika."
Ergonomic Shoe 9785,"Prosty, ale niezwykle funkcjonalny."
Luxury Powerbank 6375,Wykonany z wysokiej jakości materiałów zapewniających trwałość.
Advanced Monitor 7200,Dzięki kompaktowym wymiarom łatwy do przenoszenia.
Soft Umbrella 283,Łatwy w utrzymaniu czystości i bardzo praktyczny. dzięki kompaktowym wymiarom łatwy do przenoszenia.
Balanced Phone 2874,Idealny do codziennego użytku w domu i biurze. wykonany z wysokiej jakości materiałów zapewniających trwałość.
Soft Phone 6837,"Prosty, ale niezwykle funkcjonalny. prosty, ale niezwykle funkcjonalny."
Comfortable Drill 4431,Świetnie sprawdza się w podróży i codziennym użytkowaniu. zaprojektowany z myślą o komforcie użytkownika.
Precision Mug 5372,"Dzięki kompaktowym wymiarom łatwy do przenoszenia. prosty, ale niezwykle funkcjonalny."
Premium-Grade Printer 7577,"Zaprojektowany z myślą o komforcie użytkownika. prosty, ale niezwykle funkcjonalny."
Noise-Cancelling Fan 6269,Zaprojektowany z myślą o komforcie użytkownika. idealny do codziennego użytku w domu i biurze.
Noise-Cancelling Drone 6154,Wykonany z wysokiej jakości materiałów zapewniających trwałość.
Smart Clock 7401,Wykonany z wysokiej jakości materiałów zapewniających trwałość. łatwy w utrzymaniu czystości i bardzo praktyczny.
High-Quality Pen 6714,Dzięki kompaktowym wymiarom łatwy do przenoszenia.
Ergonomic Bench 1896,"Lekki, a jednocześnie wyjątkowo solidny."
Ultra-Light Notebook 1799,Wykonany z wysokiej jakości materiałów zapewniających trwałość. wykonany z wysokiej jakości materiałów zapewniających trwałość.
Practical Razor 6180,Zaprojektowany z myślą o komforcie użytkownika.
Efficient Bicycle 2572,Idealny do codziennego użytku w domu i biurze. idealny do codziennego użytku w domu i biurze.
Premium Cable 9559,"Prosty, ale niezwykle funkcjonalny. wykonany z wysokiej jakości materiałów zapewniających trwałość."
Durable Watch 7357,Łatwy w utrzymaniu czystości i bardzo praktyczny. świetnie sprawdza się w podróży i codziennym użytkowaniu.
Portable Blanket 6204,Zaprojektowany z myślą o komforcie użytkownika. świetnie sprawdza się w podróży i codziennym użytkowaniu.
Soft Glasses 5405,"Idealny do codziennego użytku w domu i biurze. lekki, a jednocześnie wyjątkowo solidny."
Eco-Friendly Charger 8629,Dzięki kompaktowym wymiarom łatwy do przenoszenia.
Sustainable Container 3104,Nowoczesny design pasujący do każdego wnętrza. łatwy w utrzymaniu czystości i bardzo praktyczny.
Waterproof Pen 451,"Lekki, a jednocześnie wyjątkowo solidny."
Portable Towel 1084,Idealny do codziennego użytku w domu i biurze. idealny do codziennego użytku w domu i biurze.
Transparent Mug 5494,"Nowoczesny design pasujący do każdego wnętrza. lekki, a jednocześnie wyjątkowo solidny."
Minimalist Clock 2487,Łatwy w utrzymaniu czystości i bardzo praktyczny. świetnie sprawdza się w podróży i codziennym użytkowaniu.
Eco-Friendly Stand 9173,Nowoczesny design pasujący do każdego wnętrza. wykonany z wysokiej jakości materiałów zapewniających trwałość.
Soft Flashlight 2375,Zaprojektowany z myślą o komforcie użytkownika.
Eco-Safe Blanket 6904,Nowoczesny design pasujący do każdego wnętrza.
Wireless Mug 798,"Lekki, a jednocześnie wyjątkowo solidny. łatwy w utrzymaniu czystości i bardzo praktyczny."
Modern Powerbank 7402,Dzięki kompaktowym wymiarom łatwy do przenoszenia. świetnie sprawdza się w podróży i codziennym użytkowaniu.
Advanced Pen 5723,"Prosty, ale niezwykle funkcjonalny. wykonany z wysokiej jakości materiałów zapewniających trwałość."
Balanced Cushion 7732,Łatwy w utrzymaniu czystości i bardzo praktyczny. wykonany z wysokiej jakości materiałów zapewniających trwałość.
Elegant Shoe 8891,"Lekki, a jednocześnie wyjątkowo solidny."
Advanced Clock 2760,Dzięki kompaktowym wymiarom łatwy do przenoszenia.
Efficient Towel 4997,Świetnie sprawdza się w podróży i codziennym użytkowaniu. idealny do codziennego użytku w domu i biurze.
Elegant Container 9489,Wykonany z wysokiej jakości materiałów zapewniających trwałość. dzięki kompaktowym wymiarom łatwy do przenoszenia.
Lightweight Monitor 2085,Nowoczesny design pasujący do każdego wnętrza.
Multi-Functional Mug 3669,Wykonany z wysokiej jakości materiałów zapewniających trwałość.
Powerful Pillow 7866,"Prosty, ale niezwykle funkcjonalny. doskonały jako prezent dla bliskiej osoby."
Precision Glasses 7355,"Prosty, ale niezwykle funkcjonalny. doskonały jako prezent dla bliskiej osoby."
Colorful Table 4564,Doskonały jako prezent dla bliskiej osoby.
Ergonomic Case 4343,Doskonały jako prezent dla bliskiej osoby.
Wireless Table 651,Łatwy w utrzymaniu czystości i bardzo praktyczny.
Colorful Bag 3311,"Lekki, a jednocześnie wyjątkowo solidny. doskonały jako prezent dla bliskiej osoby."
Eco-Safe Bench 9463,Doskonały jako prezent dla bliskiej osoby.
Eco-Conscious Clock 9508,Nowoczesny design pasujący do każdego wnętrza.
Refined Screen 4813,Nowoczesny design pasujący do każdego wnętrza. idealny do codziennego użytku w domu i biurze.
Portable Toy 3568,"Lekki, a jednocześnie wyjątkowo solidny. wykonany z wysokiej jakości materiałów zapewniających trwałość."
Strong Mouse 7534,Idealny do codziennego użytku w domu i biurze. nowoczesny design pasujący do każdego wnętrza.
Modern Lamp 1150,Zaprojektowany z myślą o komforcie użytkownika.
Strong Brush 7596,Łatwy w utrzymaniu czystości i bardzo praktyczny.
Versatile Table 1805,Dzięki kompaktowym wymiarom łatwy do przenoszenia.
Adjustable Belt 3411,"Dzięki kompaktowym wymiarom łatwy do przenoszenia. prosty, ale niezwykle funkcjonalny."
Colorful Camera 1801,Dzięki kompaktowym wymiarom łatwy do przenoszenia.
Compact Flashlight 4677,"Lekki, a jednocześnie wyjątkowo solidny."
Rechargeable Notebook 6195,Dzięki kompaktowym wymiarom łatwy do przenoszenia. nowoczesny design pasujący do każdego wnętrza.
Classic Flashlight 9387,Wykonany z wysokiej jakości materiałów zapewniających trwałość.
Advanced Box 4052,Zaprojektowany z myślą o komforcie użytkownika. świetnie sprawdza się w podróży i codziennym użytkowaniu.
Colorful Holder 5410,"Prosty, ale niezwykle funkcjonalny. prosty, ale niezwykle funkcjonalny."
Eco-Conscious Drill 2013,"Świetnie sprawdza się w podróży i codziennym użytkowaniu. prosty, ale niezwykle funkcjonalny."
Balanced Drone 595,Świetnie sprawdza się w podróży i codziennym użytkowaniu. dzięki kompaktowym wymiarom łatwy do przenoszenia.
Colorful Umbrella 3364,Doskonały jako prezent dla bliskiej osoby. idealny do codziennego użytku w domu i biurze.
High-Quality Necklace 9746,Zaprojektowany z myślą o komforcie użytkownika. nowoczesny design pasujący do każdego wnętrza.
Wireless Toy 9042,Świetnie sprawdza się w podróży i codziennym użytkowaniu.
Efficient Holder 2183,Świetnie sprawdza się w podróży i codziennym użytkowaniu. świetnie sprawdza się w podróży i codziennym użytkowaniu.
Smart-Enabled Frame 8611,"Dzięki kompaktowym wymiarom łatwy do przenoszenia. prosty, ale niezwykle funkcjonalny."
Eco-Friendly Fan 8738,"Prosty, ale niezwykle funkcjonalny."
Dynamic Tablet 4788,Idealny do codziennego użytku w domu i biurze.
Eco-Friendly Towel 7458,Łatwy w utrzymaniu czystości i bardzo praktyczny.
Advanced Fan 2864,"Prosty, ale niezwykle funkcjonalny."
Waterproof Screen 4335,Nowoczesny design pasujący do każdego wnętrza. dzięki kompaktowym wymiarom łatwy do przenoszenia.
Sustainable Chair 2972,"Prosty, ale niezwykle funkcjonalny."
Luxury Fan 5292,"Łatwy w utrzymaniu czystości i bardzo praktyczny. lekki, a jednocześnie wyjątkowo solidny."
Strong Bench 2745,Dzięki kompaktowym wymiarom łatwy do przenoszenia. świetnie sprawdza się w podróży i codziennym użytkowaniu.
Balanced Case 2286,"Wykonany z wysokiej jakości materiałów zapewniających trwałość. prosty, ale niezwykle funkcjonalny."
Refined Drill 3110,Idealny do codziennego użytku w domu i biurze. zaprojektowany z myślą o komforcie użytkownika.
Premium Mat 9164,Wykonany z wysokiej jakości materiałów zapewniających trwałość. łatwy w utrzymaniu czystości i bardzo praktyczny.
Magnetic Pen 1229,Idealny do codziennego użytku w domu i biurze.
Eco-Friendly Towel 7435,Zaprojektowany z myślą o komforcie użytkownika. idealny do codziennego użytku w domu i biurze.
Wireless Clock 3332,Nowoczesny design pasujący do każdego wnętrza.
Ultra-Light Drill 5364,Zaprojektowany z myślą o komforcie użytkownika.
Wireless Towel 7383,Dzięki kompaktowym wymiarom łatwy do przenoszenia.
Innovative Fan 2601,"Prosty, ale niezwykle funkcjonalny."
Durable Wallet 5407,"Prosty, ale niezwykle funkcjonalny."
Dynamic Bench 8152,Świetnie sprawdza się w podróży i codziennym użytkowaniu.
Smart-Enabled Box 4022,Łatwy w utrzymaniu czystości i bardzo praktyczny.
Eco-Safe Case 2082,Doskonały jako prezent dla bliskiej osoby. idealny do codziennego użytku w domu i biurze.
Energy-Saving Necklace 1703,Idealny do codziennego użytku w domu i biurze.
Innovative Scarf 7533,Idealny do codziennego użytku w domu i biurze. idealny do codziennego użytku w domu i biurze.
Efficient Ring 1840,Doskonały jako prezent dla bliskiej osoby.
Elegant Cable 2191,Łatwy w utrzymaniu czystości i bardzo praktyczny. dzięki kompaktowym wymiarom łatwy do przenoszenia.
Waterproof Charger 4790,Świetnie sprawdza się w podróży i codziennym użytkowaniu. dzięki kompaktowym wymiarom łatwy do przenoszenia.
Portable Ring 9479,Nowoczesny design pasujący do każdego wnętrza.
Ergonomic Cover 339,Doskonały jako prezent dla bliskiej osoby.
Colorful Screen 3106,"Lekki, a jednocześnie wyjątkowo solidny. wykonany z wysokiej jakości materiałów zapewniających trwałość."
Premium Necklace 3922,Dzięki kompaktowym wymiarom łatwy do przenoszenia. idealny do codziennego użytku w domu i biurze.
Adjustable Glove 8038,"Lekki, a jednocześnie wyjątkowo solidny. doskonały jako prezent dla bliskiej osoby."
Durable Phone 611,Łatwy w utrzymaniu czystości i bardzo praktyczny.
Robust Camera 3189,"Prosty, ale niezwykle funkcjonalny. łatwy w utrzymaniu czystości i bardzo praktyczny."
Transparent Pen 6305,Idealny do codziennego użytku w domu i biurze.
Efficient Blanket 3389,"Prosty, ale niezwykle funkcjonalny. łatwy w utrzymaniu czystości i bardzo praktyczny."
Reliable Basket 9505,"Lekki, a jednocześnie wyjątkowo solidny."
Balanced Fan 2764,"Prosty, ale niezwykle funkcjonalny. łatwy w utrzymaniu czystości i bardzo praktyczny."
Waterproof Camera 1641,"Świetnie sprawdza się w podróży i codziennym użytkowaniu. lekki, a jednocześnie wyjątkowo solidny."
Balanced Chair 6648,"Prosty, ale niezwykle funkcjonalny."
Classic Mat 5894,Zaprojektowany z myślą o komforcie użytkownika.
High-Quality Holder 4724,Zaprojektowany z myślą o komforcie użytkownika. dzięki kompaktowym wymiarom łatwy do przenoszenia.
Sustainable Charger 7138,"Prosty, ale niezwykle funkcjonalny. lekki, a jednocześnie wyjątkowo solidny."
Soft Belt 1115,"Lekki, a jednocześnie wyjątkowo solidny."
Strong Umbrella 7909,"Prosty, ale niezwykle funkcjonalny."
High-Quality Headphones 407,Wykonany z wysokiej jakości materiałów zapewniających trwałość.
Dynamic Mat 608,Wykonany z wysokiej jakości materiałów zapewniających trwałość.
Eco-Conscious Holder 6658,"Prosty, ale niezwykle funkcjonalny. łatwy w utrzymaniu czystości i bardzo praktyczny."
Foldable Belt 351,Idealny do codziennego użytku w domu i biurze.
Affordable Cup 5969,"Prosty, ale niezwykle funkcjonalny."
Premium-Grade Phone 7056,"Lekki, a jednocześnie wyjątkowo solidny."
Eco-Friendly Cushion 7765,Świetnie sprawdza się w podróży i codziennym użytkowaniu.
Minimalist Keyboard 1041,Łatwy w utrzymaniu czystości i bardzo praktyczny.
Transparent Shoe 8052,Świetnie sprawdza się w podróży i codziennym użytkowaniu.
Reliable Holder 2551,Wykonany z wysokiej jakości materiałów zapewniających trwałość. świetnie sprawdza się w podróży i codziennym użytkowaniu.
Minimalist Fan 8284,Doskonały jako prezent dla bliskiej osoby. łatwy w utrzymaniu czystości i bardzo praktyczny.
Dynamic Shoe 1398,Idealny do codziennego użytku w domu i biurze. idealny do codziennego użytku w domu i biurze.
Minimalist Blanket 2556,Wykonany z wysokiej jakości materiałów zapewniających trwałość.
Eco-Safe Wallet 39,Dzięki kompaktowym wymiarom łatwy do przenoszenia. zaprojektowany z myślą o komforcie użytkownika.
Waterproof Mouse 3042,Doskonały jako prezent dla bliskiej osoby. łatwy w utrzymaniu czystości i bardzo praktyczny.
Luxury Fan 1902,Wykonany z wysokiej jakości materiałów zapewniających trwałość. wykonany z wysokiej jakości materiałów zapewniających trwałość.
Adjustable Ring 3994,"Prosty, ale niezwykle funkcjonalny. łatwy w utrzymaniu czystości i bardzo praktyczny."
Strong Blanket 2007,"Lekki, a jednocześnie wyjątkowo solidny."
Compact Shelf 5278,Doskonały jako prezent dla bliskiej osoby. dzięki kompaktowym wymiarom łatwy do przenoszenia.
Durable Cushion 6689,Doskonały jako prezent dla bliskiej osoby. nowoczesny design pasujący do każdego wnętrza.
Colorful Cover 143,Zaprojektowany z myślą o komforcie użytkownika. świetnie sprawdza się w podróży i codziennym użytkowaniu.
Precision Plate 7511,"Prosty, ale niezwykle funkcjonalny. świetnie sprawdza się w podróży i codziennym użytkowaniu."
High-Quality Speaker 4168,Doskonały jako prezent dla bliskiej osoby. idealny do codziennego użytku w domu i biurze.
Flexible Mug 3894,"Lekki, a jednocześnie wyjątkowo solidny. wykonany z wysokiej jakości materiałów zapewniających trwałość."
Eco-Safe Stand 6111,"Prosty, ale niezwykle funkcjonalny."
Minimalist Tripod 3439,Zaprojektowany z myślą o komforcie użytkownika.
Noise-Cancelling Mirror 4183,Doskonały jako prezent dla bliskiej osoby. nowoczesny design pasujący do każdego wnętrza.
Stylish Lamp 958,Zaprojektowany z myślą o komforcie użytkownika.
Modern Keyboard 9308,Zaprojektowany z myślą o komforcie użytkownika. świetnie sprawdza się w podróży i codziennym użytkowaniu.
Noise-Cancelling Shelf 5160,Doskonały jako prezent dla bliskiej osoby. doskonały jako prezent dla bliskiej osoby.
Waterproof Blanket 5522,Dzięki kompaktowym wymiarom łatwy do przenoszenia.
Adjustable Notebook 1042,"Lekki, a jednocześnie wyjątkowo solidny."
Transparent Mirror 8371,Nowoczesny design pasujący do każdego wnętrza. idealny do codziennego użytku w domu i biurze.
Wireless Toy 3868,Łatwy w utrzymaniu czystości i bardzo praktyczny. wykonany z wysokiej jakości materiałów zapewniających trwałość.
Foldable Box 5985,"Lekki, a jednocześnie wyjątkowo solidny."
Customizable Watch 9293,"Prosty, ale niezwykle funkcjonalny."
Premium Phone 5019,"Prosty, ale niezwykle funkcjonalny. wykonany z wysokiej jakości materiałów zapewniających trwałość."
Ultra-Light Bottle 5497,Wykonany z wysokiej jakości materiałów zapewniających trwałość. idealny do codziennego użytku w domu i biurze.
Multi-Functional Printer 4215,Wykonany z wysokiej jakości materiałów zapewniających trwałość.
Ultra-Light Cover 8301,Zaprojektowany z myślą o komforcie użytkownika. wykonany z wysokiej jakości materiałów zapewniających trwałość.
Eco-Conscious Bottle 9393,Łatwy w utrzymaniu czystości i bardzo praktyczny. zaprojektowany z myślą o komforcie użytkownika.
Powerful Clock 61,Łatwy w utrzymaniu czystości i bardzo praktyczny. świetnie sprawdza się w podróży i codziennym użytkowaniu.
Eco-Friendly Bicycle 8547,Łatwy w utrzymaniu czystości i bardzo praktyczny.
Foldable Wallet 9986,"Lekki, a jednocześnie wyjątkowo solidny. dzięki kompaktowym wymiarom łatwy do przenoszenia."
Practical Glasses 3450,"Prosty, ale niezwykle funkcjonalny. łatwy w utrzymaniu czystości i bardzo praktyczny."
Practical Razor 3345,Idealny do codziennego użytku w domu i biurze.
Eco-Friendly Phone 7974,Łatwy w utrzymaniu czystości i bardzo praktyczny.
Premium Scarf 5445,Łatwy w utrzymaniu czystości i bardzo praktyczny.
Affordable Necklace 7535,"Prosty, ale niezwykle funkcjonalny."
Strong Blanket 1218,Nowoczesny design pasujący do każdego wnętrza.
Premium-Grade Tripod 6317,Świetnie sprawdza się w podróży i codziennym użytkowaniu.
Modern Mirror 7673,"Lekki, a jednocześnie wyjątkowo solidny."
Eco-Conscious Cable 296,Dzięki kompaktowym wymiarom łatwy do przenoszenia. idealny do codziennego użytku w domu i biurze.
Robust Camera 4676,Łatwy w utrzymaniu czystości i bardzo praktyczny. nowoczesny design pasujący do każdego wnętrza.
Portable Headphones 9808,Zaprojektowany z myślą o komforcie użytkownika.
Eco-Friendly Toy 2436,"Prosty, ale niezwykle funkcjonalny. świetnie sprawdza się w podróży i codziennym użytkowaniu."
Wireless Tablet 9043,Świetnie sprawdza się w podróży i codziennym użytkowaniu. nowoczesny design pasujący do każdego wnętrza.
Classic Container 5797,Łatwy w utrzymaniu czystości i bardzo praktyczny.
Strong Ring 4043,Świetnie sprawdza się w podróży i codziennym użytkowaniu.
Premium-Grade Clock 3101,Zaprojektowany z myślą o komforcie użytkownika.
Foldable Flashlight 5385,Idealny do codziennego użytku w domu i biurze.
Precision Glove 362,Zaprojektowany z myślą o komforcie użytkownika. wykonany z wysokiej jakości materiałów zapewniających trwałość.
Foldable Cup 9702,Idealny do codziennego użytku w domu i biurze.
Sustainable Watch 9709,Wykonany z wysokiej jakości materiałów zapewniających trwałość. łatwy w utrzymaniu czystości i bardzo praktyczny.
Lightweight Belt 5166,Zaprojektowany z myślą o komforcie użytkownika.
Multi-Functional Pillow 1714,Świetnie sprawdza się w podróży i codziennym użytkowaniu.
Stylish Ring 2145,Doskonały jako prezent dla bliskiej osoby.
Colorful Belt 9178,Łatwy w utrzymaniu czystości i bardzo praktyczny.
Luxury Lamp 8187,"Doskonały jako prezent dla bliskiej osoby. lekki, a jednocześnie wyjątkowo solidny."
Adjustable Cable 391,"Lekki, a jednocześnie wyjątkowo solidny."
Classic Pen 562,Dzięki kompaktowym wymiarom łatwy do przenoszenia. wykonany z wysokiej jakości materiałów zapewniających trwałość.
Precision Blanket 548,"Lekki, a jednocześnie wyjątkowo solidny. nowoczesny design pasujący do każdego wnętrza."
Soft Belt 3611,Dzięki kompaktowym wymiarom łatwy do przenoszenia. łatwy w utrzymaniu czystości i bardzo praktyczny.
Energy-Saving Plate 5292,"Lekki, a jednocześnie wyjątkowo solidny."
Classic Screen 1483,Dzięki kompaktowym wymiarom łatwy do przenoszenia. łatwy w utrzymaniu czystości i bardzo praktyczny.
Dynamic Monitor 6053,Wykonany z wysokiej jakości materiałów zapewniających trwałość.
Lightweight Table 5872,Zaprojektowany z myślą o komforcie użytkownika. świetnie sprawdza się w podróży i codziennym użytkowaniu.
Multi-Functional Bag 654,Nowoczesny design pasujący do każdego wnętrza.
Luxury Razor 1654,Idealny do codziennego użytku w domu i biurze.
Transparent Holder 7932,Dzięki kompaktowym wymiarom łatwy do przenoszenia. doskonały jako prezent dla bliskiej osoby.
Balanced Ring 436,"Lekki, a jednocześnie wyjątkowo solidny. łatwy w utrzymaniu czystości i bardzo praktyczny."
Noise-Cancelling Mouse 9715,Dzięki kompaktowym wymiarom łatwy do przenoszenia.
Balanced Charger 9941,Łatwy w utrzymaniu czystości i bardzo praktyczny.
Customizable Frame 5376,Świetnie sprawdza się w podróży i codziennym użytkowaniu. łatwy w utrzymaniu czystości i bardzo praktyczny.
Adjustable Necklace 7122,Nowoczesny design pasujący do każdego wnętrza.
Lightweight Bench 5627,Zaprojektowany z myślą o komforcie użytkownika. zaprojektowany z myślą o komforcie użytkownika.
Advanced Towel 6831,Doskonały jako prezent dla bliskiej osoby.
Comfortable Tool 2140,Idealny do codziennego użytku w domu i biurze.
Smart-Enabled Bottle 3499,"Nowoczesny design pasujący do każdego wnętrza. prosty, ale niezwykle funkcjonalny."
Customizable Tablet 2067,"Nowoczesny design pasujący do każdego wnętrza. prosty, ale niezwykle funkcjonalny."
Wireless Camera 8691,Doskonały jako prezent dla bliskiej osoby. idealny do codziennego użytku w domu i biurze.
Eco-Conscious Keyboard 6468,Doskonały jako prezent dla bliskiej osoby.
Compact Necklace 5537,"Lekki, a jednocześnie wyjątkowo solidny."
Waterproof Drone 8014,Wykonany z wysokiej jakości materiałów zapewniających trwałość. nowoczesny design pasujący do każdego wnętrza.
Portable Bag 5681,Idealny do codziennego użytku w domu i biurze.
Energy-Saving Clock 4037,"Lekki, a jednocześnie wyjątkowo solidny."
Powerful Router 9853,Idealny do codziennego użytku w domu i biurze.
Robust Bicycle 4380,"Lekki, a jednocześnie wyjątkowo solidny. świetnie sprawdza się w podróży i codziennym użytkowaniu."
Modern Blanket 9445,Świetnie sprawdza się w podróży i codziennym użytkowaniu.
Multi-Functional Keyboard 4780,Doskonały jako prezent dla bliskiej osoby. idealny do codziennego użytku w domu i biurze.
Transparent Tablet 9168,Doskonały jako prezent dla bliskiej osoby. doskonały jako prezent dla bliskiej osoby.
Magnetic Powerbank 9454,Nowoczesny design pasujący do każdego wnętrza. świetnie sprawdza się w podróży i codziennym użytkowaniu.
High-Quality Blanket 3280,"Doskonały jako prezent dla bliskiej osoby. lekki, a jednocześnie wyjątkowo solidny."
Customizable Pillow 5872,Zaprojektowany z myślą o komforcie użytkownika. wykonany z wysokiej jakości materiałów zapewniających trwałość.
Rechargeable Cable 3689,"Lekki, a jednocześnie wyjątkowo solidny."
Eco-Conscious Camera 8413,"Lekki, a jednocześnie wyjątkowo solidny."
Dynamic Pillow 1981,"Prosty, ale niezwykle funkcjonalny. idealny do codziennego użytku w domu i biurze."
Rechargeable Camera 4931,"Lekki, a jednocześnie wyjątkowo solidny."
Innovative Glasses 7784,Łatwy w utrzymaniu czystości i bardzo praktyczny. zaprojektowany z myślą o komforcie użytkownika.
Wireless Headphones 2534,Zaprojektowany z myślą o komforcie użytkownika. nowoczesny design pasujący do każdego wnętrza.
Innovative Holder 9468,Wykonany z wysokiej jakości materiałów zapewniających trwałość.
Noise-Cancelling Blanket 3939,Dzięki kompaktowym wymiarom łatwy do przenoszenia. wykonany z wysokiej jakości materiałów zapewniających trwałość.
Precision Necklace 2025,Doskonały jako prezent dla bliskiej osoby. dzięki kompaktowym wymiarom łatwy do przenoszenia.
Soft Frame 9530,Łatwy w utrzymaniu czystości i bardzo praktyczny. łatwy w utrzymaniu czystości i bardzo praktyczny.
Eco-Conscious Shoe 1744,"Prosty, ale niezwykle funkcjonalny."
Advanced Screen 120,Świetnie sprawdza się w podróży i codziennym użytkowaniu.
Smart Umbrella 602,Zaprojektowany z myślą o komforcie użytkownika. wykonany z wysokiej jakości materiałów zapewniających trwałość.
Flexible Notebook 7130,"Wykonany z wysokiej jakości materiałów zapewniających trwałość. lekki, a jednocześnie wyjątkowo solidny."
Dynamic Bottle 4238,Wykonany z wysokiej jakości materiałów zapewniających trwałość.
Portable Cup 3141,Świetnie sprawdza się w podróży i codziennym użytkowaniu.
Elegant Mirror 5078,"Łatwy w utrzymaniu czystości i bardzo praktyczny. prosty, ale niezwykle funkcjonalny."
Advanced Jacket 5521,Wykonany z wysokiej jakości materiałów zapewniających trwałość. nowoczesny design pasujący do każdego wnętrza.
Precision Cushion 7971,"Prosty, ale niezwykle funkcjonalny. łatwy w utrzymaniu czystości i bardzo praktyczny."
Stylish Cable 1189,Wykonany z wysokiej jakości materiałów zapewniających trwałość.
Premium-Grade Notebook 8181,Wykonany z wysokiej jakości materiałów zapewniających trwałość.
Rechargeable Lamp 9161,"Lekki, a jednocześnie wyjątkowo solidny. nowoczesny design pasujący do każdego wnętrza."
Adjustable Basket 2201,Łatwy w utrzymaniu czystości i bardzo praktyczny.
Dynamic Backpack 6951,"Prosty, ale niezwykle funkcjonalny. świetnie sprawdza się w podróży i codziennym użytkowaniu."
Compact Toy 4144,"Lekki, a jednocześnie wyjątkowo solidny."
Innovative Mouse 6352,Nowoczesny design pasujący do każdego wnętrza.
Refined Camera 3625,"Lekki, a jednocześnie wyjątkowo solidny. prosty, ale niezwykle funkcjonalny."
Comfortable Box 6240,Nowoczesny design pasujący do każdego wnętrza.
Customizable Shoe 5352,Zaprojektowany z myślą o komforcie użytkownika.
Refined Printer 6819,Dzięki kompaktowym wymiarom łatwy do przenoszenia.
Advanced Plate 9469,"Prosty, ale niezwykle funkcjonalny."
Noise-Cancelling Backpack 3070,"Lekki, a jednocześnie wyjątkowo solidny."
Soft Shelf 1347,Zaprojektowany z myślą o komforcie użytkownika. świetnie sprawdza się w podróży i codziennym użytkowaniu.
Balanced Charger 7170,Świetnie sprawdza się w podróży i codziennym użytkowaniu.
Rechargeable Bench 4739,Łatwy w utrzymaniu czystości i bardzo praktyczny.
Modern Frame 6150,Doskonały jako prezent dla bliskiej osoby.
Colorful Plate 5147,Idealny do codziennego użytku w domu i biurze. łatwy w utrzymaniu czystości i bardzo praktyczny.
Portable Keyboard 8255,"Prosty, ale niezwykle funkcjonalny."
Versatile Screen 9226,"Prosty, ale niezwykle funkcjonalny."
Soft Tablet 5478,Świetnie sprawdza się w podróży i codziennym użytkowaniu. idealny do codziennego użytku w domu i biurze.
Ergonomic Brush 7663,Doskonały jako prezent dla bliskiej osoby. wykonany z wysokiej jakości materiałów zapewniających trwałość.
Premium-Grade Keyboard 5698,Idealny do codziennego użytku w domu i biurze. wykonany z wysokiej jakości materiałów zapewniających trwałość.
Innovative Flashlight 4405,Łatwy w utrzymaniu czystości i bardzo praktyczny.
Classic Cover 1500,Idealny do codziennego użytku w domu i biurze. idealny do codziennego użytku w domu i biurze.
Refined Holder 8110,"Lekki, a jednocześnie wyjątkowo solidny. dzięki kompaktowym wymiarom łatwy do przenoszenia."
Compact Fan 8889,Dzięki kompaktowym wymiarom łatwy do przenoszenia.
Colorful Tripod 9644,Wykonany z wysokiej jakości materiałów zapewniających trwałość.
Ultra-Light Chair 4708,Idealny do codziennego użytku w domu i biurze.
Robust Bottle 5796,"Lekki, a jednocześnie wyjątkowo solidny. nowoczesny design pasujący do każdego wnętrza."
Magnetic Headphones 5101,Idealny do codziennego użytku w domu i biurze.
Eco-Conscious Basket 1477,Świetnie sprawdza się w podróży i codziennym użytkowaniu. łatwy w utrzymaniu czystości i bardzo praktyczny.
Ergonomic Belt 3832,Dzięki kompaktowym wymiarom łatwy do przenoszenia. zaprojektowany z myślą o komforcie użytkownika.
Smart Flashlight 7543,"Lekki, a jednocześnie wyjątkowo solidny."
Rechargeable Pen 6373,"Dzięki kompaktowym wymiarom łatwy do przenoszenia. prosty, ale niezwykle funkcjonalny."
Affordable Stand 7471,"Lekki, a jednocześnie wyjątkowo solidny."
Powerful Cable 6521,Wykonany z wysokiej jakości materiałów zapewniających trwałość. świetnie sprawdza się w podróży i codziennym użytkowaniu.
Foldable Tool 5257,Łatwy w utrzymaniu czystości i bardzo praktyczny.
Ergonomic Camera 2359,Idealny do codziennego użytku w domu i biurze.
Affordable Cup 6316,Nowoczesny design pasujący do każdego wnętrza. świetnie sprawdza się w podróży i codziennym użytkowaniu.
Smart Ring 7983,"Lekki, a jednocześnie wyjątkowo solidny. lekki, a jednocześnie wyjątkowo solidny."
Waterproof Mirror 7126,Świetnie sprawdza się w podróży i codziennym użytkowaniu.
Versatile Brush 7694,Zaprojektowany z myślą o komforcie użytkownika. nowoczesny design pasujący do każdego wnętrza.
Classic Shoe 7623,Idealny do codziennego użytku w domu i biurze.
Efficient Frame 1090,Świetnie sprawdza się w podróży i codziennym użytkowaniu.
Colorful Router 7191,Łatwy w utrzymaniu czystości i bardzo praktyczny. doskonały jako prezent dla bliskiej osoby.
Advanced Stand 5924,Idealny do codziennego użytku w domu i biurze.
Luxury Holder 1225,Doskonały jako prezent dla bliskiej osoby. wykonany z wysokiej jakości materiałów zapewniających trwałość.
Foldable Tool 8932,Wykonany z wysokiej jakości materiałów zapewniających trwałość. idealny do codziennego użytku w domu i biurze.
Eco-Conscious Brush 8928,"Prosty, ale niezwykle funkcjonalny. wykonany z wysokiej jakości materiałów zapewniających trwałość."
Advanced Towel 9008,"Idealny do codziennego użytku w domu i biurze. prosty, ale niezwykle funkcjonalny."
Dynamic Frame 4443,Wykonany z wysokiej jakości materiałów zapewniających trwałość.
Efficient Belt 3754,Doskonały jako prezent dla bliskiej osoby.
Wireless Shelf 5452,"Zaprojektowany z myślą o komforcie użytkownika. prosty, ale niezwykle funkcjonalny."
Foldable Phone 2158,"Lekki, a jednocześnie wyjątkowo solidny."
Ergonomic Powerbank 3639,Zaprojektowany z myślą o komforcie użytkownika. zaprojektowany z myślą o komforcie użytkownika.
Precision Printer 9201,Łatwy w utrzymaniu czystości i bardzo praktyczny. nowoczesny design pasujący do każdego wnętrza.
Energy-Saving Screen 8250,"Prosty, ale niezwykle funkcjonalny."
Modern Printer 1831,"Lekki, a jednocześnie wyjątkowo solidny."
Strong Drone 77,Doskonały jako prezent dla bliskiej osoby. świetnie sprawdza się w podróży i codziennym użytkowaniu.
Modern Container 3268,"Nowoczesny design pasujący do każdego wnętrza. lekki, a jednocześnie wyjątkowo solidny."
Practical Lamp 8093,Wykonany z wysokiej jakości materiałów zapewniających trwałość. zaprojektowany z myślą o komforcie użytkownika.
Eco-Friendly Monitor 3750,Nowoczesny design pasujący do każdego wnętrza.
Efficient Toy 3907,Doskonały jako prezent dla bliskiej osoby. doskonały jako prezent dla bliskiej osoby.
Powerful Plate 8853,"Prosty, ale niezwykle funkcjonalny."
Magnetic Table 2920,"Lekki, a jednocześnie wyjątkowo solidny. zaprojektowany z myślą o komforcie użytkownika."
Flexible Lamp 2544,Doskonały jako prezent dla bliskiej osoby. doskonały jako prezent dla bliskiej osoby.
Innovative Pillow 874,Zaprojektowany z myślą o komforcie użytkownika. zaprojektowany z myślą o komforcie użytkownika.
Practical Jacket 6451,Wykonany z wysokiej jakości materiałów zapewniających trwałość. nowoczesny design pasujący do każdego wnętrza.
Comfortable Mat 746,Wykonany z wysokiej jakości materiałów zapewniających trwałość.
Transparent Headphones 1676,"Prosty, ale niezwykle funkcjonalny. idealny do codziennego użytku w domu i biurze."
Robust Speaker 4851,Doskonały jako prezent dla bliskiej osoby.
Strong Pillow 6670,Wykonany z wysokiej jakości materiałów zapewniających trwałość. dzięki kompaktowym wymiarom łatwy do przenoszenia.
Luxury Flashlight 9904,Dzięki kompaktowym wymiarom łatwy do przenoszenia. świetnie sprawdza się w podróży i codziennym użytkowaniu.
Dynamic Drone 5370,Łatwy w utrzymaniu czystości i bardzo praktyczny.
Smart-Enabled Container 222,"Prosty, ale niezwykle funkcjonalny. świetnie sprawdza się w podróży i codziennym użytkowaniu."
Smart-Enabled Notebook 2330,"Prosty, ale niezwykle funkcjonalny."
Rechargeable Flashlight 5134,Łatwy w utrzymaniu czystości i bardzo praktyczny. łatwy w utrzymaniu czystości i bardzo praktyczny.
Premium Mug 9606,"Prosty, ale niezwykle funkcjonalny. prosty, ale niezwykle funkcjonalny."
Wireless Notebook 5684,Łatwy w utrzymaniu czystości i bardzo praktyczny.
Practical Bench 8333,Dzięki kompaktowym wymiarom łatwy do przenoszenia. idealny do codziennego użytku w domu i biurze.
Noise-Cancelling Bicycle 9596,Doskonały jako prezent dla bliskiej osoby.
Eco-Safe Basket 9793,"Lekki, a jednocześnie wyjątkowo solidny."
Robust Tripod 5430,Nowoczesny design pasujący do każdego wnętrza.
Premium Mirror 2741,Dzięki kompaktowym wymiarom łatwy do przenoszenia.
Flexible Glove 2640,Nowoczesny design pasujący do każdego wnętrza. nowoczesny design pasujący do każdego wnętrza.
Precision Wallet 5892,Nowoczesny design pasujący do każdego wnętrza.
Wireless Phone 1851,Świetnie sprawdza się w podróży i codziennym użytkowaniu. łatwy w utrzymaniu czystości i bardzo praktyczny.
Sustainable Necklace 8922,Świetnie sprawdza się w podróży i codziennym użytkowaniu. doskonały jako prezent dla bliskiej osoby.
Noise-Cancelling Printer 5830,"Lekki, a jednocześnie wyjątkowo solidny. dzięki kompaktowym wymiarom łatwy do przenoszenia."
Customizable Keyboard 6885,Świetnie sprawdza się w podróży i codziennym użytkowaniu. zaprojektowany z myślą o komforcie użytkownika.
Adjustable Headphones 8460,"Prosty, ale niezwykle funkcjonalny. nowoczesny design pasujący do każdego wnętrza."
Flexible Container 8961,Łatwy w utrzymaniu czystości i bardzo praktyczny. zaprojektowany z myślą o komforcie użytkownika.
Ultra-Light Phone 7807,Świetnie sprawdza się w podróży i codziennym użytkowaniu. idealny do codziennego użytku w domu i biurze.
Smart-Enabled Brush 6192,"Prosty, ale niezwykle funkcjonalny."
Rechargeable Router 1475,"Nowoczesny design pasujący do każdego wnętrza. lekki, a jednocześnie wyjątkowo solidny."
Adjustable Powerbank 2423,"Prosty, ale niezwykle funkcjonalny. wykonany z wysokiej jakości materiałów zapewniających trwałość."
Magnetic Scarf 9517,Zaprojektowany z myślą o komforcie użytkownika.
Versatile Wallet 1244,Łatwy w utrzymaniu czystości i bardzo praktyczny. dzięki kompaktowym wymiarom łatwy do przenoszenia.
Versatile Table 399,"Idealny do codziennego użytku w domu i biurze. prosty, ale niezwykle funkcjonalny."
Noise-Cancelling Flashlight 1606,Doskonały jako prezent dla bliskiej osoby.
Noise-Cancelling Blanket 3582,Dzięki kompaktowym wymiarom łatwy do przenoszenia.
Reliable Table 5467,Doskonały jako prezent dla bliskiej osoby. nowoczesny design pasujący do każdego wnętrza.
Transparent Speaker 1519,Zaprojektowany z myślą o komforcie użytkownika.
Elegant Blanket 4948,"Prosty, ale niezwykle funkcjonalny."
Innovative Shelf 8737,Zaprojektowany z myślą o komforcie użytkownika. idealny do codziennego użytku w domu i biurze.
Precision Clock 351,Dzięki kompaktowym wymiarom łatwy do przenoszenia.
Strong Cup 6548,Dzięki kompaktowym wymiarom łatwy do przenoszenia.
Reliable Printer 2767,"Lekki, a jednocześnie wyjątkowo solidny. świetnie sprawdza się w podróży i codziennym użytkowaniu."
Versatile Camera 5677,Dzięki kompaktowym wymiarom łatwy do przenoszenia.
Minimalist Case 8892,Zaprojektowany z myślą o komforcie użytkownika.
Flexible Plate 900,Zaprojektowany z myślą o komforcie użytkownika.
Powerful Mouse 7109,Wykonany z wysokiej jakości materiałów zapewniających trwałość.
Ultra-Light Phone 5588,"Prosty, ale niezwykle funkcjonalny."
Stylish Case 4203,Idealny do codziennego użytku w domu i biurze.
Noise-Cancelling Headphones 1610,Idealny do codziennego użytku w domu i biurze.
Comfortable Camera 2431,"Lekki, a jednocześnie wyjątkowo solidny. zaprojektowany z myślą o komforcie użytkownika."
Elegant Shelf 6955,Łatwy w utrzymaniu czystości i bardzo praktyczny. nowoczesny design pasujący do każdego wnętrza.
Sustainable Monitor 8983,Zaprojektowany z myślą o komforcie użytkownika. łatwy w utrzymaniu czystości i bardzo praktyczny.
Colorful Bag 4661,Idealny do codziennego użytku w domu i biurze. łatwy w utrzymaniu czystości i bardzo praktyczny.
Adjustable Basket 5695,"Lekki, a jednocześnie wyjątkowo solidny."
Practical Necklace 6372,Łatwy w utrzymaniu czystości i bardzo praktyczny. zaprojektowany z myślą o komforcie użytkownika.
Waterproof Lamp 3988,"Lekki, a jednocześnie wyjątkowo solidny."
Modern Blanket 1195,"Lekki, a jednocześnie wyjątkowo solidny."
Luxury Powerbank 8131,Idealny do codziennego użytku w domu i biurze. zaprojektowany z myślą o komforcie użytkownika.
Classic Keyboard 7447,Świetnie sprawdza się w podróży i codziennym użytkowaniu.
Rechargeable Stand 8083,Idealny do codziennego użytku w domu i biurze.
Efficient Umbrella 1335,Nowoczesny design pasujący do każdego wnętrza.
Soft Container 1758,Doskonały jako prezent dla bliskiej osoby. doskonały jako prezent dla bliskiej osoby.
Classic Powerbank 7086,Nowoczesny design pasujący do każdego wnętrza. zaprojektowany z myślą o komforcie użytkownika.
Customizable Bicycle 8445,Dzięki kompaktowym wymiarom łatwy do przenoszenia.
Noise-Cancelling Jacket 5099,Świetnie sprawdza się w podróży i codziennym użytkowaniu.
Luxury Plate 9312,Nowoczesny design pasujący do każdego wnętrza. nowoczesny design pasujący do każdego wnętrza.
Modern Screen 1775,Łatwy w utrzymaniu czystości i bardzo praktyczny. idealny do codziennego użytku w domu i biurze.
Premium-Grade Drone 6838,Zaprojektowany z myślą o komforcie użytkownika.
Refined Monitor 5396,Łatwy w utrzymaniu czystości i bardzo praktyczny.
Balanced Stand 2737,"Prosty, ale niezwykle funkcjonalny."
Classic Jacket 556,Doskonały jako prezent dla bliskiej osoby.
Efficient Flashlight 896,Nowoczesny design pasujący do każdego wnętrza. zaprojektowany z myślą o komforcie użytkownika.
Precision Plate 717,Doskonały jako prezent dla bliskiej osoby.
Smart-Enabled Monitor 4837,Łatwy w utrzymaniu czystości i bardzo praktyczny.
Strong Screen 9335,"Idealny do codziennego użytku w domu i biurze. lekki, a jednocześnie wyjątkowo solidny."
Refined Blanket 6081,Idealny do codziennego użytku w domu i biurze.
Eco-Conscious Notebook 7630,Nowoczesny design pasujący do każdego wnętrza.
Minimalist Backpack 1049,Łatwy w utrzymaniu czystości i bardzo praktyczny. nowoczesny design pasujący do każdego wnętrza.
Smart Necklace 1114,"Doskonały jako prezent dla bliskiej osoby. prosty, ale niezwykle funkcjonalny."
Luxury Blanket 3829,"Prosty, ale niezwykle funkcjonalny."
Transparent Tripod 4067,Wykonany z wysokiej jakości materiałów zapewniających trwałość. nowoczesny design pasujący do każdego wnętrza.
Waterproof Ring 1851,Idealny do codziennego użytku w domu i biurze.
Advanced Pillow 5043,Doskonały jako prezent dla bliskiej osoby.
Lightweight Belt 2581,Idealny do codziennego użytku w domu i biurze. doskonały jako prezent dla bliskiej osoby.
Affordable Notebook 9859,Dzięki kompaktowym wymiarom łatwy do przenoszenia.
Noise-Cancelling Headphones 6883,"Lekki, a jednocześnie wyjątkowo solidny."
Ergonomic Watch 9461,"Dzięki kompaktowym wymiarom łatwy do przenoszenia. prosty, ale niezwykle funkcjonalny."
Waterproof Toy 7387,Doskonały jako prezent dla bliskiej osoby.
Efficient Flashlight 788,Zaprojektowany z myślą o komforcie użytkownika.
Premium-Grade Cover 7596,"Zaprojektowany z myślą o komforcie użytkownika. lekki, a jednocześnie wyjątkowo solidny."
Practical Mug 3900,Nowoczesny design pasujący do każdego wnętrza. wykonany z wysokiej jakości materiałów zapewniających trwałość.
Practical Backpack 1400,Zaprojektowany z myślą o komforcie użytkownika. świetnie sprawdza się w podróży i codziennym użytkowaniu.
Robust Speaker 8141,Dzięki kompaktowym wymiarom łatwy do przenoszenia. zaprojektowany z myślą o komforcie użytkownika.
Comfortable Case 1048,"Lekki, a jednocześnie wyjątkowo solidny."
Classic Tool 6784,Dzięki kompaktowym wymiarom łatwy do przenoszenia. łatwy w utrzymaniu czystości i bardzo praktyczny.
Powerful Blanket 1237,"Prosty, ale niezwykle funkcjonalny."
Stylish Wallet 6407,"Świetnie sprawdza się w podróży i codziennym użytkowaniu. lekki, a jednocześnie wyjątkowo solidny."
Efficient Glove 2213,"Lekki, a jednocześnie wyjątkowo solidny."
Ultra-Light Ring 8894,Zaprojektowany z myślą o komforcie użytkownika.
Affordable Cushion 7561,Nowoczesny design pasujący do każdego wnętrza. świetnie sprawdza się w podróży i codziennym użytkowaniu.
Refined Mat 4001,Doskonały jako prezent dla bliskiej osoby. wykonany z wysokiej jakości materiałów zapewniających trwałość.
Multi-Functional Mouse 4638,Idealny do codziennego użytku w domu i biurze.
Refined Flashlight 3822,Nowoczesny design pasujący do każdego wnętrza.
Stylish Notebook 6323,Zaprojektowany z myślą o komforcie użytkownika. wykonany z wysokiej jakości materiałów zapewniających trwałość.
Durable Shoe 6407,Wykonany z wysokiej jakości materiałów zapewniających trwałość. wykonany z wysokiej jakości materiałów zapewniających trwałość.
Versatile Screen 1416,Dzięki kompaktowym wymiarom łatwy do przenoszenia. nowoczesny design pasujący do każdego wnętrza.
Stylish Camera 1986,Doskonały jako prezent dla bliskiej osoby. idealny do codziennego użytku w domu i biurze.
Smart-Enabled Chair 6818,"Zaprojektowany z myślą o komforcie użytkownika. prosty, ale niezwykle funkcjonalny."
Powerful Tripod 8962,Doskonały jako prezent dla bliskiej osoby. nowoczesny design pasujący do każdego wnętrza.
Ergonomic Frame 5117,"Prosty, ale niezwykle funkcjonalny."
High-Quality Bag 7368,Świetnie sprawdza się w podróży i codziennym użytkowaniu.
Eco-Safe Towel 1391,"Lekki, a jednocześnie wyjątkowo solidny. idealny do codziennego użytku w domu i biurze."
Soft Case 2489,Dzięki kompaktowym wymiarom łatwy do przenoszenia.
Soft Box 9670,Zaprojektowany z myślą o komforcie użytkownika.
Advanced Clock 1122,"Lekki, a jednocześnie wyjątkowo solidny. nowoczesny design pasujący do każdego wnętrza."
Dynamic Drill 1629,"Prosty, ale niezwykle funkcjonalny."
Minimalist Wallet 1926,"Lekki, a jednocześnie wyjątkowo solidny. łatwy w utrzymaniu czystości i bardzo praktyczny."
Smart Speaker 1591,Zaprojektowany z myślą o komforcie użytkownika.
Powerful Shelf 6412,Wykonany z wysokiej jakości materiałów zapewniających trwałość.
Powerful Brush 9575,Nowoczesny design pasujący do każdego wnętrza. zaprojektowany z myślą o komforcie użytkownika.
Transparent Mirror 7674,"Prosty, ale niezwykle funkcjonalny."
Adjustable Speaker 594,Zaprojektowany z myślą o komforcie użytkownika.
High-Quality Jacket 2389,Idealny do codziennego użytku w domu i biurze. świetnie sprawdza się w podróży i codziennym użytkowaniu.
Transparent Toy 9473,Nowoczesny design pasujący do każdego wnętrza. łatwy w utrzymaniu czystości i bardzo praktyczny.
Powerful Blanket 5028,Zaprojektowany z myślą o komforcie użytkownika.
Powerful Plate 5054,"Dzięki kompaktowym wymiarom łatwy do przenoszenia. prosty, ale niezwykle funkcjonalny."
Balanced Tool 9253,Świetnie sprawdza się w podróży i codziennym użytkowaniu. doskonały jako prezent dla bliskiej osoby.
Classic Blanket 9754,Świetnie sprawdza się w podróży i codziennym użytkowaniu.
Multi-Functional Cushion 8397,Zaprojektowany z myślą o komforcie użytkownika.
Colorful Notebook 1732,Wykonany z wysokiej jakości materiałów zapewniających trwałość. łatwy w utrzymaniu czystości i bardzo praktyczny.
Modern Jacket 2879,Doskonały jako prezent dla bliskiej osoby. nowoczesny design pasujący do każdego wnętrza.
Foldable Cable 7423,"Doskonały jako prezent dla bliskiej osoby. prosty, ale niezwykle funkcjonalny."
Efficient Bench 7640,Doskonały jako prezent dla bliskiej osoby.
Strong Case 5461,Świetnie sprawdza się w podróży i codziennym użytkowaniu. wykonany z wysokiej jakości materiałów zapewniających trwałość.
Smart Toy 117,"Lekki, a jednocześnie wyjątkowo solidny."
Multi-Functional Mirror 6146,Doskonały jako prezent dla bliskiej osoby. wykonany z wysokiej jakości materiałów zapewniających trwałość.
Sustainable Flashlight 7337,Idealny do codziennego użytku w domu i biurze.
Stylish Basket 1416,Dzięki kompaktowym wymiarom łatwy do przenoszenia. nowoczesny design pasujący do każdego wnętrza.
Flexible Wallet 8284,Doskonały jako prezent dla bliskiej osoby.
Waterproof Speaker 3392,"Prosty, ale niezwykle funkcjonalny."
Reliable Tool 8753,Doskonały jako prezent dla bliskiej osoby. łatwy w utrzymaniu czystości i bardzo praktyczny.
Eco-Safe Mirror 5138,Zaprojektowany z myślą o komforcie użytkownika. wykonany z wysokiej jakości materiałów zapewniających trwałość.
Practical Lamp 1816,"Świetnie sprawdza się w podróży i codziennym użytkowaniu. lekki, a jednocześnie wyjątkowo solidny."
Durable Cup 5509,Łatwy w utrzymaniu czystości i bardzo praktyczny.
Soft Cover 7289,Zaprojektowany z myślą o komforcie użytkownika.
Eco-Safe Jacket 2467,Idealny do codziennego użytku w domu i biurze.
Stylish Pillow 1977,Nowoczesny design pasujący do każdego wnętrza. zaprojektowany z myślą o komforcie użytkownika.
Premium Glove 2519,Idealny do codziennego użytku w domu i biurze. doskonały jako prezent dla bliskiej osoby.
Flexible Drone 5077,Idealny do codziennego użytku w domu i biurze.
Balanced Keyboard 3347,Zaprojektowany z myślą o komforcie użytkownika. doskonały jako prezent dla bliskiej osoby.
Elegant Bag 3901,Wykonany z wysokiej jakości materiałów zapewniających trwałość.
High-Quality Drill 1236,Nowoczesny design pasujący do każdego wnętrza. zaprojektowany z myślą o komforcie użytkownika.
Robust Shelf 187,"Prosty, ale niezwykle funkcjonalny."
Eco-Friendly Speaker 9833,Nowoczesny design pasujący do każdego wnętrza.
Dynamic Backpack 2873,Łatwy w utrzymaniu czystości i bardzo praktyczny. łatwy w utrzymaniu czystości i bardzo praktyczny.
Refined Fan 4498,"Prosty, ale niezwykle funkcjonalny."
Practical Toy 440,Zaprojektowany z myślą o komforcie użytkownika. zaprojektowany z myślą o komforcie użytkownika.
Multi-Functional Mug 4376,"Lekki, a jednocześnie wyjątkowo solidny. łatwy w utrzymaniu czystości i bardzo praktyczny."
Strong Necklace 2559,Doskonały jako prezent dla bliskiej osoby.
Smart Blanket 7317,"Lekki, a jednocześnie wyjątkowo solidny. nowoczesny design pasujący do każdego wnętrza."
High-Quality Watch 7194,Nowoczesny design pasujący do każdego wnętrza.
High-Quality Router 2972,Wykonany z wysokiej jakości materiałów zapewniających trwałość.
Eco-Conscious Glove 7188,Wykonany z wysokiej jakości materiałów zapewniających trwałość.
Durable Pen 9112,Świetnie sprawdza się w podróży i codziennym użytkowaniu. doskonały jako prezent dla bliskiej osoby.
Refined Drill 2033,Łatwy w utrzymaniu czystości i bardzo praktyczny.
Adjustable Bench 6460,Zaprojektowany z myślą o komforcie użytkownika.
Portable Cup 6101,"Prosty, ale niezwykle funkcjonalny. prosty, ale niezwykle funkcjonalny."
Minimalist Plate 2570,"Lekki, a jednocześnie wyjątkowo solidny."
Premium-Grade Tablet 8548,Zaprojektowany z myślą o komforcie użytkownika. nowoczesny design pasujący do każdego wnętrza.
Rechargeable Plate 9375,Idealny do codziennego użytku w domu i biurze. świetnie sprawdza się w podróży i codziennym użytkowaniu.
Wireless Box 255,"Prosty, ale niezwykle funkcjonalny."
Balanced Monitor 8997,Zaprojektowany z myślą o komforcie użytkownika. zaprojektowany z myślą o komforcie użytkownika.
Magnetic Tool 4121,Dzięki kompaktowym wymiarom łatwy do przenoszenia.
Ultra-Light Fan 879,Zaprojektowany z myślą o komforcie użytkownika.
Adjustable Charger 209,"Nowoczesny design pasujący do każdego wnętrza. prosty, ale niezwykle funkcjonalny."
Sustainable Tablet 3146,Dzięki kompaktowym wymiarom łatwy do przenoszenia. nowoczesny design pasujący do każdego wnętrza.
Advanced Camera 9967,"Zaprojektowany z myślą o komforcie użytkownika. prosty, ale niezwykle funkcjonalny."
Modern Bottle 2109,Idealny do codziennego użytku w domu i biurze.
Eco-Safe Tool 947,"Dzięki kompaktowym wymiarom łatwy do przenoszenia. prosty, ale niezwykle funkcjonalny."
Luxury Screen 7068,"Lekki, a jednocześnie wyjątkowo solidny."
Minimalist Keyboard 942,Doskonały jako prezent dla bliskiej osoby.
Robust Belt 3973,Łatwy w utrzymaniu czystości i bardzo praktyczny.
Balanced Screen 8444,"Świetnie sprawdza się w podróży i codziennym użytkowaniu. prosty, ale niezwykle funkcjonalny."
Premium-Grade Stand 6606,Doskonały jako prezent dla bliskiej osoby. nowoczesny design pasujący do każdego wnętrza.
Luxury Lamp 8905,"Prosty, ale niezwykle funkcjonalny. łatwy w utrzymaniu czystości i bardzo praktyczny."
Precision Powerbank 6216,Idealny do codziennego użytku w domu i biurze.
Elegant Screen 2033,Nowoczesny design pasujący do każdego wnętrza.
Reliable Screen 5682,"Prosty, ale niezwykle funkcjonalny."
Robust Drone 7080,Wykonany z wysokiej jakości materiałów zapewniających trwałość. idealny do codziennego użytku w domu i biurze.
Elegant Bottle 1720,Świetnie sprawdza się w podróży i codziennym użytkowaniu.
Premium Case 1101,Zaprojektowany z myślą o komforcie użytkownika.
Ergonomic Basket 4516,Doskonały jako prezent dla bliskiej osoby.
Energy-Saving Mat 687,Nowoczesny design pasujący do każdego wnętrza. nowoczesny design pasujący do każdego wnętrza.
Powerful Charger 7897,Idealny do codziennego użytku w domu i biurze. idealny do codziennego użytku w domu i biurze.
Luxury Bag 2544,Doskonały jako prezent dla bliskiej osoby. dzięki kompaktowym wymiarom łatwy do przenoszenia.
Balanced Shelf 8450,"Prosty, ale niezwykle funkcjonalny."
Magnetic Ring 1161,Zaprojektowany z myślą o komforcie użytkownika. dzięki kompaktowym wymiarom łatwy do przenoszenia.
Eco-Conscious Cover 5056,Nowoczesny design pasujący do każdego wnętrza. zaprojektowany z myślą o komforcie użytkownika.
High-Quality Jacket 6113,Łatwy w utrzymaniu czystości i bardzo praktyczny. zaprojektowany z myślą o komforcie użytkownika.
Elegant Cup 4497,Łatwy w utrzymaniu czystości i bardzo praktyczny. zaprojektowany z myślą o komforcie użytkownika.
Dynamic Bottle 7877,"Łatwy w utrzymaniu czystości i bardzo praktyczny. lekki, a jednocześnie wyjątkowo solidny."
Multi-Functional Cover 234,Dzięki kompaktowym wymiarom łatwy do przenoszenia.
Eco-Safe Charger 2884,Łatwy w utrzymaniu czystości i bardzo praktyczny.
Foldable Mug 149,Dzięki kompaktowym wymiarom łatwy do przenoszenia. idealny do codziennego użytku w domu i biurze.
Foldable Ring 4888,Doskonały jako prezent dla bliskiej osoby.
Strong Box 8801,"Idealny do codziennego użytku w domu i biurze. lekki, a jednocześnie wyjątkowo solidny."
Noise-Cancelling Chair 8705,Nowoczesny design pasujący do każdego wnętrza. świetnie sprawdza się w podróży i codziennym użytkowaniu.
Sustainable Tool 1738,"Świetnie sprawdza się w podróży i codziennym użytkowaniu. lekki, a jednocześnie wyjątkowo solidny."
Refined Table 9643,"Dzięki kompaktowym wymiarom łatwy do przenoszenia. prosty, ale niezwykle funkcjonalny."
Refined Printer 5032,Dzięki kompaktowym wymiarom łatwy do przenoszenia. nowoczesny design pasujący do każdego wnętrza.
Adjustable Keyboard 8768,Nowoczesny design pasujący do każdego wnętrza.
Efficient Phone 4045,Doskonały jako prezent dla bliskiej osoby.
Flexible Scarf 9793,"Lekki, a jednocześnie wyjątkowo solidny. idealny do codziennego użytku w domu i biurze."
Colorful Fan 6585,Idealny do codziennego użytku w domu i biurze. dzięki kompaktowym wymiarom łatwy do przenoszenia.
Versatile Wallet 1463,Doskonały jako prezent dla bliskiej osoby.
Innovative Plate 8735,Łatwy w utrzymaniu czystości i bardzo praktyczny. łatwy w utrzymaniu czystości i bardzo praktyczny.
Premium-Grade Bag 9420,"Idealny do codziennego użytku w domu i biurze. prosty, ale niezwykle funkcjonalny."
Flexible Clock 5141,"Prosty, ale niezwykle funkcjonalny."
Noise-Cancelling Mat 38,Dzięki kompaktowym wymiarom łatwy do przenoszenia.
Practical Bag 7411,Łatwy w utrzymaniu czystości i bardzo praktyczny. wykonany z wysokiej jakości materiałów zapewniających trwałość.
Ultra-Light Camera 3679,"Lekki, a jednocześnie wyjątkowo solidny."
High-Quality Watch 1514,"Lekki, a jednocześnie wyjątkowo solidny."
Multi-Functional Holder 5993,Łatwy w utrzymaniu czystości i bardzo praktyczny. świetnie sprawdza się w podróży i codziennym użytkowaniu.
Customizable Cable 1107,Łatwy w utrzymaniu czystości i bardzo praktyczny. wykonany z wysokiej jakości materiałów zapewniających trwałość.
Energy-Saving Screen 9634,Doskonały jako prezent dla bliskiej osoby.
Robust Clock 1120,Idealny do codziennego użytku w domu i biurze. świetnie sprawdza się w podróży i codziennym użytkowaniu.
Modern Stand 2082,Idealny do codziennego użytku w domu i biurze. świetnie sprawdza się w podróży i codziennym użytkowaniu.
Minimalist Charger 6744,Idealny do codziennego użytku w domu i biurze. dzięki kompaktowym wymiarom łatwy do przenoszenia.
Lightweight Container 5319,Doskonały jako prezent dla bliskiej osoby. idealny do codziennego użytku w domu i biurze.
Wireless Scarf 4497,Wykonany z wysokiej jakości materiałów zapewniających trwałość.
Premium-Grade Razor 8107,Dzięki kompaktowym wymiarom łatwy do przenoszenia.
Wireless Cushion 384,"Prosty, ale niezwykle funkcjonalny."
Portable Speaker 3484,Nowoczesny design pasujący do każdego wnętrza.
Efficient Tool 8961,Wykonany z wysokiej jakości materiałów zapewniających trwałość.
Premium Shoe 6471,Zaprojektowany z myślą o komforcie użytkownika.
Waterproof Container 7157,"Świetnie sprawdza się w podróży i codziennym użytkowaniu. lekki, a jednocześnie wyjątkowo solidny."
Smart-Enabled Bottle 9913,Łatwy w utrzymaniu czystości i bardzo praktyczny. wykonany z wysokiej jakości materiałów zapewniających trwałość.
Rechargeable Table 326,"Prosty, ale niezwykle funkcjonalny."
Minimalist Phone 2475,Świetnie sprawdza się w podróży i codziennym użytkowaniu. świetnie sprawdza się w podróży i codziennym użytkowaniu.
Robust Pillow 7336,Świetnie sprawdza się w podróży i codziennym użytkowaniu. doskonały jako prezent dla bliskiej osoby.
Transparent Bag 4711,Idealny do codziennego użytku w domu i biurze. doskonały jako prezent dla bliskiej osoby.
Eco-Conscious Pillow 7224,"Lekki, a jednocześnie wyjątkowo solidny."
Practical Stand 7590,"Idealny do codziennego użytku w domu i biurze. lekki, a jednocześnie wyjątkowo solidny."
Flexible Drone 6450,Zaprojektowany z myślą o komforcie użytkownika.
Lightweight Router 3351,Dzięki kompaktowym wymiarom łatwy do przenoszenia.
Balanced Mirror 2211,Nowoczesny design pasujący do każdego wnętrza. dzięki kompaktowym wymiarom łatwy do przenoszenia.
Energy-Saving Mat 4340,Idealny do codziennego użytku w domu i biurze.
Customizable Watch 239,"Wykonany z wysokiej jakości materiałów zapewniających trwałość. prosty, ale niezwykle funkcjonalny."
Dynamic Shelf 846,"Świetnie sprawdza się w podróży i codziennym użytkowaniu. lekki, a jednocześnie wyjątkowo solidny."
Luxury Razor 9390,Zaprojektowany z myślą o komforcie użytkownika. idealny do codziennego użytku w domu i biurze.
Refined Towel 5564,Idealny do codziennego użytku w domu i biurze.
Soft Pen 1076,Łatwy w utrzymaniu czystości i bardzo praktyczny.
Comfortable Bag 1813,Łatwy w utrzymaniu czystości i bardzo praktyczny. świetnie sprawdza się w podróży i codziennym użytkowaniu.
Balanced Screen 7942,Nowoczesny design pasujący do każdego wnętrza.
Comfortable Mat 972,Zaprojektowany z myślą o komforcie użytkownika. idealny do codziennego użytku w domu i biurze.
Adjustable Ring 6689,"Lekki, a jednocześnie wyjątkowo solidny. wykonany z wysokiej jakości materiałów zapewniających trwałość."
Versatile Drill 937,Zaprojektowany z myślą o komforcie użytkownika. łatwy w utrzymaniu czystości i bardzo praktyczny.
Flexible Blanket 21,Wykonany z wysokiej jakości materiałów zapewniających trwałość.
Ultra-Light Blanket 7111,Idealny do codziennego użytku w domu i biurze.
Colorful Flashlight 952,Zaprojektowany z myślą o komforcie użytkownika. wykonany z wysokiej jakości materiałów zapewniających trwałość.
Energy-Saving Monitor 3200,Doskonały jako prezent dla bliskiej osoby. doskonały jako prezent dla bliskiej osoby.
High-Quality Glasses 4330,Zaprojektowany z myślą o komforcie użytkownika. wykonany z wysokiej jakości materiałów zapewniających trwałość.
Sustainable Phone 8613,Łatwy w utrzymaniu czystości i bardzo praktyczny.
Stylish Screen 3834,"Wykonany z wysokiej jakości materiałów zapewniających trwałość. prosty, ale niezwykle funkcjonalny."
Wireless Phone 8794,Nowoczesny design pasujący do każdego wnętrza.
Customizable Blanket 8677,"Prosty, ale niezwykle funkcjonalny. świetnie sprawdza się w podróży i codziennym użytkowaniu."
Waterproof Headphones 2560,Łatwy w utrzymaniu czystości i bardzo praktyczny.
Affordable Ring 6754,Dzięki kompaktowym wymiarom łatwy do przenoszenia.
Refined Bottle 5296,"Lekki, a jednocześnie wyjątkowo solidny."
Compact Plate 2758,Łatwy w utrzymaniu czystości i bardzo praktyczny. zaprojektowany z myślą o komforcie użytkownika.
Eco-Conscious Pillow 5839,Idealny do codziennego użytku w domu i biurze. dzięki kompaktowym wymiarom łatwy do przenoszenia.
Sustainable Pillow 8876,Zaprojektowany z myślą o komforcie użytkownika.
Foldable Screen 1795,Idealny do codziennego użytku w domu i biurze.
Soft Jacket 3442,"Lekki, a jednocześnie wyjątkowo solidny. łatwy w utrzymaniu czystości i bardzo praktyczny."
Eco-Friendly Container 3785,Nowoczesny design pasujący do każdego wnętrza.
Noise-Cancelling Glasses 7541,Świetnie sprawdza się w podróży i codziennym użytkowaniu.
Innovative Mug 5985,"Nowoczesny design pasujący do każdego wnętrza. lekki, a jednocześnie wyjątkowo solidny."
Luxury Glasses 923,Idealny do codziennego użytku w domu i biurze.
Innovative Tool 5491,Idealny do codziennego użytku w domu i biurze.
Ergonomic Pillow 9414,"Zaprojektowany z myślą o komforcie użytkownika. lekki, a jednocześnie wyjątkowo solidny."
Advanced Mat 1971,Doskonały jako prezent dla bliskiej osoby. świetnie sprawdza się w podróży i codziennym użytkowaniu.
Customizable Keyboard 9067,Zaprojektowany z myślą o komforcie użytkownika. zaprojektowany z myślą o komforcie użytkownika.
Ergonomic Tablet 7744,Doskonały jako prezent dla bliskiej osoby.
Modern Mirror 2266,Nowoczesny design pasujący do każdego wnętrza. wykonany z wysokiej jakości materiałów zapewniających trwałość.
Eco-Conscious Box 8592,Idealny do codziennego użytku w domu i biurze.
Eco-Safe Pen 1493,"Prosty, ale niezwykle funkcjonalny. lekki, a jednocześnie wyjątkowo solidny."
Rechargeable Headphones 4698,Łatwy w utrzymaniu czystości i bardzo praktyczny.
Stylish Plate 3496,"Lekki, a jednocześnie wyjątkowo solidny. dzięki kompaktowym wymiarom łatwy do przenoszenia."
Modern Printer 8370,Nowoczesny design pasujący do każdego wnętrza.
Transparent Mirror 9999,Wykonany z wysokiej jakości materiałów zapewniających trwałość.
Robust Speaker 650,Łatwy w utrzymaniu czystości i bardzo praktyczny. zaprojektowany z myślą o komforcie użytkownika.
Comfortable Cable 3918,Łatwy w utrzymaniu czystości i bardzo praktyczny. doskonały jako prezent dla bliskiej osoby.
Versatile Flashlight 8780,Świetnie sprawdza się w podróży i codziennym użytkowaniu.
Versatile Bottle 6094,Dzięki kompaktowym wymiarom łatwy do przenoszenia.
Compact Pillow 1455,Łatwy w utrzymaniu czystości i bardzo praktyczny. idealny do codziennego użytku w domu i biurze.
Smart Charger 993,Zaprojektowany z myślą o komforcie użytkownika.
Customizable Cover 7645,Zaprojektowany z myślą o komforcie użytkownika.
Magnetic Headphones 611,Wykonany z wysokiej jakości materiałów zapewniających trwałość. doskonały jako prezent dla bliskiej osoby.
Precision Drill 757,"Prosty, ale niezwykle funkcjonalny."
Elegant Headphones 7821,Dzięki kompaktowym wymiarom łatwy do przenoszenia. idealny do codziennego użytku w domu i biurze.
Wireless Brush 5720,Nowoczesny design pasujący do każdego wnętrza. świetnie sprawdza się w podróży i codziennym użytkowaniu.
Premium-Grade Wallet 6405,Dzięki kompaktowym wymiarom łatwy do przenoszenia. doskonały jako prezent dla bliskiej osoby.
Noise-Cancelling Toy 8473,Dzięki kompaktowym wymiarom łatwy do przenoszenia.
Magnetic Notebook 8976,Łatwy w utrzymaniu czystości i bardzo praktyczny.
Energy-Saving Tablet 4190,Wykonany z wysokiej jakości materiałów zapewniających trwałość.
Ergonomic Drill 6331,Dzięki kompaktowym wymiarom łatwy do przenoszenia. świetnie sprawdza się w podróży i codziennym użytkowaniu.
Affordable Phone 8226,Wykonany z wysokiej jakości materiałów zapewniających trwałość.
Powerful Bottle 4327,Świetnie sprawdza się w podróży i codziennym użytkowaniu. idealny do codziennego użytku w domu i biurze.
Refined Charger 5838,Wykonany z wysokiej jakości materiałów zapewniających trwałość.
Transparent Monitor 9746,Zaprojektowany z myślą o komforcie użytkownika.
Refined Shoe 6368,Doskonały jako prezent dla bliskiej osoby.
Transparent Blanket 48,Idealny do codziennego użytku w domu i biurze. dzięki kompaktowym wymiarom łatwy do przenoszenia.
Soft Jacket 1845,Doskonały jako prezent dla bliskiej osoby.
Innovative Cushion 1490,Doskonały jako prezent dla bliskiej osoby.
Balanced Notebook 9416,"Lekki, a jednocześnie wyjątkowo solidny. wykonany z wysokiej jakości materiałów zapewniających trwałość."
Compact Umbrella 2351,"Lekki, a jednocześnie wyjątkowo solidny."
Eco-Conscious Mat 3720,Nowoczesny design pasujący do każdego wnętrza. dzięki kompaktowym wymiarom łatwy do przenoszenia.
Stylish Pen 3603,Świetnie sprawdza się w podróży i codziennym użytkowaniu.
Minimalist Bottle 254,Zaprojektowany z myślą o komforcie użytkownika.
Ultra-Light Fan 2883,Nowoczesny design pasujący do każdego wnętrza.
Eco-Friendly Plate 2303,Doskonały jako prezent dla bliskiej osoby. idealny do codziennego użytku w domu i biurze.
Dynamic Clock 1453,Zaprojektowany z myślą o komforcie użytkownika.
Premium-Grade Brush 2090,"Prosty, ale niezwykle funkcjonalny. dzięki kompaktowym wymiarom łatwy do przenoszenia."
Ergonomic Mug 4950,Idealny do codziennego użytku w domu i biurze.
Soft Brush 4351,Wykonany z wysokiej jakości materiałów zapewniających trwałość.
Durable Scarf 8136,Idealny do codziennego użytku w domu i biurze. doskonały jako prezent dla bliskiej osoby.
Adjustable Table 92,"Prosty, ale niezwykle funkcjonalny. zaprojektowany z myślą o komforcie użytkownika."
Multi-Functional Pen 3458,Doskonały jako prezent dla bliskiej osoby.
Dynamic Screen 8406,"Wykonany z wysokiej jakości materiałów zapewniających trwałość. prosty, ale niezwykle funkcjonalny."
Practical Bottle 5995,Doskonały jako prezent dla bliskiej osoby.
Waterproof Lamp 9465,"Lekki, a jednocześnie wyjątkowo solidny."
Colorful Tripod 5901,Zaprojektowany z myślą o komforcie użytkownika. łatwy w utrzymaniu czystości i bardzo praktyczny.
Minimalist Tablet 1546,Łatwy w utrzymaniu czystości i bardzo praktyczny. dzięki kompaktowym wymiarom łatwy do przenoszenia.
Advanced Container 8584,Doskonały jako prezent dla bliskiej osoby. łatwy w utrzymaniu czystości i bardzo praktyczny.
Efficient Tripod 9255,Dzięki kompaktowym wymiarom łatwy do przenoszenia.
Customizable Tool 1317,Świetnie sprawdza się w podróży i codziennym użytkowaniu. doskonały jako prezent dla bliskiej osoby.
Adjustable Drill 587,"Dzięki kompaktowym wymiarom łatwy do przenoszenia. prosty, ale niezwykle funkcjonalny."
Foldable Bench 9055,Wykonany z wysokiej jakości materiałów zapewniających trwałość. doskonały jako prezent dla bliskiej osoby.
Advanced Chair 9847,Idealny do codziennego użytku w domu i biurze. zaprojektowany z myślą o komforcie użytkownika.
Advanced Holder 9959,"Prosty, ale niezwykle funkcjonalny."
Luxury Ring 5813,Łatwy w utrzymaniu czystości i bardzo praktyczny. dzięki kompaktowym wymiarom łatwy do przenoszenia.
Waterproof Belt 3089,"Lekki, a jednocześnie wyjątkowo solidny. lekki, a jednocześnie wyjątkowo solidny."
Comfortable Charger 6279,"Wykonany z wysokiej jakości materiałów zapewniających trwałość. prosty, ale niezwykle funkcjonalny."
Portable Towel 7901,Nowoczesny design pasujący do każdego wnętrza.
Minimalist Umbrella 2671,"Idealny do codziennego użytku w domu i biurze. prosty, ale niezwykle funkcjonalny."
Powerful Notebook 1007,Dzięki kompaktowym wymiarom łatwy do przenoszenia. świetnie sprawdza się w podróży i codziennym użytkowaniu.
Efficient Fan 9605,Doskonały jako prezent dla bliskiej osoby. zaprojektowany z myślą o komforcie użytkownika.
Multi-Functional Holder 8042,Doskonały jako prezent dla bliskiej osoby.
Efficient Flashlight 3956,Zaprojektowany z myślą o komforcie użytkownika. dzięki kompaktowym wymiarom łatwy do przenoszenia.
Sustainable Pen 2114,"Lekki, a jednocześnie wyjątkowo solidny."
Elegant Holder 8176,Wykonany z wysokiej jakości materiałów zapewniających trwałość. dzięki kompaktowym wymiarom łatwy do przenoszenia.
Eco-Safe Holder 4231,"Prosty, ale niezwykle funkcjonalny. dzięki kompaktowym wymiarom łatwy do przenoszenia."
Dynamic Necklace 7757,Wykonany z wysokiej jakości materiałów zapewniających trwałość. doskonały jako prezent dla bliskiej osoby.
Premium Screen 6095,Świetnie sprawdza się w podróży i codziennym użytkowaniu. doskonały jako prezent dla bliskiej osoby.
Practical Backpack 8515,"Lekki, a jednocześnie wyjątkowo solidny."
Flexible Cup 8198,Doskonały jako prezent dla bliskiej osoby. doskonały jako prezent dla bliskiej osoby.
Portable Headphones 6798,"Świetnie sprawdza się w podróży i codziennym użytkowaniu. lekki, a jednocześnie wyjątkowo solidny."
Compact Plate 9058,Łatwy w utrzymaniu czystości i bardzo praktyczny.
Premium Tablet 1193,Łatwy w utrzymaniu czystości i bardzo praktyczny.
Eco-Conscious Tool 183,"Lekki, a jednocześnie wyjątkowo solidny."
Durable Cup 5634,"Prosty, ale niezwykle funkcjonalny."
Modern Mirror 5128,Nowoczesny design pasujący do każdego wnętrza.
Waterproof Mug 4655,Dzięki kompaktowym wymiarom łatwy do przenoszenia.
Wireless Wallet 5153,Świetnie sprawdza się w podróży i codziennym użytkowaniu. zaprojektowany z myślą o komforcie użytkownika.
Eco-Conscious Umbrella 6534,"Lekki, a jednocześnie wyjątkowo solidny."
Durable Mirror 4083,Idealny do codziennego użytku w domu i biurze.
Magnetic Camera 6833,"Prosty, ale niezwykle funkcjonalny."
Customizable Printer 3171,Idealny do codziennego użytku w domu i biurze. nowoczesny design pasujący do każdego wnętrza.
Precision Frame 4938,Nowoczesny design pasujący do każdego wnętrza.
High-Quality Mirror 3942,Łatwy w utrzymaniu czystości i bardzo praktyczny.
Classic Router 2321,Doskonały jako prezent dla bliskiej osoby.
Eco-Conscious Bench 3309,Wykonany z wysokiej jakości materiałów zapewniających trwałość.
Stylish Container 7070,Doskonały jako prezent dla bliskiej osoby.
Reliable Powerbank 4666,Wykonany z wysokiej jakości materiałów zapewniających trwałość.
Foldable Flashlight 8509,Świetnie sprawdza się w podróży i codziennym użytkowaniu.
Wireless Powerbank 9554,"Wykonany z wysokiej jakości materiałów zapewniających trwałość. lekki, a jednocześnie wyjątkowo solidny."
Precision Powerbank 6838,Wykonany z wysokiej jakości materiałów zapewniających trwałość.
Foldable Cable 5349,Świetnie sprawdza się w podróży i codziennym użytkowaniu.
Powerful Towel 5584,Wykonany z wysokiej jakości materiałów zapewniających trwałość.
Precision Printer 1995,Dzięki kompaktowym wymiarom łatwy do przenoszenia.
Customizable Razor 7958,Wykonany z wysokiej jakości materiałów zapewniających trwałość.
Eco-Friendly Toy 8943,Dzięki kompaktowym wymiarom łatwy do przenoszenia.
Luxury Holder 7724,Nowoczesny design pasujący do każdego wnętrza.
Flexible Container 8457,Świetnie sprawdza się w podróży i codziennym użytkowaniu. doskonały jako prezent dla bliskiej osoby.
Premium-Grade Cover 2585,"Prosty, ale niezwykle funkcjonalny."
Ergonomic Powerbank 9608,"Lekki, a jednocześnie wyjątkowo solidny. dzięki kompaktowym wymiarom łatwy do przenoszenia."
Affordable Backpack 7297,Idealny do codziennego użytku w domu i biurze. zaprojektowany z myślą o komforcie użytkownika.
High-Quality Phone 150,Idealny do codziennego użytku w domu i biurze.
Powerful Glasses 6713,Świetnie sprawdza się w podróży i codziennym użytkowaniu. wykonany z wysokiej jakości materiałów zapewniających trwałość.
Powerful Tripod 50,"Doskonały jako prezent dla bliskiej osoby. lekki, a jednocześnie wyjątkowo solidny."
Precision Bottle 8205,Doskonały jako prezent dla bliskiej osoby.
Refined Scarf 3411,Idealny do codziennego użytku w domu i biurze.
Balanced Holder 9540,Dzięki kompaktowym wymiarom łatwy do przenoszenia. idealny do codziennego użytku w domu i biurze.
Waterproof Drill 575,"Lekki, a jednocześnie wyjątkowo solidny."
Foldable Table 5272,Wykonany z wysokiej jakości materiałów zapewniających trwałość. nowoczesny design pasujący do każdego wnętrza.
Comfortable Ring 4432,"Lekki, a jednocześnie wyjątkowo solidny."
Premium Frame 8607,Wykonany z wysokiej jakości materiałów zapewniających trwałość.
Affordable Tool 9725,Świetnie sprawdza się w podróży i codziennym użytkowaniu. łatwy w utrzymaniu czystości i bardzo praktyczny.
High-Quality Drone 5343,Dzięki kompaktowym wymiarom łatwy do przenoszenia. wykonany z wysokiej jakości materiałów zapewniających trwałość.
Premium Speaker 6614,"Lekki, a jednocześnie wyjątkowo solidny."
Elegant Powerbank 9500,"Lekki, a jednocześnie wyjątkowo solidny."
Stylish Clock 2156,Idealny do codziennego użytku w domu i biurze. zaprojektowany z myślą o komforcie użytkownika.
Powerful Scarf 3041,Świetnie sprawdza się w podróży i codziennym użytkowaniu. idealny do codziennego użytku w domu i biurze.
Waterproof Cable 7330,Idealny do codziennego użytku w domu i biurze. nowoczesny design pasujący do każdego wnętrza.
Reliable Towel 3431,"Prosty, ale niezwykle funkcjonalny. świetnie sprawdza się w podróży i codziennym użytkowaniu."
Sustainable Drill 5999,"Doskonały jako prezent dla bliskiej osoby. lekki, a jednocześnie wyjątkowo solidny."
Lightweight Lamp 3117,"Zaprojektowany z myślą o komforcie użytkownika. prosty, ale niezwykle funkcjonalny."
Smart Glasses 1915,Idealny do codziennego użytku w domu i biurze. doskonały jako prezent dla bliskiej osoby.
Precision Charger 3243,Dzięki kompaktowym wymiarom łatwy do przenoszenia. nowoczesny design pasujący do każdego wnętrza.
Dynamic Shoe 5642,"Prosty, ale niezwykle funkcjonalny. wykonany z wysokiej jakości materiałów zapewniających trwałość."
Minimalist Pillow 900,"Prosty, ale niezwykle funkcjonalny. dzięki kompaktowym wymiarom łatwy do przenoszenia."
Durable Wallet 9271,Idealny do codziennego użytku w domu i biurze.
Advanced Shelf 3395,"Lekki, a jednocześnie wyjątkowo solidny."
Elegant Pillow 4011,Wykonany z wysokiej jakości materiałów zapewniających trwałość.
Powerful Watch 6559,"Lekki, a jednocześnie wyjątkowo solidny. lekki, a jednocześnie wyjątkowo solidny."
Adjustable Tripod 2196,"Doskonały jako prezent dla bliskiej osoby. prosty, ale niezwykle funkcjonalny."
Durable Basket 3485,Dzięki kompaktowym wymiarom łatwy do przenoszenia. wykonany z wysokiej jakości materiałów zapewniających trwałość.
Luxury Razor 350,Idealny do codziennego użytku w domu i biurze.
Multi-Functional Mouse 7950,"Lekki, a jednocześnie wyjątkowo solidny."
Smart Cup 8935,Zaprojektowany z myślą o komforcie użytkownika.
Classic Belt 2067,Łatwy w utrzymaniu czystości i bardzo praktyczny. świetnie sprawdza się w podróży i codziennym użytkowaniu.
Strong Printer 7440,Wykonany z wysokiej jakości materiałów zapewniających trwałość. doskonały jako prezent dla bliskiej osoby.
Foldable Clock 497,Wykonany z wysokiej jakości materiałów zapewniających trwałość.
Precision Bench 6616,"Prosty, ale niezwykle funkcjonalny."
Balanced Plate 1656,Idealny do codziennego użytku w domu i biurze.
Minimalist Tablet 3859,Świetnie sprawdza się w podróży i codziennym użytkowaniu. nowoczesny design pasujący do każdego wnętrza.
Smart Router 1885,Łatwy w utrzymaniu czystości i bardzo praktyczny.
Premium Keyboard 8931,"Lekki, a jednocześnie wyjątkowo solidny. lekki, a jednocześnie wyjątkowo solidny."
Classic Headphones 5842,Świetnie sprawdza się w podróży i codziennym użytkowaniu.
Noise-Cancelling Necklace 8411,"Prosty, ale niezwykle funkcjonalny."
High-Quality Phone 366,"Lekki, a jednocześnie wyjątkowo solidny. doskonały jako prezent dla bliskiej osoby."
Smart Mouse 4531,Świetnie sprawdza się w podróży i codziennym użytkowaniu.
Classic Camera 3991,Idealny do codziennego użytku w domu i biurze.
High-Quality Pillow 8808,Łatwy w utrzymaniu czystości i bardzo praktyczny. idealny do codziennego użytku w domu i biurze.
Refined Tablet 3542,Świetnie sprawdza się w podróży i codziennym użytkowaniu.
Efficient Case 4737,Wykonany z wysokiej jakości materiałów zapewniających trwałość.
Efficient Charger 2293,Zaprojektowany z myślą o komforcie użytkownika. świetnie sprawdza się w podróży i codziennym użytkowaniu.
Ultra-Light Keyboard 6105,Zaprojektowany z myślą o komforcie użytkownika. nowoczesny design pasujący do każdego wnętrza.
Practical Chair 5473,"Nowoczesny design pasujący do każdego wnętrza. prosty, ale niezwykle funkcjonalny."
Comfortable Bench 7223,Zaprojektowany z myślą o komforcie użytkownika. idealny do codziennego użytku w domu i biurze.
Refined Mouse 6898,Dzięki kompaktowym wymiarom łatwy do przenoszenia. zaprojektowany z myślą o komforcie użytkownika.
Advanced Flashlight 8591,Idealny do codziennego użytku w domu i biurze.
Affordable Bench 1865,Dzięki kompaktowym wymiarom łatwy do przenoszenia.
Balanced Plate 6555,Dzięki kompaktowym wymiarom łatwy do przenoszenia.
Colorful Cover 7854,"Lekki, a jednocześnie wyjątkowo solidny. nowoczesny design pasujący do każdego wnętrza."
Balanced Printer 8457,"Prosty, ale niezwykle funkcjonalny. dzięki kompaktowym wymiarom łatwy do przenoszenia."
Eco-Safe Charger 6160,Zaprojektowany z myślą o komforcie użytkownika. wykonany z wysokiej jakości materiałów zapewniających trwałość.
Minimalist Speaker 8158,Świetnie sprawdza się w podróży i codziennym użytkowaniu. idealny do codziennego użytku w domu i biurze.
Strong Tool 2758,Dzięki kompaktowym wymiarom łatwy do przenoszenia.
Flexible Stand 3851,"Lekki, a jednocześnie wyjątkowo solidny. zaprojektowany z myślą o komforcie użytkownika."
Lightweight Drone 2162,Świetnie sprawdza się w podróży i codziennym użytkowaniu.
Energy-Saving Lamp 9885,"Prosty, ale niezwykle funkcjonalny."
Adjustable Bicycle 6909,"Prosty, ale niezwykle funkcjonalny. idealny do codziennego użytku w domu i biurze."
Refined Watch 9845,"Prosty, ale niezwykle funkcjonalny."
Modern Necklace 2547,Nowoczesny design pasujący do każdego wnętrza.
Premium Notebook 1220,Idealny do codziennego użytku w domu i biurze.
Sustainable Towel 2482,Doskonały jako prezent dla bliskiej osoby.
Powerful Lamp 4211,Doskonały jako prezent dla bliskiej osoby.
Foldable Tripod 938,"Prosty, ale niezwykle funkcjonalny. doskonały jako prezent dla bliskiej osoby."
Soft Holder 6028,"Lekki, a jednocześnie wyjątkowo solidny. nowoczesny design pasujący do każdego wnętrza."
High-Quality Drill 3814,Zaprojektowany z myślą o komforcie użytkownika. nowoczesny design pasujący do każdego wnętrza.
Soft Case 5923,Wykonany z wysokiej jakości materiałów zapewniających trwałość. doskonały jako prezent dla bliskiej osoby.
Premium-Grade Headphones 5177,"Lekki, a jednocześnie wyjątkowo solidny."
Smart-Enabled Phone 2641,"Łatwy w utrzymaniu czystości i bardzo praktyczny. lekki, a jednocześnie wyjątkowo solidny."
Reliable Mug 6098,Świetnie sprawdza się w podróży i codziennym użytkowaniu.
Precision Necklace 6433,Wykonany z wysokiej jakości materiałów zapewniających trwałość.
Foldable Tool 1041,Łatwy w utrzymaniu czystości i bardzo praktyczny.
Energy-Saving Umbrella 2872,"Prosty, ale niezwykle funkcjonalny. nowoczesny design pasujący do każdego wnętrza."
Customizable Scarf 7703,Nowoczesny design pasujący do każdego wnętrza.
Soft Speaker 1903,"Prosty, ale niezwykle funkcjonalny. doskonały jako prezent dla bliskiej osoby."
Luxury Container 5610,Świetnie sprawdza się w podróży i codziennym użytkowaniu. idealny do codziennego użytku w domu i biurze.
Versatile Chair 2537,Doskonały jako prezent dla bliskiej osoby. łatwy w utrzymaniu czystości i bardzo praktyczny.
Adjustable Drill 5809,"Prosty, ale niezwykle funkcjonalny."
Practical Toy 5240,Idealny do codziennego użytku w domu i biurze. idealny do codziennego użytku w domu i biurze.
Refined Plate 903,Idealny do codziennego użytku w domu i biurze. idealny do codziennego użytku w domu i biurze.
Wireless Drill 4663,Łatwy w utrzymaniu czystości i bardzo praktyczny.
Colorful Glasses 9907,Zaprojektowany z myślą o komforcie użytkownika. świetnie sprawdza się w podróży i codziennym użytkowaniu.
Premium-Grade Bicycle 89,Świetnie sprawdza się w podróży i codziennym użytkowaniu. dzięki kompaktowym wymiarom łatwy do przenoszenia.
Modern Clock 5280,Dzięki kompaktowym wymiarom łatwy do przenoszenia. doskonały jako prezent dla bliskiej osoby.
Innovative Table 2952,Nowoczesny design pasujący do każdego wnętrza.
Robust Towel 5973,Doskonały jako prezent dla bliskiej osoby. zaprojektowany z myślą o komforcie użytkownika.
Ergonomic Chair 3095,Dzięki kompaktowym wymiarom łatwy do przenoszenia. zaprojektowany z myślą o komforcie użytkownika.
High-Quality Towel 7708,Dzięki kompaktowym wymiarom łatwy do przenoszenia.
Wireless Fan 7936,"Nowoczesny design pasujący do każdego wnętrza. prosty, ale niezwykle funkcjonalny."
Balanced Mat 2966,Doskonały jako prezent dla bliskiej osoby.
Elegant Clock 4302,"Prosty, ale niezwykle funkcjonalny."
Lightweight Cup 415,"Lekki, a jednocześnie wyjątkowo solidny. zaprojektowany z myślą o komforcie użytkownika."
Versatile Camera 6727,"Dzięki kompaktowym wymiarom łatwy do przenoszenia. lekki, a jednocześnie wyjątkowo solidny."
Versatile Belt 1937,"Doskonały jako prezent dla bliskiej osoby. prosty, ale niezwykle funkcjonalny."
Luxury Headphones 878,Doskonały jako prezent dla bliskiej osoby. świetnie sprawdza się w podróży i codziennym użytkowaniu.
Robust Phone 4536,"Lekki, a jednocześnie wyjątkowo solidny."
Rechargeable Cup 8344,Łatwy w utrzymaniu czystości i bardzo praktyczny.
Adjustable Wallet 7876,Wykonany z wysokiej jakości materiałów zapewniających trwałość.
Robust Mat 3740,"Lekki, a jednocześnie wyjątkowo solidny. świetnie sprawdza się w podróży i codziennym użytkowaniu."
Strong Holder 6039,"Lekki, a jednocześnie wyjątkowo solidny. idealny do codziennego użytku w domu i biurze."
High-Quality Plate 1156,Zaprojektowany z myślą o komforcie użytkownika.
Advanced Fan 299,Idealny do codziennego użytku w domu i biurze.
Dynamic Container 6588,Świetnie sprawdza się w podróży i codziennym użytkowaniu.
Lightweight Powerbank 3611,Dzięki kompaktowym wymiarom łatwy do przenoszenia.
Minimalist Mouse 987,Idealny do codziennego użytku w domu i biurze. idealny do codziennego użytku w domu i biurze.
Reliable Clock 329,Idealny do codziennego użytku w domu i biurze. łatwy w utrzymaniu czystości i bardzo praktyczny.
Minimalist Toy 9745,"Lekki, a jednocześnie wyjątkowo solidny."
Magnetic Printer 3856,Doskonały jako prezent dla bliskiej osoby. wykonany z wysokiej jakości materiałów zapewniających trwałość.
Flexible Keyboard 6302,Świetnie sprawdza się w podróży i codziennym użytkowaniu. zaprojektowany z myślą o komforcie użytkownika.
Eco-Safe Pillow 2000,Świetnie sprawdza się w podróży i codziennym użytkowaniu.
Minimalist Stand 128,Dzięki kompaktowym wymiarom łatwy do przenoszenia.
Noise-Cancelling Headphones 2605,Doskonały jako prezent dla bliskiej osoby.
Foldable Stand 4761,Świetnie sprawdza się w podróży i codziennym użytkowaniu.
Durable Monitor 7148,Idealny do codziennego użytku w domu i biurze.
Balanced Cable 7119,"Prosty, ale niezwykle funkcjonalny. dzięki kompaktowym wymiarom łatwy do przenoszenia."
Reliable Tablet 6119,"Prosty, ale niezwykle funkcjonalny. idealny do codziennego użytku w domu i biurze."
Energy-Saving Fan 9405,Idealny do codziennego użytku w domu i biurze.
Versatile Mug 1168,Świetnie sprawdza się w podróży i codziennym użytkowaniu. świetnie sprawdza się w podróży i codziennym użytkowaniu.
Affordable Shoe 7550,Wykonany z wysokiej jakości materiałów zapewniających trwałość.
Rechargeable Case 1858,"Wykonany z wysokiej jakości materiałów zapewniających trwałość. lekki, a jednocześnie wyjątkowo solidny."
Affordable Scarf 2817,"Idealny do codziennego użytku w domu i biurze. prosty, ale niezwykle funkcjonalny."
Energy-Saving Lamp 6542,Idealny do codziennego użytku w domu i biurze. świetnie sprawdza się w podróży i codziennym użytkowaniu.
Strong Charger 1485,"Lekki, a jednocześnie wyjątkowo solidny."
Refined Ring 5709,Wykonany z wysokiej jakości materiałów zapewniających trwałość.
Compact Flashlight 8571,Świetnie sprawdza się w podróży i codziennym użytkowaniu.
Innovative Shoe 49,Doskonały jako prezent dla bliskiej osoby.
Lightweight Bag 6285,Dzięki kompaktowym wymiarom łatwy do przenoszenia. łatwy w utrzymaniu czystości i bardzo praktyczny.
Refined Umbrella 9976,Łatwy w utrzymaniu czystości i bardzo praktyczny.
Transparent Mouse 2543,Świetnie sprawdza się w podróży i codziennym użytkowaniu. zaprojektowany z myślą o komforcie użytkownika.
Wireless Shoe 3799,Świetnie sprawdza się w podróży i codziennym użytkowaniu.
Smart-Enabled Notebook 8813,"Lekki, a jednocześnie wyjątkowo solidny."
Soft Monitor 1019,Dzięki kompaktowym wymiarom łatwy do przenoszenia.
Lightweight Flashlight 4764,Idealny do codziennego użytku w domu i biurze. dzięki kompaktowym wymiarom łatwy do przenoszenia.
Minimalist Shelf 7906,Łatwy w utrzymaniu czystości i bardzo praktyczny. doskonały jako prezent dla bliskiej osoby.
Innovative Towel 9131,"Prosty, ale niezwykle funkcjonalny."
Robust Belt 7712,"Lekki, a jednocześnie wyjątkowo solidny. dzięki kompaktowym wymiarom łatwy do przenoszenia."
Advanced Glove 3373,Świetnie sprawdza się w podróży i codziennym użytkowaniu.
Eco-Safe Umbrella 5247,Idealny do codziennego użytku w domu i biurze.
Durable Bench 2014,"Idealny do codziennego użytku w domu i biurze. lekki, a jednocześnie wyjątkowo solidny."
Powerful Towel 2815,Świetnie sprawdza się w podróży i codziennym użytkowaniu. łatwy w utrzymaniu czystości i bardzo praktyczny.
Premium Towel 5802,Doskonały jako prezent dla bliskiej osoby.
Rechargeable Clock 8617,"Zaprojektowany z myślą o komforcie użytkownika. lekki, a jednocześnie wyjątkowo solidny."
Adjustable Jacket 811,Doskonały jako prezent dla bliskiej osoby.
Smart-Enabled Blanket 4621,Doskonały jako prezent dla bliskiej osoby.
Waterproof Glove 6028,"Lekki, a jednocześnie wyjątkowo solidny."
Compact Flashlight 9226,Świetnie sprawdza się w podróży i codziennym użytkowaniu. nowoczesny design pasujący do każdego wnętrza.
Luxury Ring 6425,Wykonany z wysokiej jakości materiałów zapewniających trwałość. dzięki kompaktowym wymiarom łatwy do przenoszenia.
Premium-Grade Clock 7769,Świetnie sprawdza się w podróży i codziennym użytkowaniu. zaprojektowany z myślą o komforcie użytkownika.
Colorful Cable 6940,Zaprojektowany z myślą o komforcie użytkownika.
Portable Shelf 902,"Lekki, a jednocześnie wyjątkowo solidny. dzięki kompaktowym wymiarom łatwy do przenoszenia."
Soft Cushion 6030,Wykonany z wysokiej jakości materiałów zapewniających trwałość.
Robust Cover 2311,Łatwy w utrzymaniu czystości i bardzo praktyczny. idealny do codziennego użytku w domu i biurze.
Versatile Glasses 3965,"Łatwy w utrzymaniu czystości i bardzo praktyczny. prosty, ale niezwykle funkcjonalny."
Strong Toy 7950,Zaprojektowany z myślą o komforcie użytkownika.
Versatile Glasses 5480,Dzięki kompaktowym wymiarom łatwy do przenoszenia.
Customizable Brush 7134,Dzięki kompaktowym wymiarom łatwy do przenoszenia.
Affordable Toy 9396,Łatwy w utrzymaniu czystości i bardzo praktyczny.
Smart Clock 1640,Łatwy w utrzymaniu czystości i bardzo praktyczny. dzięki kompaktowym wymiarom łatwy do przenoszenia.
Customizable Tool 2681,Dzięki kompaktowym wymiarom łatwy do przenoszenia. zaprojektowany z myślą o komforcie użytkownika.
Energy-Saving Scarf 9429,Zaprojektowany z myślą o komforcie użytkownika.
Eco-Safe Cable 2803,Dzięki kompaktowym wymiarom łatwy do przenoszenia.
Balanced Camera 2723,"Lekki, a jednocześnie wyjątkowo solidny. idealny do codziennego użytku w domu i biurze."
High-Quality Basket 5277,Idealny do codziennego użytku w domu i biurze. wykonany z wysokiej jakości materiałów zapewniających trwałość.
Waterproof Clock 379,Nowoczesny design pasujący do każdego wnętrza. zaprojektowany z myślą o komforcie użytkownika.
Soft Necklace 3175,"Lekki, a jednocześnie wyjątkowo solidny. lekki, a jednocześnie wyjątkowo solidny."
Modern Tablet 4364,Dzięki kompaktowym wymiarom łatwy do przenoszenia. wykonany z wysokiej jakości materiałów zapewniających trwałość.
Refined Mat 5835,Dzięki kompaktowym wymiarom łatwy do przenoszenia.
Advanced Holder 5839,Dzięki kompaktowym wymiarom łatwy do przenoszenia.
Colorful Bag 5586,Łatwy w utrzymaniu czystości i bardzo praktyczny.
High-Quality Table 1773,Idealny do codziennego użytku w domu i biurze.
Precision Powerbank 2459,Idealny do codziennego użytku w domu i biurze. nowoczesny design pasujący do każdego wnętrza.
Modern Cover 8884,Nowoczesny design pasujący do każdego wnętrza.
Eco-Safe Bench 9036,"Łatwy w utrzymaniu czystości i bardzo praktyczny. prosty, ale niezwykle funkcjonalny."
Transparent Phone 4993,Łatwy w utrzymaniu czystości i bardzo praktyczny. doskonały jako prezent dla bliskiej osoby.
Compact Holder 2904,Wykonany z wysokiej jakości materiałów zapewniających trwałość. nowoczesny design pasujący do każdego wnętrza.
Noise-Cancelling Router 3143,Wykonany z wysokiej jakości materiałów zapewniających trwałość. doskonały jako prezent dla bliskiej osoby.
Customizable Router 7711,Nowoczesny design pasujący do każdego wnętrza. dzięki kompaktowym wymiarom łatwy do przenoszenia.
Dynamic Ring 5070,"Idealny do codziennego użytku w domu i biurze. lekki, a jednocześnie wyjątkowo solidny."
Luxury Mouse 9647,Idealny do codziennego użytku w domu i biurze.
Robust Umbrella 3469,Świetnie sprawdza się w podróży i codziennym użytkowaniu.
Premium Brush 5228,Nowoczesny design pasujący do każdego wnętrza.
Colorful Jacket 9655,Dzięki kompaktowym wymiarom łatwy do przenoszenia.
Waterproof Toy 5934,"Lekki, a jednocześnie wyjątkowo solidny. zaprojektowany z myślą o komforcie użytkownika."
Noise-Cancelling Razor 6123,Wykonany z wysokiej jakości materiałów zapewniających trwałość.
Ultra-Light Basket 2392,Dzięki kompaktowym wymiarom łatwy do przenoszenia. świetnie sprawdza się w podróży i codziennym użytkowaniu.
Wireless Case 4852,Wykonany z wysokiej jakości materiałów zapewniających trwałość.
Eco-Conscious Mirror 3497,"Lekki, a jednocześnie wyjątkowo solidny. lekki, a jednocześnie wyjątkowo solidny."
Precision Shelf 1392,Świetnie sprawdza się w podróży i codziennym użytkowaniu. doskonały jako prezent dla bliskiej osoby.
Sustainable Necklace 6211,Doskonały jako prezent dla bliskiej osoby. nowoczesny design pasujący do każdego wnętrza.
Magnetic Chair 8483,Wykonany z wysokiej jakości materiałów zapewniających trwałość.
Eco-Safe Powerbank 3617,Zaprojektowany z myślą o komforcie użytkownika.
Energy-Saving Clock 1253,Doskonały jako prezent dla bliskiej osoby.
Energy-Saving Brush 8990,Dzięki kompaktowym wymiarom łatwy do przenoszenia.
Ergonomic Brush 669,Łatwy w utrzymaniu czystości i bardzo praktyczny. doskonały jako prezent dla bliskiej osoby.
Dynamic Holder 2470,Dzięki kompaktowym wymiarom łatwy do przenoszenia. świetnie sprawdza się w podróży i codziennym użytkowaniu.
Sustainable Notebook 4215,Nowoczesny design pasujący do każdego wnętrza.
Durable Headphones 9120,Zaprojektowany z myślą o komforcie użytkownika.
Waterproof Notebook 6215,"Prosty, ale niezwykle funkcjonalny. idealny do codziennego użytku w domu i biurze."
Eco-Conscious Powerbank 3240,"Idealny do codziennego użytku w domu i biurze. prosty, ale niezwykle funkcjonalny."
Transparent Cover 5087,Zaprojektowany z myślą o komforcie użytkownika. świetnie sprawdza się w podróży i codziennym użytkowaniu.
Refined Printer 7976,Dzięki kompaktowym wymiarom łatwy do przenoszenia. dzięki kompaktowym wymiarom łatwy do przenoszenia.
Durable Pen 6332,Doskonały jako prezent dla bliskiej osoby.
Stylish Router 5539,Zaprojektowany z myślą o komforcie użytkownika. dzięki kompaktowym wymiarom łatwy do przenoszenia.
Reliable Pen 3571,"Łatwy w utrzymaniu czystości i bardzo praktyczny. lekki, a jednocześnie wyjątkowo solidny."
Wireless Fan 6579,"Lekki, a jednocześnie wyjątkowo solidny. prosty, ale niezwykle funkcjonalny."
Advanced Jacket 920,Łatwy w utrzymaniu czystości i bardzo praktyczny. nowoczesny design pasujący do każdego wnętrza.
Efficient Jacket 8531,Wykonany z wysokiej jakości materiałów zapewniających trwałość. doskonały jako prezent dla bliskiej osoby.
Noise-Cancelling Shoe 7898,"Świetnie sprawdza się w podróży i codziennym użytkowaniu. prosty, ale niezwykle funkcjonalny."
Smart Clock 5227,Idealny do codziennego użytku w domu i biurze. wykonany z wysokiej jakości materiałów zapewniających trwałość.
Compact Watch 598,Wykonany z wysokiej jakości materiałów zapewniających trwałość.
Noise-Cancelling Camera 407,"Lekki, a jednocześnie wyjątkowo solidny."
Eco-Conscious Tripod 4943,"Doskonały jako prezent dla bliskiej osoby. prosty, ale niezwykle funkcjonalny."
Smart-Enabled Fan 3052,Łatwy w utrzymaniu czystości i bardzo praktyczny. wykonany z wysokiej jakości materiałów zapewniających trwałość.
Classic Bicycle 6384,Świetnie sprawdza się w podróży i codziennym użytkowaniu.
Soft Shelf 8118,Dzięki kompaktowym wymiarom łatwy do przenoszenia.
Portable Shelf 8510,Łatwy w utrzymaniu czystości i bardzo praktyczny. łatwy w utrzymaniu czystości i bardzo praktyczny.
Rechargeable Brush 8356,Świetnie sprawdza się w podróży i codziennym użytkowaniu.
Precision Cover 5022,Nowoczesny design pasujący do każdego wnętrza.
Multi-Functional Keyboard 8793,Łatwy w utrzymaniu czystości i bardzo praktyczny.
Customizable Mouse 832,Dzięki kompaktowym wymiarom łatwy do przenoszenia.
Minimalist Cable 2948,Idealny do codziennego użytku w domu i biurze.
Colorful Tripod 3498,Świetnie sprawdza się w podróży i codziennym użytkowaniu.
Dynamic Clock 7066,Idealny do codziennego użytku w domu i biurze. wykonany z wysokiej jakości materiałów zapewniających trwałość.
Multi-Functional Umbrella 4623,Dzięki kompaktowym wymiarom łatwy do przenoszenia.
Rechargeable Jacket 4590,Łatwy w utrzymaniu czystości i bardzo praktyczny.
Advanced Backpack 1933,Dzięki kompaktowym wymiarom łatwy do przenoszenia.
Smart-Enabled Router 5393,"Prosty, ale niezwykle funkcjonalny. lekki, a jednocześnie wyjątkowo solidny."
Eco-Friendly Powerbank 404,"Lekki, a jednocześnie wyjątkowo solidny."
Minimalist Container 9910,Świetnie sprawdza się w podróży i codziennym użytkowaniu. świetnie sprawdza się w podróży i codziennym użytkowaniu.
Minimalist Tablet 2780,Wykonany z wysokiej jakości materiałów zapewniających trwałość. zaprojektowany z myślą o komforcie użytkownika.
Energy-Saving Notebook 5144,Doskonały jako prezent dla bliskiej osoby. idealny do codziennego użytku w domu i biurze.
Smart Towel 1956,Wykonany z wysokiej jakości materiałów zapewniających trwałość.
Premium-Grade Towel 8786,Dzięki kompaktowym wymiarom łatwy do przenoszenia.
Classic Flashlight 5141,"Wykonany z wysokiej jakości materiałów zapewniających trwałość. prosty, ale niezwykle funkcjonalny."
Reliable Necklace 2339,Dzięki kompaktowym wymiarom łatwy do przenoszenia. zaprojektowany z myślą o komforcie użytkownika.
Waterproof Speaker 2563,Wykonany z wysokiej jakości materiałów zapewniających trwałość.
Comfortable Brush 97,Wykonany z wysokiej jakości materiałów zapewniających trwałość.
Colorful Flashlight 6621,Łatwy w utrzymaniu czystości i bardzo praktyczny.
Flexible Holder 1035,Dzięki kompaktowym wymiarom łatwy do przenoszenia. doskonały jako prezent dla bliskiej osoby.
Durable Mirror 8588,Zaprojektowany z myślą o komforcie użytkownika.
High-Quality Bench 5517,Dzięki kompaktowym wymiarom łatwy do przenoszenia. wykonany z wysokiej jakości materiałów zapewniających trwałość.
Eco-Friendly Backpack 3501,"Lekki, a jednocześnie wyjątkowo solidny."
Modern Necklace 1516,"Dzięki kompaktowym wymiarom łatwy do przenoszenia. lekki, a jednocześnie wyjątkowo solidny."
Efficient Fan 3822,"Lekki, a jednocześnie wyjątkowo solidny."
Rechargeable Cable 4329,Doskonały jako prezent dla bliskiej osoby. wykonany z wysokiej jakości materiałów zapewniających trwałość.
High-Quality Pillow 8492,Nowoczesny design pasujący do każdego wnętrza. doskonały jako prezent dla bliskiej osoby.
Energy-Saving Brush 8180,"Wykonany z wysokiej jakości materiałów zapewniających trwałość. lekki, a jednocześnie wyjątkowo solidny."
Versatile Umbrella 4658,Łatwy w utrzymaniu czystości i bardzo praktyczny. zaprojektowany z myślą o komforcie użytkownika.
Lightweight Jacket 8476,"Dzięki kompaktowym wymiarom łatwy do przenoszenia. prosty, ale niezwykle funkcjonalny."
Smart Mirror 7064,Wykonany z wysokiej jakości materiałów zapewniających trwałość. idealny do codziennego użytku w domu i biurze.
High-Quality Phone 5510,Nowoczesny design pasujący do każdego wnętrza. dzięki kompaktowym wymiarom łatwy do przenoszenia.
Modern Ring 2957,Idealny do codziennego użytku w domu i biurze.
Foldable Towel 458,Nowoczesny design pasujący do każdego wnętrza. idealny do codziennego użytku w domu i biurze.
Strong Bench 2808,Dzięki kompaktowym wymiarom łatwy do przenoszenia.
Affordable Drill 5385,Świetnie sprawdza się w podróży i codziennym użytkowaniu.
Smart Case 1688,Zaprojektowany z myślą o komforcie użytkownika.
Rechargeable Toy 6217,"Lekki, a jednocześnie wyjątkowo solidny."
Smart Scarf 5026,"Prosty, ale niezwykle funkcjonalny. dzięki kompaktowym wymiarom łatwy do przenoszenia."
Energy-Saving Razor 3974,Wykonany z wysokiej jakości materiałów zapewniających trwałość. świetnie sprawdza się w podróży i codziennym użytkowaniu.
Powerful Stand 8680,"Prosty, ale niezwykle funkcjonalny. doskonały jako prezent dla bliskiej osoby."
Wireless Plate 5588,Idealny do codziennego użytku w domu i biurze.
Comfortable Basket 8161,Dzięki kompaktowym wymiarom łatwy do przenoszenia.
Robust Speaker 3172,"Prosty, ale niezwykle funkcjonalny. łatwy w utrzymaniu czystości i bardzo praktyczny."
Energy-Saving Scarf 4803,"Lekki, a jednocześnie wyjątkowo solidny. wykonany z wysokiej jakości materiałów zapewniających trwałość."
Adjustable Cable 9342,Zaprojektowany z myślą o komforcie użytkownika.
Wireless Bottle 2027,"Prosty, ale niezwykle funkcjonalny. zaprojektowany z myślą o komforcie użytkownika."
Modern Lamp 8838,Łatwy w utrzymaniu czystości i bardzo praktyczny.
Practical Bottle 5464,"Prosty, ale niezwykle funkcjonalny. prosty, ale niezwykle funkcjonalny."
Refined Belt 8963,Dzięki kompaktowym wymiarom łatwy do przenoszenia. dzięki kompaktowym wymiarom łatwy do przenoszenia.
Smart Mirror 5089,Idealny do codziennego użytku w domu i biurze.
Smart Monitor 9407,Doskonały jako prezent dla bliskiej osoby.
Elegant Mirror 1978,Dzięki kompaktowym wymiarom łatwy do przenoszenia.
Multi-Functional Stand 8567,Dzięki kompaktowym wymiarom łatwy do przenoszenia.
Smart-Enabled Mug 1182,"Lekki, a jednocześnie wyjątkowo solidny. prosty, ale niezwykle funkcjonalny."
Energy-Saving Monitor 9359,Dzięki kompaktowym wymiarom łatwy do przenoszenia.
Precision Drill 9147,"Lekki, a jednocześnie wyjątkowo solidny."
Comfortable Chair 7574,Wykonany z wysokiej jakości materiałów zapewniających trwałość. świetnie sprawdza się w podróży i codziennym użytkowaniu.
Magnetic Camera 6289,Idealny do codziennego użytku w domu i biurze.
Energy-Saving Clock 8131,Doskonały jako prezent dla bliskiej osoby.
Lightweight Shoe 313,"Prosty, ale niezwykle funkcjonalny. zaprojektowany z myślą o komforcie użytkownika."
Rechargeable Glasses 267,Idealny do codziennego użytku w domu i biurze. idealny do codziennego użytku w domu i biurze.
Durable Mouse 6148,Świetnie sprawdza się w podróży i codziennym użytkowaniu. zaprojektowany z myślą o komforcie użytkownika.
Rechargeable Towel 3586,"Lekki, a jednocześnie wyjątkowo solidny. wykonany z wysokiej jakości materiałów zapewniających trwałość."
Noise-Cancelling Jacket 2925,Nowoczesny design pasujący do każdego wnętrza. dzięki kompaktowym wymiarom łatwy do przenoszenia.
Innovative Shelf 8503,Łatwy w utrzymaniu czystości i bardzo praktyczny.
Adjustable Bottle 6724,"Prosty, ale niezwykle funkcjonalny."
Smart Mirror 4582,Łatwy w utrzymaniu czystości i bardzo praktyczny.
Eco-Friendly Watch 5685,"Zaprojektowany z myślą o komforcie użytkownika. prosty, ale niezwykle funkcjonalny."
Eco-Friendly Bottle 8957,Nowoczesny design pasujący do każdego wnętrza. doskonały jako prezent dla bliskiej osoby.
Stylish Camera 8227,Idealny do codziennego użytku w domu i biurze.
Transparent Bottle 8036,Doskonały jako prezent dla bliskiej osoby.
Premium-Grade Bench 2508,Nowoczesny design pasujący do każdego wnętrza. idealny do codziennego użytku w domu i biurze.
Portable Pen 2741,"Lekki, a jednocześnie wyjątkowo solidny."
Sustainable Glasses 5581,Zaprojektowany z myślą o komforcie użytkownika.
Customizable Basket 9106,Doskonały jako prezent dla bliskiej osoby. dzięki kompaktowym wymiarom łatwy do przenoszenia.
Ergonomic Cable 9545,Wykonany z wysokiej jakości materiałów zapewniających trwałość. idealny do codziennego użytku w domu i biurze.
Efficient Keyboard 4880,"Prosty, ale niezwykle funkcjonalny."
Customizable Keyboard 4829,Idealny do codziennego użytku w domu i biurze. łatwy w utrzymaniu czystości i bardzo praktyczny.
Ergonomic Necklace 3943,"Prosty, ale niezwykle funkcjonalny."
Transparent Bottle 7524,Wykonany z wysokiej jakości materiałów zapewniających trwałość.
Smart Holder 7870,"Lekki, a jednocześnie wyjątkowo solidny. świetnie sprawdza się w podróży i codziennym użytkowaniu."
Affordable Mat 7469,Dzięki kompaktowym wymiarom łatwy do przenoszenia.
Ergonomic Shoe 4634,Świetnie sprawdza się w podróży i codziennym użytkowaniu.
Versatile Pen 4384,Nowoczesny design pasujący do każdego wnętrza. świetnie sprawdza się w podróży i codziennym użytkowaniu.
Energy-Saving Lamp 4045,Dzięki kompaktowym wymiarom łatwy do przenoszenia.
Eco-Conscious Pillow 2771,Dzięki kompaktowym wymiarom łatwy do przenoszenia. łatwy w utrzymaniu czystości i bardzo praktyczny.
Customizable Drone 9223,Doskonały jako prezent dla bliskiej osoby. dzięki kompaktowym wymiarom łatwy do przenoszenia.
Waterproof Drill 4626,Doskonały jako prezent dla bliskiej osoby.
Modern Speaker 7144,"Lekki, a jednocześnie wyjątkowo solidny."
Sustainable Jacket 882,Łatwy w utrzymaniu czystości i bardzo praktyczny. wykonany z wysokiej jakości materiałów zapewniających trwałość.
Colorful Bottle 5510,Wykonany z wysokiej jakości materiałów zapewniających trwałość.
Energy-Saving Printer 9678,Zaprojektowany z myślą o komforcie użytkownika. łatwy w utrzymaniu czystości i bardzo praktyczny.
Ergonomic Fan 8933,"Prosty, ale niezwykle funkcjonalny."
Comfortable Blanket 1442,"Lekki, a jednocześnie wyjątkowo solidny."
Durable Necklace 2354,Zaprojektowany z myślą o komforcie użytkownika.
Ultra-Light Headphones 5444,Łatwy w utrzymaniu czystości i bardzo praktyczny.
Affordable Jacket 2317,Doskonały jako prezent dla bliskiej osoby.
Reliable Speaker 6408,Doskonały jako prezent dla bliskiej osoby.
Stylish Mirror 600,Zaprojektowany z myślą o komforcie użytkownika. idealny do codziennego użytku w domu i biurze.
Wireless Cup 9359,Wykonany z wysokiej jakości materiałów zapewniających trwałość. idealny do codziennego użytku w domu i biurze.
Innovative Clock 3562,Łatwy w utrzymaniu czystości i bardzo praktyczny.
Waterproof Cable 3295,"Lekki, a jednocześnie wyjątkowo solidny."
Precision Mat 2947,Łatwy w utrzymaniu czystości i bardzo praktyczny. doskonały jako prezent dla bliskiej osoby.
Lightweight Mat 1825,Łatwy w utrzymaniu czystości i bardzo praktyczny.
Wireless Table 9278,Doskonały jako prezent dla bliskiej osoby. nowoczesny design pasujący do każdego wnętrza.
Versatile Umbrella 5930,"Lekki, a jednocześnie wyjątkowo solidny. prosty, ale niezwykle funkcjonalny."
Premium-Grade Backpack 2857,Świetnie sprawdza się w podróży i codziennym użytkowaniu.
Efficient Tripod 6414,Wykonany z wysokiej jakości materiałów zapewniających trwałość.
Dynamic Clock 2941,"Doskonały jako prezent dla bliskiej osoby. lekki, a jednocześnie wyjątkowo solidny."
Minimalist Blanket 9073,"Lekki, a jednocześnie wyjątkowo solidny."
Waterproof Mirror 110,Zaprojektowany z myślą o komforcie użytkownika. nowoczesny design pasujący do każdego wnętrza.
Ultra-Light Lamp 7072,"Prosty, ale niezwykle funkcjonalny. prosty, ale niezwykle funkcjonalny."
Durable Notebook 1609,"Lekki, a jednocześnie wyjątkowo solidny. nowoczesny design pasujący do każdego wnętrza."
Innovative Pillow 6057,Łatwy w utrzymaniu czystości i bardzo praktyczny. wykonany z wysokiej jakości materiałów zapewniających trwałość.
Stylish Box 176,"Łatwy w utrzymaniu czystości i bardzo praktyczny. lekki, a jednocześnie wyjątkowo solidny."
Rechargeable Tablet 1,Nowoczesny design pasujący do każdego wnętrza.
Modern Backpack 9511,Świetnie sprawdza się w podróży i codziennym użytkowaniu. zaprojektowany z myślą o komforcie użytkownika.
Elegant Case 2017,Dzięki kompaktowym wymiarom łatwy do przenoszenia.
Eco-Friendly Mouse 4051,Wykonany z wysokiej jakości materiałów zapewniających trwałość.
Magnetic Charger 5515,"Łatwy w utrzymaniu czystości i bardzo praktyczny. prosty, ale niezwykle funkcjonalny."
Waterproof Mug 5298,Zaprojektowany z myślą o komforcie użytkownika.
Lightweight Shoe 5048,Świetnie sprawdza się w podróży i codziennym użytkowaniu.
Adjustable Lamp 5453,Idealny do codziennego użytku w domu i biurze. idealny do codziennego użytku w domu i biurze.
Premium Keyboard 5712,"Prosty, ale niezwykle funkcjonalny."
Eco-Friendly Towel 8786,Zaprojektowany z myślą o komforcie użytkownika.
Stylish Clock 4934,"Lekki, a jednocześnie wyjątkowo solidny."
Strong Tablet 9619,Świetnie sprawdza się w podróży i codziennym użytkowaniu. idealny do codziennego użytku w domu i biurze.
Strong Powerbank 7843,Świetnie sprawdza się w podróży i codziennym użytkowaniu.
Ergonomic Tool 9954,"Lekki, a jednocześnie wyjątkowo solidny. świetnie sprawdza się w podróży i codziennym użytkowaniu."
Waterproof Tripod 2733,Łatwy w utrzymaniu czystości i bardzo praktyczny.
Compact Frame 8248,"Prosty, ale niezwykle funkcjonalny. świetnie sprawdza się w podróży i codziennym użytkowaniu."
Comfortable Keyboard 1579,Zaprojektowany z myślą o komforcie użytkownika. świetnie sprawdza się w podróży i codziennym użytkowaniu.
Sustainable Frame 6398,"Doskonały jako prezent dla bliskiej osoby. lekki, a jednocześnie wyjątkowo solidny."
Stylish Flashlight 4701,"Prosty, ale niezwykle funkcjonalny."
Premium Bottle 5788,Doskonały jako prezent dla bliskiej osoby. doskonały jako prezent dla bliskiej osoby.
Soft Cushion 1680,"Lekki, a jednocześnie wyjątkowo solidny. świetnie sprawdza się w podróży i codziennym użytkowaniu."
Stylish Wallet 3642,Łatwy w utrzymaniu czystości i bardzo praktyczny.
Energy-Saving Ring 1195,"Wykonany z wysokiej jakości materiałów zapewniających trwałość. prosty, ale niezwykle funkcjonalny."
Elegant Router 8998,Łatwy w utrzymaniu czystości i bardzo praktyczny.
Compact Monitor 2930,Dzięki kompaktowym wymiarom łatwy do przenoszenia.
Balanced Drone 2845,Wykonany z wysokiej jakości materiałów zapewniających trwałość. zaprojektowany z myślą o komforcie użytkownika.
Sustainable Screen 3868,"Prosty, ale niezwykle funkcjonalny."
Modern Chair 9412,Świetnie sprawdza się w podróży i codziennym użytkowaniu. doskonały jako prezent dla bliskiej osoby.
Dynamic Tablet 1063,"Lekki, a jednocześnie wyjątkowo solidny."
Luxury Phone 4761,Świetnie sprawdza się w podróży i codziennym użytkowaniu.
Transparent Drill 2068,Wykonany z wysokiej jakości materiałów zapewniających trwałość. idealny do codziennego użytku w domu i biurze.
Precision Router 4366,"Lekki, a jednocześnie wyjątkowo solidny."
Durable Tablet 7914,Nowoczesny design pasujący do każdego wnętrza.
Customizable Belt 4976,Zaprojektowany z myślą o komforcie użytkownika.
Energy-Saving Container 619,Łatwy w utrzymaniu czystości i bardzo praktyczny.
Stylish Frame 4355,Wykonany z wysokiej jakości materiałów zapewniających trwałość. wykonany z wysokiej jakości materiałów zapewniających trwałość.
Transparent Backpack 3089,Idealny do codziennego użytku w domu i biurze. zaprojektowany z myślą o komforcie użytkownika.
Robust Cover 9641,Dzięki kompaktowym wymiarom łatwy do przenoszenia. dzięki kompaktowym wymiarom łatwy do przenoszenia.
Portable Tool 1444,"Lekki, a jednocześnie wyjątkowo solidny. dzięki kompaktowym wymiarom łatwy do przenoszenia."
Premium-Grade Phone 3077,Dzięki kompaktowym wymiarom łatwy do przenoszenia. świetnie sprawdza się w podróży i codziennym użytkowaniu.
Precision Bench 3776,Łatwy w utrzymaniu czystości i bardzo praktyczny.
Rechargeable Plate 165,Świetnie sprawdza się w podróży i codziennym użytkowaniu.
Transparent Plate 7382,Wykonany z wysokiej jakości materiałów zapewniających trwałość.
Balanced Table 8316,"Lekki, a jednocześnie wyjątkowo solidny. świetnie sprawdza się w podróży i codziennym użytkowaniu."
Comfortable Pillow 7058,Zaprojektowany z myślą o komforcie użytkownika. wykonany z wysokiej jakości materiałów zapewniających trwałość.
Lightweight Jacket 5359,Idealny do codziennego użytku w domu i biurze. dzięki kompaktowym wymiarom łatwy do przenoszenia.
Adjustable Mirror 4849,Nowoczesny design pasujący do każdego wnętrza.
Portable Mirror 4575,Zaprojektowany z myślą o komforcie użytkownika.
Versatile Necklace 5931,"Prosty, ale niezwykle funkcjonalny. prosty, ale niezwykle funkcjonalny."
Versatile Shoe 8403,Doskonały jako prezent dla bliskiej osoby.
Magnetic Towel 6021,Idealny do codziennego użytku w domu i biurze. zaprojektowany z myślą o komforcie użytkownika.
Foldable Frame 8703,Łatwy w utrzymaniu czystości i bardzo praktyczny.
Dynamic Stand 4051,Wykonany z wysokiej jakości materiałów zapewniających trwałość.
Ergonomic Headphones 821,"Lekki, a jednocześnie wyjątkowo solidny. idealny do codziennego użytku w domu i biurze."
Refined Clock 5870,"Prosty, ale niezwykle funkcjonalny. idealny do codziennego użytku w domu i biurze."
Customizable Tablet 7474,Świetnie sprawdza się w podróży i codziennym użytkowaniu.
Lightweight Clock 1954,"Świetnie sprawdza się w podróży i codziennym użytkowaniu. lekki, a jednocześnie wyjątkowo solidny."
Rechargeable Router 1289,Łatwy w utrzymaniu czystości i bardzo praktyczny. łatwy w utrzymaniu czystości i bardzo praktyczny.
Robust Powerbank 9116,Zaprojektowany z myślą o komforcie użytkownika. łatwy w utrzymaniu czystości i bardzo praktyczny.
Noise-Cancelling Toy 648,Łatwy w utrzymaniu czystości i bardzo praktyczny. łatwy w utrzymaniu czystości i bardzo praktyczny.
Customizable Fan 6402,Łatwy w utrzymaniu czystości i bardzo praktyczny.
Durable Plate 1652,Zaprojektowany z myślą o komforcie użytkownika. świetnie sprawdza się w podróży i codziennym użytkowaniu.
Transparent Clock 7923,"Lekki, a jednocześnie wyjątkowo solidny. świetnie sprawdza się w podróży i codziennym użytkowaniu."
Transparent Fan 5780,"Lekki, a jednocześnie wyjątkowo solidny."
Portable Tool 9499,Łatwy w utrzymaniu czystości i bardzo praktyczny.
Ergonomic Monitor 5565,Łatwy w utrzymaniu czystości i bardzo praktyczny. zaprojektowany z myślą o komforcie użytkownika.
Noise-Cancelling Case 415,Zaprojektowany z myślą o komforcie użytkownika. dzięki kompaktowym wymiarom łatwy do przenoszenia.
Waterproof Wallet 9754,"Idealny do codziennego użytku w domu i biurze. lekki, a jednocześnie wyjątkowo solidny."
Eco-Safe Drone 4723,Świetnie sprawdza się w podróży i codziennym użytkowaniu. zaprojektowany z myślą o komforcie użytkownika.
Ultra-Light Keyboard 5688,"Prosty, ale niezwykle funkcjonalny."
Lightweight Screen 4768,"Lekki, a jednocześnie wyjątkowo solidny."
Dynamic Charger 4839,Świetnie sprawdza się w podróży i codziennym użytkowaniu. idealny do codziennego użytku w domu i biurze.
Innovative Monitor 1,Idealny do codziennego użytku w domu i biurze.
Stylish Bag 3024,Świetnie sprawdza się w podróży i codziennym użytkowaniu. nowoczesny design pasujący do każdego wnętrza.
Compact Plate 9862,Świetnie sprawdza się w podróży i codziennym użytkowaniu.
Magnetic Box 2797,Nowoczesny design pasujący do każdego wnętrza.
Efficient Printer 7207,"Łatwy w utrzymaniu czystości i bardzo praktyczny. lekki, a jednocześnie wyjątkowo solidny."
Adjustable Backpack 7108,Nowoczesny design pasujący do każdego wnętrza. zaprojektowany z myślą o komforcie użytkownika.
Transparent Monitor 466,Nowoczesny design pasujący do każdego wnętrza.
Powerful Shelf 3769,Wykonany z wysokiej jakości materiałów zapewniających trwałość. nowoczesny design pasujący do każdego wnętrza.
Classic Brush 1132,Idealny do codziennego użytku w domu i biurze.
Compact Plate 8695,Doskonały jako prezent dla bliskiej osoby.
Dynamic Printer 6276,Dzięki kompaktowym wymiarom łatwy do przenoszenia.
Energy-Saving Camera 5767,"Nowoczesny design pasujący do każdego wnętrza. lekki, a jednocześnie wyjątkowo solidny."
Practical Glove 1793,Nowoczesny design pasujący do każdego wnętrza. idealny do codziennego użytku w domu i biurze.
Stylish Backpack 8466,"Lekki, a jednocześnie wyjątkowo solidny. dzięki kompaktowym wymiarom łatwy do przenoszenia."
Flexible Necklace 4465,Doskonały jako prezent dla bliskiej osoby.
Classic Table 2696,Idealny do codziennego użytku w domu i biurze. dzięki kompaktowym wymiarom łatwy do przenoszenia.
Minimalist Razor 3677,Idealny do codziennego użytku w domu i biurze. zaprojektowany z myślą o komforcie użytkownika.
Lightweight Plate 1759,"Lekki, a jednocześnie wyjątkowo solidny."
Affordable Belt 2966,Nowoczesny design pasujący do każdego wnętrza. doskonały jako prezent dla bliskiej osoby.
Customizable Bag 4414,Doskonały jako prezent dla bliskiej osoby.
Portable Cushion 9180,Świetnie sprawdza się w podróży i codziennym użytkowaniu.
Lightweight Towel 4539,Idealny do codziennego użytku w domu i biurze.
Dynamic Glasses 9988,Świetnie sprawdza się w podróży i codziennym użytkowaniu. doskonały jako prezent dla bliskiej osoby.
Rechargeable Phone 9264,Wykonany z wysokiej jakości materiałów zapewniających trwałość. nowoczesny design pasujący do każdego wnętrza.
Versatile Pillow 7976,"Lekki, a jednocześnie wyjątkowo solidny. doskonały jako prezent dla bliskiej osoby."
Premium Frame 19,Zaprojektowany z myślą o komforcie użytkownika.
Multi-Functional Drill 3155,Zaprojektowany z myślą o komforcie użytkownika. świetnie sprawdza się w podróży i codziennym użytkowaniu.
Reliable Glasses 600,"Lekki, a jednocześnie wyjątkowo solidny."
Energy-Saving Powerbank 1123,Zaprojektowany z myślą o komforcie użytkownika.
Adjustable Screen 1515,Świetnie sprawdza się w podróży i codziennym użytkowaniu.
Wireless Cover 6078,Doskonały jako prezent dla bliskiej osoby.
Minimalist Camera 3491,Dzięki kompaktowym wymiarom łatwy do przenoszenia. łatwy w utrzymaniu czystości i bardzo praktyczny.
Waterproof Pen 4424,Idealny do codziennego użytku w domu i biurze. zaprojektowany z myślą o komforcie użytkownika.
Minimalist Plate 2476,Świetnie sprawdza się w podróży i codziennym użytkowaniu.
Versatile Stand 1939,Idealny do codziennego użytku w domu i biurze. łatwy w utrzymaniu czystości i bardzo praktyczny.
Eco-Conscious Frame 2507,Wykonany z wysokiej jakości materiałów zapewniających trwałość. dzięki kompaktowym wymiarom łatwy do przenoszenia.
Compact Cup 1329,Idealny do codziennego użytku w domu i biurze.
Classic Tool 2273,"Idealny do codziennego użytku w domu i biurze. lekki, a jednocześnie wyjątkowo solidny."
Ergonomic Razor 9286,"Prosty, ale niezwykle funkcjonalny. prosty, ale niezwykle funkcjonalny."
Transparent Printer 3177,Nowoczesny design pasujący do każdego wnętrza. zaprojektowany z myślą o komforcie użytkownika.
Colorful Brush 2458,"Prosty, ale niezwykle funkcjonalny."
Stylish Bench 6329,Wykonany z wysokiej jakości materiałów zapewniających trwałość. zaprojektowany z myślą o komforcie użytkownika.
Premium-Grade Camera 2960,Doskonały jako prezent dla bliskiej osoby.
Transparent Shoe 385,Zaprojektowany z myślą o komforcie użytkownika.
Noise-Cancelling Bench 5765,Wykonany z wysokiej jakości materiałów zapewniających trwałość. łatwy w utrzymaniu czystości i bardzo praktyczny.
Lightweight Screen 5613,Zaprojektowany z myślą o komforcie użytkownika.
Practical Mat 3242,Świetnie sprawdza się w podróży i codziennym użytkowaniu.
Ultra-Light Charger 5549,Idealny do codziennego użytku w domu i biurze. świetnie sprawdza się w podróży i codziennym użytkowaniu.
Premium Watch 7622,Świetnie sprawdza się w podróży i codziennym użytkowaniu.
Eco-Friendly Glasses 1531,Nowoczesny design pasujący do każdego wnętrza. łatwy w utrzymaniu czystości i bardzo praktyczny.
Eco-Safe Ring 9075,"Lekki, a jednocześnie wyjątkowo solidny. nowoczesny design pasujący do każdego wnętrza."
Noise-Cancelling Brush 9782,"Świetnie sprawdza się w podróży i codziennym użytkowaniu. prosty, ale niezwykle funkcjonalny."
Powerful Basket 5265,Łatwy w utrzymaniu czystości i bardzo praktyczny.
Flexible Router 2046,"Lekki, a jednocześnie wyjątkowo solidny. nowoczesny design pasujący do każdego wnętrza."
Soft Router 1868,Idealny do codziennego użytku w domu i biurze.
Energy-Saving Brush 3334,Wykonany z wysokiej jakości materiałów zapewniających trwałość. nowoczesny design pasujący do każdego wnętrza.
Customizable Umbrella 398,Idealny do codziennego użytku w domu i biurze. nowoczesny design pasujący do każdego wnętrza.
Sustainable Razor 2724,Nowoczesny design pasujący do każdego wnętrza.
Colorful Clock 6654,Wykonany z wysokiej jakości materiałów zapewniających trwałość. idealny do codziennego użytku w domu i biurze.
Advanced Mat 1188,Zaprojektowany z myślą o komforcie użytkownika.
Ergonomic Camera 1268,Zaprojektowany z myślą o komforcie użytkownika.
Multi-Functional Router 3310,Nowoczesny design pasujący do każdego wnętrza. zaprojektowany z myślą o komforcie użytkownika.
Wireless Umbrella 3803,Wykonany z wysokiej jakości materiałów zapewniających trwałość.
Powerful Monitor 5144,Wykonany z wysokiej jakości materiałów zapewniających trwałość.
Eco-Safe Toy 3135,Łatwy w utrzymaniu czystości i bardzo praktyczny.
Classic Belt 4742,Łatwy w utrzymaniu czystości i bardzo praktyczny.
Multi-Functional Case 4703,Wykonany z wysokiej jakości materiałów zapewniających trwałość.
Versatile Mirror 4235,Łatwy w utrzymaniu czystości i bardzo praktyczny. wykonany z wysokiej jakości materiałów zapewniających trwałość.
Portable Speaker 950,Nowoczesny design pasujący do każdego wnętrza.
Efficient Screen 9632,Nowoczesny design pasujący do każdego wnętrza.
Classic Shelf 6238,Nowoczesny design pasujący do każdego wnętrza. świetnie sprawdza się w podróży i codziennym użytkowaniu.
Comfortable Box 3899,Łatwy w utrzymaniu czystości i bardzo praktyczny.
Luxury Frame 7214,Nowoczesny design pasujący do każdego wnętrza. zaprojektowany z myślą o komforcie użytkownika.
Energy-Saving Keyboard 8385,"Prosty, ale niezwykle funkcjonalny."
Practical Plate 4721,Zaprojektowany z myślą o komforcie użytkownika. idealny do codziennego użytku w domu i biurze.
Smart Umbrella 8496,Świetnie sprawdza się w podróży i codziennym użytkowaniu. doskonały jako prezent dla bliskiej osoby.
Robust Blanket 1163,Świetnie sprawdza się w podróży i codziennym użytkowaniu. świetnie sprawdza się w podróży i codziennym użytkowaniu.
Ultra-Light Bench 765,Dzięki kompaktowym wymiarom łatwy do przenoszenia. wykonany z wysokiej jakości materiałów zapewniających trwałość.
Affordable Case 189,"Lekki, a jednocześnie wyjątkowo solidny. idealny do codziennego użytku w domu i biurze."
Advanced Pen 8246,Zaprojektowany z myślą o komforcie użytkownika.
Efficient Router 5707,Zaprojektowany z myślą o komforcie użytkownika. świetnie sprawdza się w podróży i codziennym użytkowaniu.
Waterproof Umbrella 5313,"Lekki, a jednocześnie wyjątkowo solidny."
Durable Watch 1642,Łatwy w utrzymaniu czystości i bardzo praktyczny.
Noise-Cancelling Towel 1380,Zaprojektowany z myślą o komforcie użytkownika. nowoczesny design pasujący do każdego wnętrza.
Transparent Mouse 5566,Wykonany z wysokiej jakości materiałów zapewniających trwałość. dzięki kompaktowym wymiarom łatwy do przenoszenia.
Classic Necklace 5598,"Świetnie sprawdza się w podróży i codziennym użytkowaniu. prosty, ale niezwykle funkcjonalny."
Premium-Grade Screen 2510,Dzięki kompaktowym wymiarom łatwy do przenoszenia. łatwy w utrzymaniu czystości i bardzo praktyczny.
Flexible Frame 5253,"Prosty, ale niezwykle funkcjonalny. prosty, ale niezwykle funkcjonalny."
Dynamic Bench 6014,Łatwy w utrzymaniu czystości i bardzo praktyczny.
Multi-Functional Razor 7651,Świetnie sprawdza się w podróży i codziennym użytkowaniu.
Compact Mug 7897,Łatwy w utrzymaniu czystości i bardzo praktyczny. świetnie sprawdza się w podróży i codziennym użytkowaniu.
Elegant Brush 6517,"Lekki, a jednocześnie wyjątkowo solidny."
Reliable Mouse 4589,"Lekki, a jednocześnie wyjątkowo solidny."
Customizable Chair 7305,"Prosty, ale niezwykle funkcjonalny."
Colorful Umbrella 7736,Świetnie sprawdza się w podróży i codziennym użytkowaniu. wykonany z wysokiej jakości materiałów zapewniających trwałość.
Affordable Stand 4017,Doskonały jako prezent dla bliskiej osoby.
Transparent Shoe 7262,Łatwy w utrzymaniu czystości i bardzo praktyczny.
Flexible Frame 3852,"Lekki, a jednocześnie wyjątkowo solidny."
Smart-Enabled Stand 4841,"Lekki, a jednocześnie wyjątkowo solidny."
Ultra-Light Tablet 5772,"Lekki, a jednocześnie wyjątkowo solidny. doskonały jako prezent dla bliskiej osoby."
Practical Tool 7179,Nowoczesny design pasujący do każdego wnętrza. doskonały jako prezent dla bliskiej osoby.
Practical Speaker 6541,"Prosty, ale niezwykle funkcjonalny."
Soft Cover 206,"Doskonały jako prezent dla bliskiej osoby. lekki, a jednocześnie wyjątkowo solidny."
Efficient Belt 5695,"Zaprojektowany z myślą o komforcie użytkownika. prosty, ale niezwykle funkcjonalny."
Portable Glove 4276,Wykonany z wysokiej jakości materiałów zapewniających trwałość. dzięki kompaktowym wymiarom łatwy do przenoszenia.
Eco-Safe Ring 8727,"Prosty, ale niezwykle funkcjonalny. lekki, a jednocześnie wyjątkowo solidny."
Reliable Ring 9011,Nowoczesny design pasujący do każdego wnętrza.
Refined Scarf 8733,Dzięki kompaktowym wymiarom łatwy do przenoszenia.
Modern Drone 8607,"Lekki, a jednocześnie wyjątkowo solidny. zaprojektowany z myślą o komforcie użytkownika."
Ergonomic Case 3248,Doskonały jako prezent dla bliskiej osoby.
Lightweight Notebook 5125,Świetnie sprawdza się w podróży i codziennym użytkowaniu.
Foldable Cup 6608,Zaprojektowany z myślą o komforcie użytkownika.
Lightweight Watch 6543,Nowoczesny design pasujący do każdego wnętrza. łatwy w utrzymaniu czystości i bardzo praktyczny.
Advanced Printer 6800,Świetnie sprawdza się w podróży i codziennym użytkowaniu.
Elegant Blanket 6091,Zaprojektowany z myślą o komforcie użytkownika. łatwy w utrzymaniu czystości i bardzo praktyczny.
Waterproof Fan 5942,"Prosty, ale niezwykle funkcjonalny. idealny do codziennego użytku w domu i biurze."
Elegant Drone 9254,"Prosty, ale niezwykle funkcjonalny. wykonany z wysokiej jakości materiałów zapewniających trwałość."
Soft Tool 7158,Idealny do codziennego użytku w domu i biurze. dzięki kompaktowym wymiarom łatwy do przenoszenia.
Premium Basket 9417,Świetnie sprawdza się w podróży i codziennym użytkowaniu.
Dynamic Router 4850,Nowoczesny design pasujący do każdego wnętrza.
Powerful Drone 8132,Idealny do codziennego użytku w domu i biurze. zaprojektowany z myślą o komforcie użytkownika.
Wireless Mirror 3336,Doskonały jako prezent dla bliskiej osoby. nowoczesny design pasujący do każdego wnętrza.
Eco-Safe Necklace 3278,"Prosty, ale niezwykle funkcjonalny. doskonały jako prezent dla bliskiej osoby."
Refined Mirror 1049,Nowoczesny design pasujący do każdego wnętrza. zaprojektowany z myślą o komforcie użytkownika.
Classic Tripod 5685,"Nowoczesny design pasujący do każdego wnętrza. lekki, a jednocześnie wyjątkowo solidny."
Innovative Camera 6199,"Nowoczesny design pasujący do każdego wnętrza. lekki, a jednocześnie wyjątkowo solidny."
Balanced Box 958,"Lekki, a jednocześnie wyjątkowo solidny. nowoczesny design pasujący do każdego wnętrza."
Ultra-Light Monitor 6124,Idealny do codziennego użytku w domu i biurze. nowoczesny design pasujący do każdego wnętrza.
Strong Towel 3260,Idealny do codziennego użytku w domu i biurze.
Durable Monitor 2854,Zaprojektowany z myślą o komforcie użytkownika. doskonały jako prezent dla bliskiej osoby.
Reliable Jacket 9245,Idealny do codziennego użytku w domu i biurze. wykonany z wysokiej jakości materiałów zapewniających trwałość.
Durable Headphones 1283,Doskonały jako prezent dla bliskiej osoby. świetnie sprawdza się w podróży i codziennym użytkowaniu.
Reliable Camera 1502,"Lekki, a jednocześnie wyjątkowo solidny. lekki, a jednocześnie wyjątkowo solidny."
Classic Bench 9940,Doskonały jako prezent dla bliskiej osoby. zaprojektowany z myślą o komforcie użytkownika.
Innovative Mat 6659,Doskonały jako prezent dla bliskiej osoby.
Comfortable Router 1331,Wykonany z wysokiej jakości materiałów zapewniających trwałość. dzięki kompaktowym wymiarom łatwy do przenoszenia.
Energy-Saving Towel 7764,Łatwy w utrzymaniu czystości i bardzo praktyczny.
Classic Printer 7012,"Prosty, ale niezwykle funkcjonalny. lekki, a jednocześnie wyjątkowo solidny."
Magnetic Mirror 6462,Nowoczesny design pasujący do każdego wnętrza.
Premium-Grade Speaker 6254,Dzięki kompaktowym wymiarom łatwy do przenoszenia. nowoczesny design pasujący do każdego wnętrza.
Lightweight Drone 8610,Świetnie sprawdza się w podróży i codziennym użytkowaniu.
Compact Towel 8729,Zaprojektowany z myślą o komforcie użytkownika.
Foldable Monitor 1522,Łatwy w utrzymaniu czystości i bardzo praktyczny.
Modern Mat 5640,"Lekki, a jednocześnie wyjątkowo solidny."
Balanced Mirror 3707,"Wykonany z wysokiej jakości materiałów zapewniających trwałość. lekki, a jednocześnie wyjątkowo solidny."
Dynamic Mat 9997,Doskonały jako prezent dla bliskiej osoby.
Premium-Grade Case 1911,Zaprojektowany z myślą o komforcie użytkownika.
Durable Box 687,"Lekki, a jednocześnie wyjątkowo solidny. nowoczesny design pasujący do każdego wnętrza."
Magnetic Case 6045,Łatwy w utrzymaniu czystości i bardzo praktyczny.
Transparent Printer 4178,Łatwy w utrzymaniu czystości i bardzo praktyczny.
Robust Bicycle 705,Idealny do codziennego użytku w domu i biurze. świetnie sprawdza się w podróży i codziennym użytkowaniu.
Advanced Watch 7442,Doskonały jako prezent dla bliskiej osoby.
Versatile Fan 914,Dzięki kompaktowym wymiarom łatwy do przenoszenia.
Stylish Drill 4413,"Prosty, ale niezwykle funkcjonalny. nowoczesny design pasujący do każdego wnętrza."
Reliable Phone 5317,Wykonany z wysokiej jakości materiałów zapewniających trwałość. wykonany z wysokiej jakości materiałów zapewniających trwałość.
Balanced Plate 3892,Dzięki kompaktowym wymiarom łatwy do przenoszenia.
Compact Razor 2328,Idealny do codziennego użytku w domu i biurze.
Classic Mat 4238,"Lekki, a jednocześnie wyjątkowo solidny. świetnie sprawdza się w podróży i codziennym użytkowaniu."
Modern Keyboard 5681,"Prosty, ale niezwykle funkcjonalny. świetnie sprawdza się w podróży i codziennym użytkowaniu."
Customizable Ring 1005,Zaprojektowany z myślą o komforcie użytkownika.
Minimalist Necklace 4409,Świetnie sprawdza się w podróży i codziennym użytkowaniu. świetnie sprawdza się w podróży i codziennym użytkowaniu.
Soft Box 5218,Dzięki kompaktowym wymiarom łatwy do przenoszenia.
Foldable Lamp 5166,"Zaprojektowany z myślą o komforcie użytkownika. prosty, ale niezwykle funkcjonalny."
Advanced Plate 24,"Dzięki kompaktowym wymiarom łatwy do przenoszenia. prosty, ale niezwykle funkcjonalny."
Balanced Pillow 9093,Nowoczesny design pasujący do każdego wnętrza. zaprojektowany z myślą o komforcie użytkownika.
Lightweight Belt 9314,Nowoczesny design pasujący do każdego wnętrza.
Dynamic Stand 541,Nowoczesny design pasujący do każdego wnętrza. wykonany z wysokiej jakości materiałów zapewniających trwałość.
Premium Pen 2329,Doskonały jako prezent dla bliskiej osoby.
Smart-Enabled Mouse 9717,"Prosty, ale niezwykle funkcjonalny. zaprojektowany z myślą o komforcie użytkownika."
Balanced Ring 974,"Lekki, a jednocześnie wyjątkowo solidny."
Multi-Functional Cup 8257,Zaprojektowany z myślą o komforcie użytkownika.
Comfortable Glove 7287,Wykonany z wysokiej jakości materiałów zapewniających trwałość.
Customizable Glasses 4903,"Lekki, a jednocześnie wyjątkowo solidny. świetnie sprawdza się w podróży i codziennym użytkowaniu."
Balanced Bottle 5266,Nowoczesny design pasujący do każdego wnętrza. zaprojektowany z myślą o komforcie użytkownika.
Soft Headphones 3116,Zaprojektowany z myślą o komforcie użytkownika.
Affordable Tool 9436,"Prosty, ale niezwykle funkcjonalny. lekki, a jednocześnie wyjątkowo solidny."
Modern Clock 117,Nowoczesny design pasujący do każdego wnętrza. idealny do codziennego użytku w domu i biurze.
Versatile Pillow 1354,Zaprojektowany z myślą o komforcie użytkownika. dzięki kompaktowym wymiarom łatwy do przenoszenia.
Minimalist Bottle 4369,Doskonały jako prezent dla bliskiej osoby.
Transparent Mug 7048,Doskonały jako prezent dla bliskiej osoby.
Elegant Cup 8437,"Prosty, ale niezwykle funkcjonalny."
Energy-Saving Mat 3334,Idealny do codziennego użytku w domu i biurze.
Practical Fan 7047,Świetnie sprawdza się w podróży i codziennym użytkowaniu. zaprojektowany z myślą o komforcie użytkownika.
Flexible Drone 1049,"Lekki, a jednocześnie wyjątkowo solidny."
Efficient Tablet 713,Zaprojektowany z myślą o komforcie użytkownika.
Magnetic Backpack 4739,Wykonany z wysokiej jakości materiałów zapewniających trwałość. wykonany z wysokiej jakości materiałów zapewniających trwałość.
Elegant Mug 9679,Zaprojektowany z myślą o komforcie użytkownika. doskonały jako prezent dla bliskiej osoby.
Colorful Jacket 4677,Wykonany z wysokiej jakości materiałów zapewniających trwałość.
Innovative Bag 6484,Wykonany z wysokiej jakości materiałów zapewniających trwałość. świetnie sprawdza się w podróży i codziennym użytkowaniu.
Comfortable Stand 9532,Doskonały jako prezent dla bliskiej osoby.
Versatile Scarf 828,Idealny do codziennego użytku w domu i biurze.
Lightweight Jacket 3585,Łatwy w utrzymaniu czystości i bardzo praktyczny.
Eco-Conscious Tripod 8621,Świetnie sprawdza się w podróży i codziennym użytkowaniu. idealny do codziennego użytku w domu i biurze.
Practical Brush 3322,Idealny do codziennego użytku w domu i biurze. idealny do codziennego użytku w domu i biurze.
Reliable Powerbank 3998,Świetnie sprawdza się w podróży i codziennym użytkowaniu.
Soft Fan 3877,"Wykonany z wysokiej jakości materiałów zapewniających trwałość. lekki, a jednocześnie wyjątkowo solidny."
Energy-Saving Tool 3522,"Wykonany z wysokiej jakości materiałów zapewniających trwałość. prosty, ale niezwykle funkcjonalny."
Eco-Safe Monitor 606,Łatwy w utrzymaniu czystości i bardzo praktyczny. wykonany z wysokiej jakości materiałów zapewniających trwałość.
Modern Flashlight 2759,Łatwy w utrzymaniu czystości i bardzo praktyczny.
Robust Mirror 7001,"Świetnie sprawdza się w podróży i codziennym użytkowaniu. prosty, ale niezwykle funkcjonalny."
Classic Phone 8198,Doskonały jako prezent dla bliskiej osoby. wykonany z wysokiej jakości materiałów zapewniających trwałość.
Sustainable Cover 9388,"Idealny do codziennego użytku w domu i biurze. prosty, ale niezwykle funkcjonalny."
Rechargeable Phone 7083,Zaprojektowany z myślą o komforcie użytkownika. wykonany z wysokiej jakości materiałów zapewniających trwałość.
Minimalist Fan 2909,Wykonany z wysokiej jakości materiałów zapewniających trwałość. doskonały jako prezent dla bliskiej osoby.
Efficient Shoe 5888,Łatwy w utrzymaniu czystości i bardzo praktyczny. łatwy w utrzymaniu czystości i bardzo praktyczny.
Sustainable Camera 8012,Świetnie sprawdza się w podróży i codziennym użytkowaniu. idealny do codziennego użytku w domu i biurze.
Versatile Pillow 7365,Zaprojektowany z myślą o komforcie użytkownika.
Durable Cover 6017,"Prosty, ale niezwykle funkcjonalny."
Precision Printer 3458,"Dzięki kompaktowym wymiarom łatwy do przenoszenia. prosty, ale niezwykle funkcjonalny."
Affordable Bicycle 6344,Doskonały jako prezent dla bliskiej osoby.
Minimalist Mat 2365,Świetnie sprawdza się w podróży i codziennym użytkowaniu.
High-Quality Wallet 615,"Lekki, a jednocześnie wyjątkowo solidny."
Powerful Container 7219,"Lekki, a jednocześnie wyjątkowo solidny."
Affordable Bench 8282,"Lekki, a jednocześnie wyjątkowo solidny."
Multi-Functional Shoe 8880,"Lekki, a jednocześnie wyjątkowo solidny."
Smart-Enabled Phone 5841,"Prosty, ale niezwykle funkcjonalny. idealny do codziennego użytku w domu i biurze."
Affordable Basket 1443,"Prosty, ale niezwykle funkcjonalny. idealny do codziennego użytku w domu i biurze."
Efficient Notebook 4816,Nowoczesny design pasujący do każdego wnętrza.
Dynamic Pen 1540,Doskonały jako prezent dla bliskiej osoby. idealny do codziennego użytku w domu i biurze.
Flexible Ring 6843,Zaprojektowany z myślą o komforcie użytkownika. doskonały jako prezent dla bliskiej osoby.
Soft Wallet 9133,Doskonały jako prezent dla bliskiej osoby.
Ergonomic Headphones 4695,Łatwy w utrzymaniu czystości i bardzo praktyczny. świetnie sprawdza się w podróży i codziennym użytkowaniu.
Foldable Drone 9532,Świetnie sprawdza się w podróży i codziennym użytkowaniu.
Modern Watch 119,"Lekki, a jednocześnie wyjątkowo solidny."
Eco-Safe Tablet 7461,Zaprojektowany z myślą o komforcie użytkownika. doskonały jako prezent dla bliskiej osoby.
Efficient Basket 4921,Wykonany z wysokiej jakości materiałów zapewniających trwałość.
Noise-Cancelling Router 2604,Wykonany z wysokiej jakości materiałów zapewniających trwałość.
Flexible Headphones 5114,"Prosty, ale niezwykle funkcjonalny. doskonały jako prezent dla bliskiej osoby."
Lightweight Monitor 787,"Lekki, a jednocześnie wyjątkowo solidny."
Smart Necklace 6700,"Lekki, a jednocześnie wyjątkowo solidny."
Waterproof Camera 3765,Doskonały jako prezent dla bliskiej osoby. nowoczesny design pasujący do każdego wnętrza.
Practical Cushion 2381,Wykonany z wysokiej jakości materiałów zapewniających trwałość.
Smart Ring 9064,Wykonany z wysokiej jakości materiałów zapewniających trwałość.
Powerful Table 505,Łatwy w utrzymaniu czystości i bardzo praktyczny.
Luxury Glove 493,"Lekki, a jednocześnie wyjątkowo solidny."
Noise-Cancelling Drill 4851,Świetnie sprawdza się w podróży i codziennym użytkowaniu.
Colorful Headphones 7996,"Prosty, ale niezwykle funkcjonalny. dzięki kompaktowym wymiarom łatwy do przenoszenia."
Luxury Pillow 5146,Doskonały jako prezent dla bliskiej osoby. idealny do codziennego użytku w domu i biurze.
Efficient Mat 1576,Doskonały jako prezent dla bliskiej osoby.
Adjustable Brush 1253,"Dzięki kompaktowym wymiarom łatwy do przenoszenia. lekki, a jednocześnie wyjątkowo solidny."
Customizable Cover 5461,Doskonały jako prezent dla bliskiej osoby. świetnie sprawdza się w podróży i codziennym użytkowaniu.
Portable Drill 9796,"Prosty, ale niezwykle funkcjonalny."
Stylish Umbrella 4375,Wykonany z wysokiej jakości materiałów zapewniających trwałość.
Foldable Tablet 4554,Świetnie sprawdza się w podróży i codziennym użytkowaniu. idealny do codziennego użytku w domu i biurze.
Precision Flashlight 3611,"Dzięki kompaktowym wymiarom łatwy do przenoszenia. prosty, ale niezwykle funkcjonalny."
Elegant Pen 243,"Świetnie sprawdza się w podróży i codziennym użytkowaniu. prosty, ale niezwykle funkcjonalny."
Ergonomic Glasses 8563,Dzięki kompaktowym wymiarom łatwy do przenoszenia. wykonany z wysokiej jakości materiałów zapewniających trwałość.
Colorful Wallet 2614,"Prosty, ale niezwykle funkcjonalny. świetnie sprawdza się w podróży i codziennym użytkowaniu."
Classic Lamp 9802,"Lekki, a jednocześnie wyjątkowo solidny. doskonały jako prezent dla bliskiej osoby."
Smart-Enabled Bag 3340,Idealny do codziennego użytku w domu i biurze.
Flexible Towel 5140,"Lekki, a jednocześnie wyjątkowo solidny."
Eco-Conscious Phone 4738,"Lekki, a jednocześnie wyjątkowo solidny."
Colorful Holder 6509,"Prosty, ale niezwykle funkcjonalny."
Compact Mat 6911,Świetnie sprawdza się w podróży i codziennym użytkowaniu.
Eco-Conscious Charger 2943,"Prosty, ale niezwykle funkcjonalny. nowoczesny design pasujący do każdego wnętrza."
Smart-Enabled Container 1101,"Idealny do codziennego użytku w domu i biurze. lekki, a jednocześnie wyjątkowo solidny."
Refined Toy 6934,"Lekki, a jednocześnie wyjątkowo solidny."
Efficient Holder 7741,Dzięki kompaktowym wymiarom łatwy do przenoszenia.
Luxury Speaker 2858,"Świetnie sprawdza się w podróży i codziennym użytkowaniu. prosty, ale niezwykle funkcjonalny."
Smart-Enabled Ring 1127,"Doskonały jako prezent dla bliskiej osoby. lekki, a jednocześnie wyjątkowo solidny."
Minimalist Shoe 1175,Doskonały jako prezent dla bliskiej osoby.
Rechargeable Blanket 4387,"Prosty, ale niezwykle funkcjonalny. zaprojektowany z myślą o komforcie użytkownika."
Eco-Conscious Stand 1162,Świetnie sprawdza się w podróży i codziennym użytkowaniu. idealny do codziennego użytku w domu i biurze.
Smart Router 7365,Zaprojektowany z myślą o komforcie użytkownika.
Rechargeable Glasses 3240,Łatwy w utrzymaniu czystości i bardzo praktyczny.
Powerful Chair 8014,Łatwy w utrzymaniu czystości i bardzo praktyczny. łatwy w utrzymaniu czystości i bardzo praktyczny.
Advanced Camera 8260,"Prosty, ale niezwykle funkcjonalny."
Eco-Safe Stand 6492,Wykonany z wysokiej jakości materiałów zapewniających trwałość. dzięki kompaktowym wymiarom łatwy do przenoszenia.
Customizable Fan 8551,"Lekki, a jednocześnie wyjątkowo solidny."
Flexible Camera 5957,Zaprojektowany z myślą o komforcie użytkownika.
Smart-Enabled Plate 8598,Zaprojektowany z myślą o komforcie użytkownika.
Robust Glove 6017,Świetnie sprawdza się w podróży i codziennym użytkowaniu.
Classic Bag 8952,Dzięki kompaktowym wymiarom łatwy do przenoszenia.
Luxury Clock 3640,"Łatwy w utrzymaniu czystości i bardzo praktyczny. lekki, a jednocześnie wyjątkowo solidny."
Customizable Flashlight 6175,Dzięki kompaktowym wymiarom łatwy do przenoszenia. doskonały jako prezent dla bliskiej osoby.
Reliable Necklace 5264,Zaprojektowany z myślą o komforcie użytkownika.
Eco-Safe Fan 3669,Zaprojektowany z myślą o komforcie użytkownika. łatwy w utrzymaniu czystości i bardzo praktyczny.
Magnetic Razor 5018,Wykonany z wysokiej jakości materiałów zapewniających trwałość.
Reliable Glove 5281,"Doskonały jako prezent dla bliskiej osoby. lekki, a jednocześnie wyjątkowo solidny."
High-Quality Speaker 6773,Dzięki kompaktowym wymiarom łatwy do przenoszenia. dzięki kompaktowym wymiarom łatwy do przenoszenia.
Durable Cushion 4674,Wykonany z wysokiej jakości materiałów zapewniających trwałość. nowoczesny design pasujący do każdego wnętrza.
Stylish Shoe 296,Nowoczesny design pasujący do każdego wnętrza. wykonany z wysokiej jakości materiałów zapewniających trwałość.
Colorful Cover 5659,"Prosty, ale niezwykle funkcjonalny."
Robust Razor 6068,Nowoczesny design pasujący do każdego wnętrza. zaprojektowany z myślą o komforcie użytkownika.
Foldable Headphones 8448,Nowoczesny design pasujący do każdego wnętrza. zaprojektowany z myślą o komforcie użytkownika.
Lightweight Cushion 8224,"Prosty, ale niezwykle funkcjonalny."
Ultra-Light Lamp 5887,"Prosty, ale niezwykle funkcjonalny."
Affordable Plate 1814,Łatwy w utrzymaniu czystości i bardzo praktyczny. zaprojektowany z myślą o komforcie użytkownika.
Luxury Basket 1444,"Lekki, a jednocześnie wyjątkowo solidny."
Energy-Saving Shelf 270,"Prosty, ale niezwykle funkcjonalny."
Ergonomic Mug 7648,Wykonany z wysokiej jakości materiałów zapewniających trwałość.
Eco-Conscious Shelf 9821,Świetnie sprawdza się w podróży i codziennym użytkowaniu.
Rechargeable Cup 1489,Idealny do codziennego użytku w domu i biurze.
Comfortable Flashlight 8095,Nowoczesny design pasujący do każdego wnętrza. doskonały jako prezent dla bliskiej osoby.
Smart-Enabled Fan 3039,Idealny do codziennego użytku w domu i biurze. nowoczesny design pasujący do każdego wnętrza.
Durable Table 2146,Doskonały jako prezent dla bliskiej osoby.
Soft Lamp 2146,Dzięki kompaktowym wymiarom łatwy do przenoszenia.
Refined Backpack 2270,Wykonany z wysokiej jakości materiałów zapewniających trwałość.
Dynamic Razor 7225,Nowoczesny design pasujący do każdego wnętrza. doskonały jako prezent dla bliskiej osoby.
Soft Belt 3369,Nowoczesny design pasujący do każdego wnętrza. świetnie sprawdza się w podróży i codziennym użytkowaniu.
Compact Brush 8652,"Idealny do codziennego użytku w domu i biurze. prosty, ale niezwykle funkcjonalny."
Minimalist Stand 252,Idealny do codziennego użytku w domu i biurze. wykonany z wysokiej jakości materiałów zapewniających trwałość.
Refined Case 4379,"Zaprojektowany z myślą o komforcie użytkownika. prosty, ale niezwykle funkcjonalny."
Refined Keyboard 3084,Łatwy w utrzymaniu czystości i bardzo praktyczny.
Portable Shelf 4378,Zaprojektowany z myślą o komforcie użytkownika. doskonały jako prezent dla bliskiej osoby.
Adjustable Cup 6380,Idealny do codziennego użytku w domu i biurze.
Comfortable Mug 2576,Doskonały jako prezent dla bliskiej osoby. zaprojektowany z myślą o komforcie użytkownika.
Durable Razor 7468,"Lekki, a jednocześnie wyjątkowo solidny. doskonały jako prezent dla bliskiej osoby."
Noise-Cancelling Fan 886,Łatwy w utrzymaniu czystości i bardzo praktyczny. idealny do codziennego użytku w domu i biurze.
Luxury Glasses 9972,"Prosty, ale niezwykle funkcjonalny. łatwy w utrzymaniu czystości i bardzo praktyczny."
Sustainable Tool 6243,"Świetnie sprawdza się w podróży i codziennym użytkowaniu. lekki, a jednocześnie wyjątkowo solidny."
Waterproof Keyboard 4455,Wykonany z wysokiej jakości materiałów zapewniających trwałość.
Colorful Mug 3235,Dzięki kompaktowym wymiarom łatwy do przenoszenia.
Soft Speaker 5750,"Łatwy w utrzymaniu czystości i bardzo praktyczny. lekki, a jednocześnie wyjątkowo solidny."
Innovative Jacket 1078,Dzięki kompaktowym wymiarom łatwy do przenoszenia.
Sustainable Powerbank 6474,Łatwy w utrzymaniu czystości i bardzo praktyczny.
Elegant Lamp 4188,Idealny do codziennego użytku w domu i biurze.
Stylish Camera 8087,Nowoczesny design pasujący do każdego wnętrza. świetnie sprawdza się w podróży i codziennym użytkowaniu.
Innovative Jacket 4848,Łatwy w utrzymaniu czystości i bardzo praktyczny.
Ergonomic Holder 1314,Idealny do codziennego użytku w domu i biurze.
High-Quality Brush 4530,"Zaprojektowany z myślą o komforcie użytkownika. lekki, a jednocześnie wyjątkowo solidny."
Eco-Conscious Clock 3119,Zaprojektowany z myślą o komforcie użytkownika.
High-Quality Ring 4946,Dzięki kompaktowym wymiarom łatwy do przenoszenia.
Multi-Functional Scarf 6391,Nowoczesny design pasujący do każdego wnętrza. wykonany z wysokiej jakości materiałów zapewniających trwałość.
Versatile Phone 627,Łatwy w utrzymaniu czystości i bardzo praktyczny.
Sustainable Bicycle 1282,Doskonały jako prezent dla bliskiej osoby.
Colorful Jacket 7719,Nowoczesny design pasujący do każdego wnętrza.
Modern Router 732,Wykonany z wysokiej jakości materiałów zapewniających trwałość.
Smart-Enabled Container 4862,Wykonany z wysokiej jakości materiałów zapewniających trwałość. wykonany z wysokiej jakości materiałów zapewniających trwałość.
Adjustable Keyboard 3145,Doskonały jako prezent dla bliskiej osoby. łatwy w utrzymaniu czystości i bardzo praktyczny.
Practical Mirror 1255,Świetnie sprawdza się w podróży i codziennym użytkowaniu. łatwy w utrzymaniu czystości i bardzo praktyczny.
Strong Keyboard 7543,Dzięki kompaktowym wymiarom łatwy do przenoszenia. świetnie sprawdza się w podróży i codziennym użytkowaniu.
Transparent Fan 7170,Dzięki kompaktowym wymiarom łatwy do przenoszenia. świetnie sprawdza się w podróży i codziennym użytkowaniu.
High-Quality Wallet 5594,Wykonany z wysokiej jakości materiałów zapewniających trwałość. nowoczesny design pasujący do każdego wnętrza.
Magnetic Cushion 6804,Idealny do codziennego użytku w domu i biurze. doskonały jako prezent dla bliskiej osoby.
Powerful Stand 2930,Doskonały jako prezent dla bliskiej osoby. zaprojektowany z myślą o komforcie użytkownika.
Multi-Functional Cable 2306,Łatwy w utrzymaniu czystości i bardzo praktyczny.
Waterproof Umbrella 6521,Świetnie sprawdza się w podróży i codziennym użytkowaniu. wykonany z wysokiej jakości materiałów zapewniających trwałość.
Affordable Box 4477,Świetnie sprawdza się w podróży i codziennym użytkowaniu.
Eco-Friendly Holder 2349,Zaprojektowany z myślą o komforcie użytkownika. łatwy w utrzymaniu czystości i bardzo praktyczny.
Luxury Mug 84,Dzięki kompaktowym wymiarom łatwy do przenoszenia.
Comfortable Scarf 3018,Doskonały jako prezent dla bliskiej osoby.
Affordable Wallet 4548,Dzięki kompaktowym wymiarom łatwy do przenoszenia. zaprojektowany z myślą o komforcie użytkownika.
Innovative Pillow 2092,Wykonany z wysokiej jakości materiałów zapewniających trwałość. nowoczesny design pasujący do każdego wnętrza.
Customizable Screen 6167,Zaprojektowany z myślą o komforcie użytkownika. łatwy w utrzymaniu czystości i bardzo praktyczny.
Noise-Cancelling Flashlight 202,Zaprojektowany z myślą o komforcie użytkownika.
Robust Umbrella 2402,Wykonany z wysokiej jakości materiałów zapewniających trwałość.
Lightweight Umbrella 3377,Świetnie sprawdza się w podróży i codziennym użytkowaniu.
Balanced Camera 4692,"Łatwy w utrzymaniu czystości i bardzo praktyczny. lekki, a jednocześnie wyjątkowo solidny."
Precision Frame 6674,Doskonały jako prezent dla bliskiej osoby. dzięki kompaktowym wymiarom łatwy do przenoszenia.
Elegant Necklace 2791,"Prosty, ale niezwykle funkcjonalny."
Compact Brush 2417,Dzięki kompaktowym wymiarom łatwy do przenoszenia.
Minimalist Necklace 324,"Prosty, ale niezwykle funkcjonalny. świetnie sprawdza się w podróży i codziennym użytkowaniu."
Ultra-Light Plate 1003,"Świetnie sprawdza się w podróży i codziennym użytkowaniu. prosty, ale niezwykle funkcjonalny."
Dynamic Cover 7845,Dzięki kompaktowym wymiarom łatwy do przenoszenia. nowoczesny design pasujący do każdego wnętrza.
Refined Towel 5809,Nowoczesny design pasujący do każdego wnętrza. idealny do codziennego użytku w domu i biurze.
Eco-Conscious Basket 3745,"Prosty, ale niezwykle funkcjonalny. dzięki kompaktowym wymiarom łatwy do przenoszenia."
Customizable Notebook 2077,Świetnie sprawdza się w podróży i codziennym użytkowaniu.
Elegant Ring 8573,Zaprojektowany z myślą o komforcie użytkownika. zaprojektowany z myślą o komforcie użytkownika.
Foldable Shelf 7214,Świetnie sprawdza się w podróży i codziennym użytkowaniu.
High-Quality Frame 8067,Doskonały jako prezent dla bliskiej osoby. świetnie sprawdza się w podróży i codziennym użytkowaniu.
Eco-Safe Speaker 3294,Łatwy w utrzymaniu czystości i bardzo praktyczny.
Premium-Grade Notebook 8488,Idealny do codziennego użytku w domu i biurze. doskonały jako prezent dla bliskiej osoby.
Luxury Cup 7278,Nowoczesny design pasujący do każdego wnętrza.
Multi-Functional Umbrella 8502,Łatwy w utrzymaniu czystości i bardzo praktyczny. zaprojektowany z myślą o komforcie użytkownika.
Elegant Router 2287,Idealny do codziennego użytku w domu i biurze. nowoczesny design pasujący do każdego wnętrza.
Magnetic Toy 8999,Zaprojektowany z myślą o komforcie użytkownika. świetnie sprawdza się w podróży i codziennym użytkowaniu.
Eco-Safe Brush 7983,Dzięki kompaktowym wymiarom łatwy do przenoszenia.
Robust Plate 9528,Łatwy w utrzymaniu czystości i bardzo praktyczny. idealny do codziennego użytku w domu i biurze.
Eco-Safe Bicycle 7738,Wykonany z wysokiej jakości materiałów zapewniających trwałość.
Ergonomic Towel 1572,Wykonany z wysokiej jakości materiałów zapewniających trwałość.
Ultra-Light Router 5910,Wykonany z wysokiej jakości materiałów zapewniających trwałość. zaprojektowany z myślą o komforcie użytkownika.
Eco-Safe Drone 2450,Nowoczesny design pasujący do każdego wnętrza. idealny do codziennego użytku w domu i biurze.
Precision Holder 7442,Łatwy w utrzymaniu czystości i bardzo praktyczny.
Eco-Conscious Fan 8657,Nowoczesny design pasujący do każdego wnętrza.
Precision Clock 1831,Dzięki kompaktowym wymiarom łatwy do przenoszenia. zaprojektowany z myślą o komforcie użytkownika.
Balanced Lamp 8075,"Lekki, a jednocześnie wyjątkowo solidny. łatwy w utrzymaniu czystości i bardzo praktyczny."
Powerful Keyboard 1620,Nowoczesny design pasujący do każdego wnętrza.
Soft Mirror 9121,"Lekki, a jednocześnie wyjątkowo solidny."
Magnetic Table 9557,Zaprojektowany z myślą o komforcie użytkownika.
Premium-Grade Bench 5389,"Prosty, ale niezwykle funkcjonalny."
Wireless Necklace 1469,Wykonany z wysokiej jakości materiałów zapewniających trwałość.
Noise-Cancelling Wallet 7257,Łatwy w utrzymaniu czystości i bardzo praktyczny. idealny do codziennego użytku w domu i biurze.
Durable Pillow 8386,Dzięki kompaktowym wymiarom łatwy do przenoszenia.
Dynamic Mouse 7446,"Lekki, a jednocześnie wyjątkowo solidny."
Refined Bag 4942,"Lekki, a jednocześnie wyjątkowo solidny. lekki, a jednocześnie wyjątkowo solidny."
Waterproof Stand 5761,"Lekki, a jednocześnie wyjątkowo solidny."
Adjustable Stand 2964,Doskonały jako prezent dla bliskiej osoby.
Dynamic Towel 8396,"Doskonały jako prezent dla bliskiej osoby. lekki, a jednocześnie wyjątkowo solidny."
Sustainable Notebook 5779,Idealny do codziennego użytku w domu i biurze.
Affordable Mat 4073,Doskonały jako prezent dla bliskiej osoby.
Precision Camera 3262,Idealny do codziennego użytku w domu i biurze.
Reliable Mouse 9546,"Prosty, ale niezwykle funkcjonalny. świetnie sprawdza się w podróży i codziennym użytkowaniu."
Adjustable Stand 5121,Idealny do codziennego użytku w domu i biurze. świetnie sprawdza się w podróży i codziennym użytkowaniu.
Adjustable Plate 8468,Zaprojektowany z myślą o komforcie użytkownika. łatwy w utrzymaniu czystości i bardzo praktyczny.
Modern Brush 6666,"Lekki, a jednocześnie wyjątkowo solidny."
Elegant Cushion 7071,Doskonały jako prezent dla bliskiej osoby.
Sustainable Keyboard 7383,Świetnie sprawdza się w podróży i codziennym użytkowaniu. wykonany z wysokiej jakości materiałów zapewniających trwałość.
Efficient Pillow 9543,Świetnie sprawdza się w podróży i codziennym użytkowaniu. świetnie sprawdza się w podróży i codziennym użytkowaniu.
Modern Cushion 9572,"Idealny do codziennego użytku w domu i biurze. prosty, ale niezwykle funkcjonalny."
Strong Bicycle 338,Świetnie sprawdza się w podróży i codziennym użytkowaniu.
Balanced Case 5386,Idealny do codziennego użytku w domu i biurze.
Colorful Router 6125,Dzięki kompaktowym wymiarom łatwy do przenoszenia.
Stylish Frame 4373,Idealny do codziennego użytku w domu i biurze.
Robust Bottle 8748,Idealny do codziennego użytku w domu i biurze. zaprojektowany z myślą o komforcie użytkownika.
Smart-Enabled Cup 3063,Doskonały jako prezent dla bliskiej osoby.
Durable Tripod 7578,"Lekki, a jednocześnie wyjątkowo solidny. świetnie sprawdza się w podróży i codziennym użytkowaniu."
Multi-Functional Mirror 3072,Idealny do codziennego użytku w domu i biurze. dzięki kompaktowym wymiarom łatwy do przenoszenia.
Customizable Keyboard 1149,Zaprojektowany z myślą o komforcie użytkownika. wykonany z wysokiej jakości materiałów zapewniających trwałość.
Transparent Fan 4016,Nowoczesny design pasujący do każdego wnętrza. świetnie sprawdza się w podróży i codziennym użytkowaniu.
Multi-Functional Brush 2251,"Lekki, a jednocześnie wyjątkowo solidny."
Practical Bottle 1543,"Prosty, ale niezwykle funkcjonalny."
Portable Case 6966,Zaprojektowany z myślą o komforcie użytkownika.
Minimalist Mouse 2887,"Lekki, a jednocześnie wyjątkowo solidny. dzięki kompaktowym wymiarom łatwy do przenoszenia."
Customizable Bench 7464,"Idealny do codziennego użytku w domu i biurze. lekki, a jednocześnie wyjątkowo solidny."
Eco-Conscious Bench 327,Dzięki kompaktowym wymiarom łatwy do przenoszenia.
Balanced Belt 9338,Łatwy w utrzymaniu czystości i bardzo praktyczny.
Classic Camera 4806,Dzięki kompaktowym wymiarom łatwy do przenoszenia. nowoczesny design pasujący do każdego wnętrza.
Premium Bag 1147,Wykonany z wysokiej jakości materiałów zapewniających trwałość. zaprojektowany z myślą o komforcie użytkownika.
Efficient Table 7002,Świetnie sprawdza się w podróży i codziennym użytkowaniu.
Rechargeable Bench 9046,"Prosty, ale niezwykle funkcjonalny. lekki, a jednocześnie wyjątkowo solidny."
Robust Mirror 1766,Łatwy w utrzymaniu czystości i bardzo praktyczny. wykonany z wysokiej jakości materiałów zapewniających trwałość.
Sustainable Flashlight 4990,Świetnie sprawdza się w podróży i codziennym użytkowaniu.
Sustainable Scarf 9052,"Doskonały jako prezent dla bliskiej osoby. lekki, a jednocześnie wyjątkowo solidny."
Reliable Powerbank 6432,Świetnie sprawdza się w podróży i codziennym użytkowaniu.
Wireless Cable 1536,Dzięki kompaktowym wymiarom łatwy do przenoszenia. wykonany z wysokiej jakości materiałów zapewniających trwałość.
Rechargeable Notebook 4906,Nowoczesny design pasujący do każdego wnętrza. dzięki kompaktowym wymiarom łatwy do przenoszenia.
Lightweight Mug 7765,Nowoczesny design pasujący do każdego wnętrza.
High-Quality Mouse 3178,Nowoczesny design pasujący do każdego wnętrza.
Modern Drill 2466,Nowoczesny design pasujący do każdego wnętrza.
Advanced Fan 295,Doskonały jako prezent dla bliskiej osoby.
Strong Mirror 3742,Idealny do codziennego użytku w domu i biurze. zaprojektowany z myślą o komforcie użytkownika.
Advanced Clock 9933,Świetnie sprawdza się w podróży i codziennym użytkowaniu. świetnie sprawdza się w podróży i codziennym użytkowaniu.
Efficient Plate 9461,Świetnie sprawdza się w podróży i codziennym użytkowaniu. zaprojektowany z myślą o komforcie użytkownika.
Eco-Friendly Frame 8877,Łatwy w utrzymaniu czystości i bardzo praktyczny.
Comfortable Frame 3566,"Prosty, ale niezwykle funkcjonalny."
Noise-Cancelling Container 6624,"Prosty, ale niezwykle funkcjonalny. wykonany z wysokiej jakości materiałów zapewniających trwałość."
Versatile Glasses 5384,Doskonały jako prezent dla bliskiej osoby. łatwy w utrzymaniu czystości i bardzo praktyczny.
Reliable Mat 6066,"Idealny do codziennego użytku w domu i biurze. lekki, a jednocześnie wyjątkowo solidny."
Affordable Tablet 4119,"Lekki, a jednocześnie wyjątkowo solidny."
Premium Powerbank 8610,Świetnie sprawdza się w podróży i codziennym użytkowaniu.
Affordable Tripod 4563,Łatwy w utrzymaniu czystości i bardzo praktyczny. wykonany z wysokiej jakości materiałów zapewniających trwałość.
Premium-Grade Glasses 2780,Wykonany z wysokiej jakości materiałów zapewniających trwałość. wykonany z wysokiej jakości materiałów zapewniających trwałość.
Advanced Razor 9262,Doskonały jako prezent dla bliskiej osoby.
Eco-Friendly Fan 7418,Nowoczesny design pasujący do każdego wnętrza.
Stylish Toy 8105,Nowoczesny design pasujący do każdego wnętrza. dzięki kompaktowym wymiarom łatwy do przenoszenia.
Multi-Functional Razor 1723,"Doskonały jako prezent dla bliskiej osoby. lekki, a jednocześnie wyjątkowo solidny."
Innovative Basket 627,Dzięki kompaktowym wymiarom łatwy do przenoszenia.
Classic Bottle 7416,Zaprojektowany z myślą o komforcie użytkownika.
Advanced Plate 29,Świetnie sprawdza się w podróży i codziennym użytkowaniu.
Premium Basket 1164,Świetnie sprawdza się w podróży i codziennym użytkowaniu.
Eco-Conscious Jacket 4611,Wykonany z wysokiej jakości materiałów zapewniających trwałość.
Waterproof Bag 2858,Idealny do codziennego użytku w domu i biurze.
Reliable Stand 1697,Zaprojektowany z myślą o komforcie użytkownika.
Soft Cup 9029,"Lekki, a jednocześnie wyjątkowo solidny."
Affordable Tablet 6489,Zaprojektowany z myślą o komforcie użytkownika.
Eco-Friendly Box 3451,Doskonały jako prezent dla bliskiej osoby. łatwy w utrzymaniu czystości i bardzo praktyczny.
Transparent Mat 8418,"Prosty, ale niezwykle funkcjonalny."
Sustainable Cover 3534,Świetnie sprawdza się w podróży i codziennym użytkowaniu.
Advanced Speaker 8171,Dzięki kompaktowym wymiarom łatwy do przenoszenia.
Compact Blanket 4840,Wykonany z wysokiej jakości materiałów zapewniających trwałość.
Stylish Screen 974,Nowoczesny design pasujący do każdego wnętrza.
Energy-Saving Holder 5508,Idealny do codziennego użytku w domu i biurze.
Ultra-Light Printer 533,Dzięki kompaktowym wymiarom łatwy do przenoszenia. doskonały jako prezent dla bliskiej osoby.
Portable Clock 2141,Nowoczesny design pasujący do każdego wnętrza. świetnie sprawdza się w podróży i codziennym użytkowaniu.
Advanced Charger 7657,"Idealny do codziennego użytku w domu i biurze. prosty, ale niezwykle funkcjonalny."
Waterproof Phone 2676,"Lekki, a jednocześnie wyjątkowo solidny."
Advanced Powerbank 7735,"Lekki, a jednocześnie wyjątkowo solidny."
Robust Ring 5087,Łatwy w utrzymaniu czystości i bardzo praktyczny.
Compact Phone 8668,Świetnie sprawdza się w podróży i codziennym użytkowaniu.
Dynamic Glove 868,Doskonały jako prezent dla bliskiej osoby. świetnie sprawdza się w podróży i codziennym użytkowaniu.
Waterproof Router 1695,Nowoczesny design pasujący do każdego wnętrza.
Balanced Monitor 191,Łatwy w utrzymaniu czystości i bardzo praktyczny.
Luxury Watch 550,"Lekki, a jednocześnie wyjątkowo solidny."
Classic Necklace 177,Doskonały jako prezent dla bliskiej osoby.
Ergonomic Charger 6791,Nowoczesny design pasujący do każdego wnętrza. nowoczesny design pasujący do każdego wnętrza.
Efficient Keyboard 2590,Zaprojektowany z myślą o komforcie użytkownika. zaprojektowany z myślą o komforcie użytkownika.
Adjustable Tablet 9934,"Lekki, a jednocześnie wyjątkowo solidny."
Innovative Tripod 8180,Łatwy w utrzymaniu czystości i bardzo praktyczny.
Colorful Monitor 973,Dzięki kompaktowym wymiarom łatwy do przenoszenia. nowoczesny design pasujący do każdego wnętrza.
Comfortable Chair 7603,Doskonały jako prezent dla bliskiej osoby.
Customizable Jacket 2810,"Doskonały jako prezent dla bliskiej osoby. lekki, a jednocześnie wyjątkowo solidny."
Premium Shelf 7825,Doskonały jako prezent dla bliskiej osoby.
Innovative Phone 1987,"Prosty, ale niezwykle funkcjonalny."
Waterproof Speaker 9896,Łatwy w utrzymaniu czystości i bardzo praktyczny.
Comfortable Basket 8555,Nowoczesny design pasujący do każdego wnętrza. zaprojektowany z myślą o komforcie użytkownika.
Innovative Tripod 6877,Doskonały jako prezent dla bliskiej osoby.
Noise-Cancelling Mirror 8117,Łatwy w utrzymaniu czystości i bardzo praktyczny.
Refined Shoe 8399,"Lekki, a jednocześnie wyjątkowo solidny. łatwy w utrzymaniu czystości i bardzo praktyczny."
Practical Shelf 2674,Wykonany z wysokiej jakości materiałów zapewniających trwałość.
Smart-Enabled Fan 8735,"Lekki, a jednocześnie wyjątkowo solidny."
Powerful Wallet 1661,Idealny do codziennego użytku w domu i biurze.
Classic Razor 5610,Nowoczesny design pasujący do każdego wnętrza.
Powerful Drill 7102,Doskonały jako prezent dla bliskiej osoby.
Magnetic Brush 1017,Zaprojektowany z myślą o komforcie użytkownika. wykonany z wysokiej jakości materiałów zapewniających trwałość.
Practical Case 8404,Idealny do codziennego użytku w domu i biurze. nowoczesny design pasujący do każdego wnętrza.
Modern Bench 4530,Dzięki kompaktowym wymiarom łatwy do przenoszenia.
Smart Wallet 7111,Nowoczesny design pasujący do każdego wnętrza.
High-Quality Watch 9656,Idealny do codziennego użytku w domu i biurze. idealny do codziennego użytku w domu i biurze.
Elegant Lamp 4830,Świetnie sprawdza się w podróży i codziennym użytkowaniu. świetnie sprawdza się w podróży i codziennym użytkowaniu.
Sustainable Table 6518,Idealny do codziennego użytku w domu i biurze. dzięki kompaktowym wymiarom łatwy do przenoszenia.
Robust Monitor 9784,Świetnie sprawdza się w podróży i codziennym użytkowaniu. świetnie sprawdza się w podróży i codziennym użytkowaniu.
Soft Cover 7218,Świetnie sprawdza się w podróży i codziennym użytkowaniu.
Eco-Conscious Frame 3510,Łatwy w utrzymaniu czystości i bardzo praktyczny. zaprojektowany z myślą o komforcie użytkownika.
Wireless Flashlight 2841,Wykonany z wysokiej jakości materiałów zapewniających trwałość. nowoczesny design pasujący do każdego wnętrza.
Colorful Mug 8617,Idealny do codziennego użytku w domu i biurze. wykonany z wysokiej jakości materiałów zapewniających trwałość.
Eco-Safe Ring 6677,"Lekki, a jednocześnie wyjątkowo solidny."
Lightweight Brush 3294,Wykonany z wysokiej jakości materiałów zapewniających trwałość.
Soft Basket 8994,Wykonany z wysokiej jakości materiałów zapewniających trwałość.
Adjustable Fan 9198,Dzięki kompaktowym wymiarom łatwy do przenoszenia. łatwy w utrzymaniu czystości i bardzo praktyczny.
Soft Basket 9802,Wykonany z wysokiej jakości materiałów zapewniających trwałość. zaprojektowany z myślą o komforcie użytkownika.
Affordable Fan 1648,"Prosty, ale niezwykle funkcjonalny. prosty, ale niezwykle funkcjonalny."
Precision Charger 402,Idealny do codziennego użytku w domu i biurze. świetnie sprawdza się w podróży i codziennym użytkowaniu.
Ergonomic Blanket 9945,"Zaprojektowany z myślą o komforcie użytkownika. prosty, ale niezwykle funkcjonalny."
Smart-Enabled Belt 2129,Świetnie sprawdza się w podróży i codziennym użytkowaniu.
Premium Container 5881,Idealny do codziennego użytku w domu i biurze. dzięki kompaktowym wymiarom łatwy do przenoszenia.
Rechargeable Necklace 8853,"Lekki, a jednocześnie wyjątkowo solidny."
Luxury Keyboard 3114,"Idealny do codziennego użytku w domu i biurze. prosty, ale niezwykle funkcjonalny."
Lightweight Router 1442,Idealny do codziennego użytku w domu i biurze.
Affordable Phone 7906,"Lekki, a jednocześnie wyjątkowo solidny. prosty, ale niezwykle funkcjonalny."
Refined Tablet 1832,Dzięki kompaktowym wymiarom łatwy do przenoszenia.
Eco-Conscious Screen 4374,Idealny do codziennego użytku w domu i biurze.
Efficient Jacket 1279,"Prosty, ale niezwykle funkcjonalny. idealny do codziennego użytku w domu i biurze."
Innovative Watch 2650,Łatwy w utrzymaniu czystości i bardzo praktyczny. idealny do codziennego użytku w domu i biurze.
Comfortable Glasses 8163,Świetnie sprawdza się w podróży i codziennym użytkowaniu.
Eco-Friendly Keyboard 4045,Doskonały jako prezent dla bliskiej osoby.
Sustainable Cover 7866,"Doskonały jako prezent dla bliskiej osoby. lekki, a jednocześnie wyjątkowo solidny."
Comfortable Shoe 3654,"Świetnie sprawdza się w podróży i codziennym użytkowaniu. lekki, a jednocześnie wyjątkowo solidny."
Compact Table 3939,Dzięki kompaktowym wymiarom łatwy do przenoszenia. świetnie sprawdza się w podróży i codziennym użytkowaniu.
Affordable Watch 3218,Wykonany z wysokiej jakości materiałów zapewniających trwałość. zaprojektowany z myślą o komforcie użytkownika.
Eco-Conscious Tripod 8940,Idealny do codziennego użytku w domu i biurze. wykonany z wysokiej jakości materiałów zapewniających trwałość.
Customizable Watch 3453,Nowoczesny design pasujący do każdego wnętrza. zaprojektowany z myślą o komforcie użytkownika.
Elegant Bottle 5662,Idealny do codziennego użytku w domu i biurze. dzięki kompaktowym wymiarom łatwy do przenoszenia.
Wireless Scarf 1956,Doskonały jako prezent dla bliskiej osoby.
Energy-Saving Wallet 9906,Wykonany z wysokiej jakości materiałów zapewniających trwałość. łatwy w utrzymaniu czystości i bardzo praktyczny.
Refined Glasses 8817,"Lekki, a jednocześnie wyjątkowo solidny."
Versatile Table 6121,Zaprojektowany z myślą o komforcie użytkownika. dzięki kompaktowym wymiarom łatwy do przenoszenia.
Smart-Enabled Lamp 8105,"Lekki, a jednocześnie wyjątkowo solidny."
Innovative Tablet 5449,"Lekki, a jednocześnie wyjątkowo solidny."
Soft Router 5056,Zaprojektowany z myślą o komforcie użytkownika.
Soft Tool 3612,Łatwy w utrzymaniu czystości i bardzo praktyczny.
Foldable Bicycle 4123,Zaprojektowany z myślą o komforcie użytkownika. doskonały jako prezent dla bliskiej osoby.
Efficient Watch 8119,Idealny do codziennego użytku w domu i biurze. dzięki kompaktowym wymiarom łatwy do przenoszenia.
Premium Case 7112,"Prosty, ale niezwykle funkcjonalny. zaprojektowany z myślą o komforcie użytkownika."
Luxury Mirror 7569,"Lekki, a jednocześnie wyjątkowo solidny."
Foldable Keyboard 5492,"Lekki, a jednocześnie wyjątkowo solidny."
Magnetic Necklace 9361,Nowoczesny design pasujący do każdego wnętrza.
Noise-Cancelling Case 7801,Nowoczesny design pasujący do każdego wnętrza.
Eco-Safe Watch 9488,Doskonały jako prezent dla bliskiej osoby. idealny do codziennego użytku w domu i biurze.
Flexible Plate 5194,Zaprojektowany z myślą o komforcie użytkownika.
Refined Pillow 8479,Idealny do codziennego użytku w domu i biurze. wykonany z wysokiej jakości materiałów zapewniających trwałość.
Colorful Printer 1428,Dzięki kompaktowym wymiarom łatwy do przenoszenia. zaprojektowany z myślą o komforcie użytkownika.
Modern Blanket 9951,"Prosty, ale niezwykle funkcjonalny."
Innovative Blanket 2850,"Doskonały jako prezent dla bliskiej osoby. lekki, a jednocześnie wyjątkowo solidny."
Modern Scarf 8845,Świetnie sprawdza się w podróży i codziennym użytkowaniu.
Dynamic Camera 583,Dzięki kompaktowym wymiarom łatwy do przenoszenia.
Waterproof Screen 1878,"Doskonały jako prezent dla bliskiej osoby. prosty, ale niezwykle funkcjonalny."
Balanced Keyboard 6107,Świetnie sprawdza się w podróży i codziennym użytkowaniu.
Stylish Cushion 5265,"Prosty, ale niezwykle funkcjonalny. doskonały jako prezent dla bliskiej osoby."
Sustainable Bottle 3799,Zaprojektowany z myślą o komforcie użytkownika. idealny do codziennego użytku w domu i biurze.
Classic Jacket 1725,Wykonany z wysokiej jakości materiałów zapewniających trwałość. nowoczesny design pasujący do każdego wnętrza.
Refined Necklace 3165,Świetnie sprawdza się w podróży i codziennym użytkowaniu. doskonały jako prezent dla bliskiej osoby.
Stylish Clock 6195,"Lekki, a jednocześnie wyjątkowo solidny. idealny do codziennego użytku w domu i biurze."
Eco-Friendly Umbrella 1289,Świetnie sprawdza się w podróży i codziennym użytkowaniu. łatwy w utrzymaniu czystości i bardzo praktyczny.
Smart Router 586,Zaprojektowany z myślą o komforcie użytkownika.
Energy-Saving Tool 3107,Idealny do codziennego użytku w domu i biurze.
Elegant Glasses 9996,Doskonały jako prezent dla bliskiej osoby. idealny do codziennego użytku w domu i biurze.
Noise-Cancelling Watch 8950,Doskonały jako prezent dla bliskiej osoby.
Affordable Stand 411,Dzięki kompaktowym wymiarom łatwy do przenoszenia.
Versatile Bottle 6217,Łatwy w utrzymaniu czystości i bardzo praktyczny.
Transparent Pillow 4748,"Prosty, ale niezwykle funkcjonalny."
Eco-Friendly Mug 1893,Doskonały jako prezent dla bliskiej osoby.
Premium-Grade Phone 6216,"Lekki, a jednocześnie wyjątkowo solidny. wykonany z wysokiej jakości materiałów zapewniających trwałość."
Ultra-Light Tripod 148,"Lekki, a jednocześnie wyjątkowo solidny."
Smart-Enabled Necklace 7159,"Prosty, ale niezwykle funkcjonalny. nowoczesny design pasujący do każdego wnętrza."
Portable Cup 8800,Łatwy w utrzymaniu czystości i bardzo praktyczny.
Classic Glove 3344,Świetnie sprawdza się w podróży i codziennym użytkowaniu.
Versatile Scarf 9832,Świetnie sprawdza się w podróży i codziennym użytkowaniu. doskonały jako prezent dla bliskiej osoby.
Advanced Drone 4118,Dzięki kompaktowym wymiarom łatwy do przenoszenia. doskonały jako prezent dla bliskiej osoby.
Foldable Router 7045,Łatwy w utrzymaniu czystości i bardzo praktyczny.
Adjustable Charger 5388,"Wykonany z wysokiej jakości materiałów zapewniających trwałość. lekki, a jednocześnie wyjątkowo solidny."
Portable Printer 1619,Zaprojektowany z myślą o komforcie użytkownika. nowoczesny design pasujący do każdego wnętrza.
Eco-Safe Shelf 3506,"Świetnie sprawdza się w podróży i codziennym użytkowaniu. lekki, a jednocześnie wyjątkowo solidny."
Practical Backpack 2167,Dzięki kompaktowym wymiarom łatwy do przenoszenia.
Precision Headphones 5878,Nowoczesny design pasujący do każdego wnętrza.
Eco-Safe Cup 5507,Idealny do codziennego użytku w domu i biurze.
Advanced Mirror 3457,"Lekki, a jednocześnie wyjątkowo solidny. zaprojektowany z myślą o komforcie użytkownika."
Energy-Saving Razor 3917,Nowoczesny design pasujący do każdego wnętrza. zaprojektowany z myślą o komforcie użytkownika.
Energy-Saving Charger 2881,"Wykonany z wysokiej jakości materiałów zapewniających trwałość. lekki, a jednocześnie wyjątkowo solidny."
Eco-Friendly Monitor 3170,"Lekki, a jednocześnie wyjątkowo solidny. świetnie sprawdza się w podróży i codziennym użytkowaniu."
Soft Pillow 5846,"Świetnie sprawdza się w podróży i codziennym użytkowaniu. lekki, a jednocześnie wyjątkowo solidny."
Customizable Lamp 8576,Wykonany z wysokiej jakości materiałów zapewniających trwałość. łatwy w utrzymaniu czystości i bardzo praktyczny.
Stylish Fan 7498,Idealny do codziennego użytku w domu i biurze.
Soft Holder 7216,Wykonany z wysokiej jakości materiałów zapewniających trwałość.
Ultra-Light Mirror 6024,Świetnie sprawdza się w podróży i codziennym użytkowaniu. idealny do codziennego użytku w domu i biurze.
Waterproof Clock 442,"Prosty, ale niezwykle funkcjonalny. idealny do codziennego użytku w domu i biurze."
Rechargeable Bottle 8515,Nowoczesny design pasujący do każdego wnętrza.
Rechargeable Shoe 7358,Nowoczesny design pasujący do każdego wnętrza. dzięki kompaktowym wymiarom łatwy do przenoszenia.
Waterproof Pen 1955,Idealny do codziennego użytku w domu i biurze.
Minimalist Watch 1869,Wykonany z wysokiej jakości materiałów zapewniających trwałość.
Advanced Fan 2581,Dzięki kompaktowym wymiarom łatwy do przenoszenia. idealny do codziennego użytku w domu i biurze.
Waterproof Drill 7608,Łatwy w utrzymaniu czystości i bardzo praktyczny.
Premium-Grade Wallet 9692,Doskonały jako prezent dla bliskiej osoby.
Colorful Mat 7247,Nowoczesny design pasujący do każdego wnętrza. idealny do codziennego użytku w domu i biurze.
Smart Mirror 5046,Nowoczesny design pasujący do każdego wnętrza.
Eco-Friendly Glasses 6283,Wykonany z wysokiej jakości materiałów zapewniających trwałość. wykonany z wysokiej jakości materiałów zapewniających trwałość.
Dynamic Basket 5880,Idealny do codziennego użytku w domu i biurze.
Portable Router 2769,Łatwy w utrzymaniu czystości i bardzo praktyczny.
Balanced Tool 3933,"Prosty, ale niezwykle funkcjonalny."
Eco-Conscious Plate 7271,Doskonały jako prezent dla bliskiej osoby.
Eco-Conscious Headphones 8271,Dzięki kompaktowym wymiarom łatwy do przenoszenia.
Flexible Jacket 3136,Doskonały jako prezent dla bliskiej osoby.
Refined Ring 3609,Zaprojektowany z myślą o komforcie użytkownika. dzięki kompaktowym wymiarom łatwy do przenoszenia.
Rechargeable Screen 3639,Doskonały jako prezent dla bliskiej osoby.
Soft Charger 1195,Idealny do codziennego użytku w domu i biurze.
Comfortable Glasses 7824,"Lekki, a jednocześnie wyjątkowo solidny."
Stylish Glove 7150,Zaprojektowany z myślą o komforcie użytkownika.
Waterproof Mouse 1578,Doskonały jako prezent dla bliskiej osoby. łatwy w utrzymaniu czystości i bardzo praktyczny.
Premium Frame 870,"Prosty, ale niezwykle funkcjonalny."
Waterproof Cup 1909,Idealny do codziennego użytku w domu i biurze.
Eco-Safe Glasses 5538,Świetnie sprawdza się w podróży i codziennym użytkowaniu. nowoczesny design pasujący do każdego wnętrza.
Multi-Functional Holder 1010,Idealny do codziennego użytku w domu i biurze. dzięki kompaktowym wymiarom łatwy do przenoszenia.
Premium-Grade Ring 7831,Dzięki kompaktowym wymiarom łatwy do przenoszenia. dzięki kompaktowym wymiarom łatwy do przenoszenia.
High-Quality Mat 3267,Nowoczesny design pasujący do każdego wnętrza. łatwy w utrzymaniu czystości i bardzo praktyczny.
Eco-Conscious Pen 3131,Nowoczesny design pasujący do każdego wnętrza.
Stylish Mug 4120,Wykonany z wysokiej jakości materiałów zapewniających trwałość. idealny do codziennego użytku w domu i biurze.
Colorful Brush 5277,Dzięki kompaktowym wymiarom łatwy do przenoszenia.
Portable Router 3539,"Prosty, ale niezwykle funkcjonalny."
Foldable Mouse 8813,Łatwy w utrzymaniu czystości i bardzo praktyczny.
Compact Container 1892,Nowoczesny design pasujący do każdego wnętrza.
Efficient Glasses 2215,Nowoczesny design pasujący do każdego wnętrza.
Magnetic Keyboard 4580,"Prosty, ale niezwykle funkcjonalny. idealny do codziennego użytku w domu i biurze."
Precision Cushion 8416,Zaprojektowany z myślą o komforcie użytkownika.
Practical Fan 3828,Zaprojektowany z myślą o komforcie użytkownika. doskonały jako prezent dla bliskiej osoby.
Reliable Blanket 3276,Idealny do codziennego użytku w domu i biurze. doskonały jako prezent dla bliskiej osoby.
Eco-Friendly Box 6214,Świetnie sprawdza się w podróży i codziennym użytkowaniu. łatwy w utrzymaniu czystości i bardzo praktyczny.
Classic Lamp 6559,Dzięki kompaktowym wymiarom łatwy do przenoszenia.
Compact Frame 6645,"Prosty, ale niezwykle funkcjonalny. lekki, a jednocześnie wyjątkowo solidny."
Customizable Glove 9561,Dzięki kompaktowym wymiarom łatwy do przenoszenia.
Efficient Toy 2563,Dzięki kompaktowym wymiarom łatwy do przenoszenia. łatwy w utrzymaniu czystości i bardzo praktyczny.
Lightweight Lamp 9951,"Lekki, a jednocześnie wyjątkowo solidny. prosty, ale niezwykle funkcjonalny."
Elegant Camera 9751,"Idealny do codziennego użytku w domu i biurze. lekki, a jednocześnie wyjątkowo solidny."
Affordable Wallet 137,"Świetnie sprawdza się w podróży i codziennym użytkowaniu. lekki, a jednocześnie wyjątkowo solidny."
Eco-Friendly Frame 469,"Lekki, a jednocześnie wyjątkowo solidny."
Versatile Towel 7569,"Lekki, a jednocześnie wyjątkowo solidny."
Waterproof Clock 8721,"Prosty, ale niezwykle funkcjonalny. zaprojektowany z myślą o komforcie użytkownika."
Eco-Safe Scarf 9977,Idealny do codziennego użytku w domu i biurze.
Strong Tablet 8855,"Prosty, ale niezwykle funkcjonalny."
Customizable Drone 6301,"Lekki, a jednocześnie wyjątkowo solidny. wykonany z wysokiej jakości materiałów zapewniających trwałość."
Comfortable Scarf 5688,Dzięki kompaktowym wymiarom łatwy do przenoszenia.
Eco-Friendly Table 366,Wykonany z wysokiej jakości materiałów zapewniających trwałość. doskonały jako prezent dla bliskiej osoby.
Luxury Watch 2387,Zaprojektowany z myślą o komforcie użytkownika.
Colorful Shoe 7409,"Prosty, ale niezwykle funkcjonalny. świetnie sprawdza się w podróży i codziennym użytkowaniu."
Multi-Functional Wallet 6768,Nowoczesny design pasujący do każdego wnętrza. dzięki kompaktowym wymiarom łatwy do przenoszenia.
Classic Glove 4580,Zaprojektowany z myślą o komforcie użytkownika. świetnie sprawdza się w podróży i codziennym użytkowaniu.
Magnetic Mug 6072,"Lekki, a jednocześnie wyjątkowo solidny. łatwy w utrzymaniu czystości i bardzo praktyczny."
Wireless Tool 4505,Wykonany z wysokiej jakości materiałów zapewniających trwałość.
Comfortable Router 5601,Wykonany z wysokiej jakości materiałów zapewniających trwałość. dzięki kompaktowym wymiarom łatwy do przenoszenia.
Strong Razor 2079,Nowoczesny design pasujący do każdego wnętrza. nowoczesny design pasujący do każdego wnętrza.
Comfortable Jacket 549,"Idealny do codziennego użytku w domu i biurze. prosty, ale niezwykle funkcjonalny."
Foldable Shoe 9723,Świetnie sprawdza się w podróży i codziennym użytkowaniu.
Adjustable Brush 3401,Dzięki kompaktowym wymiarom łatwy do przenoszenia. zaprojektowany z myślą o komforcie użytkownika.
Modern Cushion 3920,Nowoczesny design pasujący do każdego wnętrza. dzięki kompaktowym wymiarom łatwy do przenoszenia.
Advanced Cable 8667,Idealny do codziennego użytku w domu i biurze.
Flexible Tablet 1332,Zaprojektowany z myślą o komforcie użytkownika. zaprojektowany z myślą o komforcie użytkownika.
Multi-Functional Monitor 3486,"Lekki, a jednocześnie wyjątkowo solidny. prosty, ale niezwykle funkcjonalny."
Efficient Belt 3060,Świetnie sprawdza się w podróży i codziennym użytkowaniu. świetnie sprawdza się w podróży i codziennym użytkowaniu.
Classic Basket 5842,"Doskonały jako prezent dla bliskiej osoby. prosty, ale niezwykle funkcjonalny."
Ergonomic Blanket 9655,Wykonany z wysokiej jakości materiałów zapewniających trwałość. nowoczesny design pasujący do każdego wnętrza.
Transparent Mirror 4330,"Łatwy w utrzymaniu czystości i bardzo praktyczny. prosty, ale niezwykle funkcjonalny."
Practical Screen 6371,"Łatwy w utrzymaniu czystości i bardzo praktyczny. prosty, ale niezwykle funkcjonalny."
Flexible Basket 6379,"Łatwy w utrzymaniu czystości i bardzo praktyczny. prosty, ale niezwykle funkcjonalny."
Transparent Glasses 9511,Zaprojektowany z myślą o komforcie użytkownika.
Eco-Friendly Phone 8617,Idealny do codziennego użytku w domu i biurze.
Advanced Pillow 350,"Idealny do codziennego użytku w domu i biurze. lekki, a jednocześnie wyjątkowo solidny."
Classic Cable 8054,Dzięki kompaktowym wymiarom łatwy do przenoszenia. zaprojektowany z myślą o komforcie użytkownika.
Eco-Friendly Charger 3096,Dzięki kompaktowym wymiarom łatwy do przenoszenia.
Smart Cushion 9297,"Prosty, ale niezwykle funkcjonalny. łatwy w utrzymaniu czystości i bardzo praktyczny."
High-Quality Cable 2822,"Prosty, ale niezwykle funkcjonalny."
Lightweight Printer 2474,Idealny do codziennego użytku w domu i biurze. doskonały jako prezent dla bliskiej osoby.
Compact Razor 9547,"Nowoczesny design pasujący do każdego wnętrza. lekki, a jednocześnie wyjątkowo solidny."
Affordable Pen 796,Dzięki kompaktowym wymiarom łatwy do przenoszenia.
Foldable Bicycle 3708,Świetnie sprawdza się w podróży i codziennym użytkowaniu.
Smart-Enabled Pen 2906,"Lekki, a jednocześnie wyjątkowo solidny. lekki, a jednocześnie wyjątkowo solidny."
Strong Drone 2326,"Łatwy w utrzymaniu czystości i bardzo praktyczny. lekki, a jednocześnie wyjątkowo solidny."
Eco-Safe Monitor 7942,"Łatwy w utrzymaniu czystości i bardzo praktyczny. lekki, a jednocześnie wyjątkowo solidny."
Efficient Monitor 2421,"Nowoczesny design pasujący do każdego wnętrza. lekki, a jednocześnie wyjątkowo solidny."
Premium Bench 10,Łatwy w utrzymaniu czystości i bardzo praktyczny. świetnie sprawdza się w podróży i codziennym użytkowaniu.
Innovative Towel 852,Świetnie sprawdza się w podróży i codziennym użytkowaniu. łatwy w utrzymaniu czystości i bardzo praktyczny.
Luxury Phone 1968,Świetnie sprawdza się w podróży i codziennym użytkowaniu.
Sustainable Drill 9078,Idealny do codziennego użytku w domu i biurze.
Smart Bottle 2143,Zaprojektowany z myślą o komforcie użytkownika. wykonany z wysokiej jakości materiałów zapewniających trwałość.
Powerful Frame 7767,Dzięki kompaktowym wymiarom łatwy do przenoszenia. łatwy w utrzymaniu czystości i bardzo praktyczny.
Ultra-Light Shoe 5093,"Świetnie sprawdza się w podróży i codziennym użytkowaniu. lekki, a jednocześnie wyjątkowo solidny."
Sustainable Tripod 659,Doskonały jako prezent dla bliskiej osoby.
Smart-Enabled Razor 8641,Idealny do codziennego użytku w domu i biurze.
Luxury Pen 1978,Idealny do codziennego użytku w domu i biurze.
Compact Clock 9516,Świetnie sprawdza się w podróży i codziennym użytkowaniu.
Balanced Towel 3780,Nowoczesny design pasujący do każdego wnętrza. doskonały jako prezent dla bliskiej osoby.
Classic Headphones 6888,Dzięki kompaktowym wymiarom łatwy do przenoszenia.
Eco-Friendly Backpack 2747,Wykonany z wysokiej jakości materiałów zapewniających trwałość.
Rechargeable Brush 7148,"Świetnie sprawdza się w podróży i codziennym użytkowaniu. lekki, a jednocześnie wyjątkowo solidny."
Stylish Table 2170,Nowoczesny design pasujący do każdego wnętrza. doskonały jako prezent dla bliskiej osoby.
Balanced Pen 2100,Doskonały jako prezent dla bliskiej osoby.
Comfortable Printer 4672,"Wykonany z wysokiej jakości materiałów zapewniających trwałość. lekki, a jednocześnie wyjątkowo solidny."
Noise-Cancelling Router 9214,Wykonany z wysokiej jakości materiałów zapewniających trwałość.
Practical Notebook 4227,Świetnie sprawdza się w podróży i codziennym użytkowaniu. świetnie sprawdza się w podróży i codziennym użytkowaniu.
Practical Bag 5245,"Zaprojektowany z myślą o komforcie użytkownika. lekki, a jednocześnie wyjątkowo solidny."
Noise-Cancelling Mat 5211,"Idealny do codziennego użytku w domu i biurze. lekki, a jednocześnie wyjątkowo solidny."
Energy-Saving Bicycle 4175,Dzięki kompaktowym wymiarom łatwy do przenoszenia. świetnie sprawdza się w podróży i codziennym użytkowaniu.
Efficient Blanket 5357,"Prosty, ale niezwykle funkcjonalny. świetnie sprawdza się w podróży i codziennym użytkowaniu."
Durable Table 8217,Nowoczesny design pasujący do każdego wnętrza.
Wireless Lamp 6342,Nowoczesny design pasujący do każdego wnętrza. nowoczesny design pasujący do każdego wnętrza.
Eco-Conscious Tripod 1274,Łatwy w utrzymaniu czystości i bardzo praktyczny.
Balanced Phone 3484,Świetnie sprawdza się w podróży i codziennym użytkowaniu.
Reliable Frame 9318,"Lekki, a jednocześnie wyjątkowo solidny."
Noise-Cancelling Mug 9050,Doskonały jako prezent dla bliskiej osoby. dzięki kompaktowym wymiarom łatwy do przenoszenia.
Smart-Enabled Plate 5211,"Prosty, ale niezwykle funkcjonalny. idealny do codziennego użytku w domu i biurze."
Practical Scarf 6757,Łatwy w utrzymaniu czystości i bardzo praktyczny.
Customizable Razor 5132,"Lekki, a jednocześnie wyjątkowo solidny. idealny do codziennego użytku w domu i biurze."
Stylish Mouse 2122,"Zaprojektowany z myślą o komforcie użytkownika. prosty, ale niezwykle funkcjonalny."
Noise-Cancelling Frame 1433,"Prosty, ale niezwykle funkcjonalny."
Multi-Functional Box 259,Świetnie sprawdza się w podróży i codziennym użytkowaniu.
Practical Mat 4336,"Prosty, ale niezwykle funkcjonalny."
Energy-Saving Basket 6930,Łatwy w utrzymaniu czystości i bardzo praktyczny. świetnie sprawdza się w podróży i codziennym użytkowaniu.
Soft Tool 4373,"Łatwy w utrzymaniu czystości i bardzo praktyczny. lekki, a jednocześnie wyjątkowo solidny."
Portable Drone 1349,Zaprojektowany z myślą o komforcie użytkownika.
Efficient Frame 8503,"Prosty, ale niezwykle funkcjonalny."
Customizable Box 2911,Świetnie sprawdza się w podróży i codziennym użytkowaniu. dzięki kompaktowym wymiarom łatwy do przenoszenia.
Premium Headphones 4909,Dzięki kompaktowym wymiarom łatwy do przenoszenia.
Smart Pillow 1112,Doskonały jako prezent dla bliskiej osoby. dzięki kompaktowym wymiarom łatwy do przenoszenia.
Foldable Clock 8440,Łatwy w utrzymaniu czystości i bardzo praktyczny. idealny do codziennego użytku w domu i biurze.
Customizable Cup 6947,Świetnie sprawdza się w podróży i codziennym użytkowaniu. wykonany z wysokiej jakości materiałów zapewniających trwałość.
Comfortable Keyboard 6626,Świetnie sprawdza się w podróży i codziennym użytkowaniu. zaprojektowany z myślą o komforcie użytkownika.
Practical Belt 6950,"Lekki, a jednocześnie wyjątkowo solidny. łatwy w utrzymaniu czystości i bardzo praktyczny."
Adjustable Table 3132,Dzięki kompaktowym wymiarom łatwy do przenoszenia.
Eco-Conscious Powerbank 9881,Wykonany z wysokiej jakości materiałów zapewniających trwałość.
Robust Bicycle 6010,Zaprojektowany z myślą o komforcie użytkownika. zaprojektowany z myślą o komforcie użytkownika.
Powerful Case 4556,Nowoczesny design pasujący do każdego wnętrza. nowoczesny design pasujący do każdego wnętrza.
Comfortable Shoe 1260,Dzięki kompaktowym wymiarom łatwy do przenoszenia. dzięki kompaktowym wymiarom łatwy do przenoszenia.
Multi-Functional Powerbank 4952,"Wykonany z wysokiej jakości materiałów zapewniających trwałość. prosty, ale niezwykle funkcjonalny."
Transparent Mirror 2028,"Lekki, a jednocześnie wyjątkowo solidny. zaprojektowany z myślą o komforcie użytkownika."
Foldable Razor 4200,Wykonany z wysokiej jakości materiałów zapewniających trwałość.
Innovative Screen 9054,Zaprojektowany z myślą o komforcie użytkownika. dzięki kompaktowym wymiarom łatwy do przenoszenia.
Magnetic Stand 7509,Zaprojektowany z myślą o komforcie użytkownika.
Ultra-Light Stand 80,Doskonały jako prezent dla bliskiej osoby.
Modern Cushion 6477,Doskonały jako prezent dla bliskiej osoby.
Reliable Headphones 3662,Wykonany z wysokiej jakości materiałów zapewniających trwałość.
Noise-Cancelling Tablet 5665,"Lekki, a jednocześnie wyjątkowo solidny."
Efficient Jacket 549,Zaprojektowany z myślą o komforcie użytkownika.
Waterproof Case 9370,Świetnie sprawdza się w podróży i codziennym użytkowaniu. wykonany z wysokiej jakości materiałów zapewniających trwałość.
Rechargeable Lamp 417,Doskonały jako prezent dla bliskiej osoby. wykonany z wysokiej jakości materiałów zapewniających trwałość.
Strong Camera 6018,Wykonany z wysokiej jakości materiałów zapewniających trwałość.
Magnetic Backpack 6563,"Prosty, ale niezwykle funkcjonalny."
Eco-Safe Jacket 8911,"Prosty, ale niezwykle funkcjonalny."
Refined Necklace 7637,"Prosty, ale niezwykle funkcjonalny."
Foldable Toy 1948,Nowoczesny design pasujący do każdego wnętrza.
Foldable Cable 9817,Świetnie sprawdza się w podróży i codziennym użytkowaniu. świetnie sprawdza się w podróży i codziennym użytkowaniu.
Lightweight Container 7537,"Świetnie sprawdza się w podróży i codziennym użytkowaniu. prosty, ale niezwykle funkcjonalny."
Premium Mouse 1470,"Lekki, a jednocześnie wyjątkowo solidny. zaprojektowany z myślą o komforcie użytkownika."
Soft Tablet 3766,Wykonany z wysokiej jakości materiałów zapewniających trwałość. dzięki kompaktowym wymiarom łatwy do przenoszenia.
Energy-Saving Ring 1874,Łatwy w utrzymaniu czystości i bardzo praktyczny. nowoczesny design pasujący do każdego wnętrza.
Affordable Flashlight 7182,Dzięki kompaktowym wymiarom łatwy do przenoszenia.
Precision Glasses 2619,Dzięki kompaktowym wymiarom łatwy do przenoszenia. dzięki kompaktowym wymiarom łatwy do przenoszenia.
Balanced Bottle 454,Łatwy w utrzymaniu czystości i bardzo praktyczny.
Sustainable Holder 8252,Świetnie sprawdza się w podróży i codziennym użytkowaniu.
Colorful Box 790,Idealny do codziennego użytku w domu i biurze.
Magnetic Router 3326,"Lekki, a jednocześnie wyjątkowo solidny."
Foldable Cable 3227,Świetnie sprawdza się w podróży i codziennym użytkowaniu.
Strong Plate 5956,Zaprojektowany z myślą o komforcie użytkownika. nowoczesny design pasujący do każdego wnętrza.
Ergonomic Box 7878,Łatwy w utrzymaniu czystości i bardzo praktyczny. zaprojektowany z myślą o komforcie użytkownika.
High-Quality Necklace 3300,Łatwy w utrzymaniu czystości i bardzo praktyczny.
Multi-Functional Glove 1699,Wykonany z wysokiej jakości materiałów zapewniających trwałość.
Wireless Basket 367,Doskonały jako prezent dla bliskiej osoby.
Eco-Safe Glove 367,Idealny do codziennego użytku w domu i biurze.
Practical Notebook 5715,Wykonany z wysokiej jakości materiałów zapewniających trwałość. dzięki kompaktowym wymiarom łatwy do przenoszenia.
Practical Towel 9129,Nowoczesny design pasujący do każdego wnętrza. nowoczesny design pasujący do każdego wnętrza.
Smart-Enabled Glove 4508,"Lekki, a jednocześnie wyjątkowo solidny."
Robust Jacket 5356,"Łatwy w utrzymaniu czystości i bardzo praktyczny. lekki, a jednocześnie wyjątkowo solidny."
Premium-Grade Blanket 9334,Dzięki kompaktowym wymiarom łatwy do przenoszenia.
Waterproof Mouse 2308,Dzięki kompaktowym wymiarom łatwy do przenoszenia. dzięki kompaktowym wymiarom łatwy do przenoszenia.
Innovative Mat 8700,Świetnie sprawdza się w podróży i codziennym użytkowaniu. dzięki kompaktowym wymiarom łatwy do przenoszenia.
Classic Bicycle 1771,Świetnie sprawdza się w podróży i codziennym użytkowaniu. doskonały jako prezent dla bliskiej osoby.
Dynamic Tripod 715,Łatwy w utrzymaniu czystości i bardzo praktyczny.
Practical Wallet 9753,"Idealny do codziennego użytku w domu i biurze. prosty, ale niezwykle funkcjonalny."
Practical Drill 1365,Nowoczesny design pasujący do każdego wnętrza.
Versatile Glasses 2860,Doskonały jako prezent dla bliskiej osoby.
Compact Powerbank 2824,"Lekki, a jednocześnie wyjątkowo solidny."
Powerful Basket 7450,"Prosty, ale niezwykle funkcjonalny."
Eco-Safe Pen 6399,Doskonały jako prezent dla bliskiej osoby. doskonały jako prezent dla bliskiej osoby.
Versatile Ring 32,Idealny do codziennego użytku w domu i biurze. zaprojektowany z myślą o komforcie użytkownika.
Ultra-Light Ring 9724,Zaprojektowany z myślą o komforcie użytkownika. świetnie sprawdza się w podróży i codziennym użytkowaniu.
Transparent Razor 8439,Dzięki kompaktowym wymiarom łatwy do przenoszenia. wykonany z wysokiej jakości materiałów zapewniających trwałość.
Eco-Conscious Cable 7547,Idealny do codziennego użytku w domu i biurze.
Premium-Grade Ring 1874,Nowoczesny design pasujący do każdego wnętrza.
Soft Glasses 6175,Świetnie sprawdza się w podróży i codziennym użytkowaniu. nowoczesny design pasujący do każdego wnętrza.
Eco-Friendly Bicycle 3358,Świetnie sprawdza się w podróży i codziennym użytkowaniu. łatwy w utrzymaniu czystości i bardzo praktyczny.
Foldable Container 599,"Idealny do codziennego użytku w domu i biurze. prosty, ale niezwykle funkcjonalny."
Affordable Basket 3542,Świetnie sprawdza się w podróży i codziennym użytkowaniu.
Foldable Backpack 1241,Nowoczesny design pasujący do każdego wnętrza. dzięki kompaktowym wymiarom łatwy do przenoszenia.
Advanced Scarf 8638,Doskonały jako prezent dla bliskiej osoby. nowoczesny design pasujący do każdego wnętrza.
Lightweight Charger 2611,Świetnie sprawdza się w podróży i codziennym użytkowaniu.
Practical Tool 1830,Świetnie sprawdza się w podróży i codziennym użytkowaniu. świetnie sprawdza się w podróży i codziennym użytkowaniu.
Precision Table 369,Zaprojektowany z myślą o komforcie użytkownika. idealny do codziennego użytku w domu i biurze.
Robust Wallet 9958,Doskonały jako prezent dla bliskiej osoby.
Affordable Shelf 6333,Idealny do codziennego użytku w domu i biurze.
Transparent Toy 20,Nowoczesny design pasujący do każdego wnętrza.
Minimalist Tool 4942,Nowoczesny design pasujący do każdego wnętrza.
Powerful Shelf 1449,Świetnie sprawdza się w podróży i codziennym użytkowaniu. łatwy w utrzymaniu czystości i bardzo praktyczny.
Flexible Towel 650,"Prosty, ale niezwykle funkcjonalny. doskonały jako prezent dla bliskiej osoby."
Portable Jacket 5013,Nowoczesny design pasujący do każdego wnętrza. doskonały jako prezent dla bliskiej osoby.
Minimalist Keyboard 1833,Nowoczesny design pasujący do każdego wnętrza. dzięki kompaktowym wymiarom łatwy do przenoszenia.
Modern Frame 9999,Świetnie sprawdza się w podróży i codziennym użytkowaniu. świetnie sprawdza się w podróży i codziennym użytkowaniu.
Precision Watch 4674,Łatwy w utrzymaniu czystości i bardzo praktyczny.
Waterproof Backpack 4526,Dzięki kompaktowym wymiarom łatwy do przenoszenia. zaprojektowany z myślą o komforcie użytkownika.
Classic Drone 802,"Nowoczesny design pasujący do każdego wnętrza. prosty, ale niezwykle funkcjonalny."
Premium-Grade Cable 6441,Dzięki kompaktowym wymiarom łatwy do przenoszenia. łatwy w utrzymaniu czystości i bardzo praktyczny.
Luxury Monitor 6169,Doskonały jako prezent dla bliskiej osoby.
Flexible Razor 2830,Świetnie sprawdza się w podróży i codziennym użytkowaniu.
Transparent Cup 1572,Wykonany z wysokiej jakości materiałów zapewniających trwałość.
Comfortable Basket 6707,Świetnie sprawdza się w podróży i codziennym użytkowaniu. wykonany z wysokiej jakości materiałów zapewniających trwałość.
Lightweight Ring 3946,"Idealny do codziennego użytku w domu i biurze. prosty, ale niezwykle funkcjonalny."
Reliable Tripod 8562,Doskonały jako prezent dla bliskiej osoby.
Ergonomic Table 8445,Doskonały jako prezent dla bliskiej osoby. zaprojektowany z myślą o komforcie użytkownika.
Advanced Necklace 8808,Idealny do codziennego użytku w domu i biurze.
Modern Pillow 7574,Zaprojektowany z myślą o komforcie użytkownika.
Adjustable Cover 9781,Świetnie sprawdza się w podróży i codziennym użytkowaniu.
Comfortable Wallet 1951,Doskonały jako prezent dla bliskiej osoby.
Waterproof Cable 8595,Wykonany z wysokiej jakości materiałów zapewniających trwałość.
Elegant Keyboard 2176,Zaprojektowany z myślą o komforcie użytkownika.
Magnetic Tool 5214,Wykonany z wysokiej jakości materiałów zapewniających trwałość. wykonany z wysokiej jakości materiałów zapewniających trwałość.
Magnetic Mug 9791,"Lekki, a jednocześnie wyjątkowo solidny. doskonały jako prezent dla bliskiej osoby."
Premium-Grade Belt 4943,"Wykonany z wysokiej jakości materiałów zapewniających trwałość. lekki, a jednocześnie wyjątkowo solidny."
Compact Table 5896,Zaprojektowany z myślą o komforcie użytkownika. wykonany z wysokiej jakości materiałów zapewniających trwałość.
Powerful Table 7067,Dzięki kompaktowym wymiarom łatwy do przenoszenia.
Adjustable Umbrella 9384,"Nowoczesny design pasujący do każdego wnętrza. lekki, a jednocześnie wyjątkowo solidny."
Colorful Chair 2433,Zaprojektowany z myślą o komforcie użytkownika.
Stylish Scarf 35,"Doskonały jako prezent dla bliskiej osoby. prosty, ale niezwykle funkcjonalny."
Noise-Cancelling Monitor 8648,"Prosty, ale niezwykle funkcjonalny."
Precision Frame 4457,Zaprojektowany z myślą o komforcie użytkownika.
Sustainable Basket 6336,Idealny do codziennego użytku w domu i biurze. świetnie sprawdza się w podróży i codziennym użytkowaniu.
Portable Towel 6940,Łatwy w utrzymaniu czystości i bardzo praktyczny.
Classic Speaker 7804,"Prosty, ale niezwykle funkcjonalny. prosty, ale niezwykle funkcjonalny."
Refined Chair 510,"Lekki, a jednocześnie wyjątkowo solidny."
Practical Phone 9519,Dzięki kompaktowym wymiarom łatwy do przenoszenia. świetnie sprawdza się w podróży i codziennym użytkowaniu.
Durable Bag 9991,Zaprojektowany z myślą o komforcie użytkownika.
Magnetic Necklace 5069,Wykonany z wysokiej jakości materiałów zapewniających trwałość. wykonany z wysokiej jakości materiałów zapewniających trwałość.
Rechargeable Tripod 8789,Świetnie sprawdza się w podróży i codziennym użytkowaniu.
Elegant Clock 1242,Doskonały jako prezent dla bliskiej osoby. doskonały jako prezent dla bliskiej osoby.
Foldable Mirror 3118,"Lekki, a jednocześnie wyjątkowo solidny. świetnie sprawdza się w podróży i codziennym użytkowaniu."
Premium-Grade Container 2864,Dzięki kompaktowym wymiarom łatwy do przenoszenia. wykonany z wysokiej jakości materiałów zapewniających trwałość.
Adjustable Powerbank 4156,"Zaprojektowany z myślą o komforcie użytkownika. lekki, a jednocześnie wyjątkowo solidny."
Premium Shoe 3969,Idealny do codziennego użytku w domu i biurze.
Flexible Monitor 2548,Świetnie sprawdza się w podróży i codziennym użytkowaniu. nowoczesny design pasujący do każdego wnętrza.
Premium Printer 8088,"Dzięki kompaktowym wymiarom łatwy do przenoszenia. prosty, ale niezwykle funkcjonalny."
Balanced Wallet 8388,Wykonany z wysokiej jakości materiałów zapewniających trwałość. doskonały jako prezent dla bliskiej osoby.
Lightweight Lamp 3721,Idealny do codziennego użytku w domu i biurze. wykonany z wysokiej jakości materiałów zapewniających trwałość.
Comfortable Shoe 3113,Idealny do codziennego użytku w domu i biurze. wykonany z wysokiej jakości materiałów zapewniających trwałość.
Rechargeable Phone 4525,Idealny do codziennego użytku w domu i biurze.
Strong Shoe 5214,Dzięki kompaktowym wymiarom łatwy do przenoszenia.
Noise-Cancelling Flashlight 8327,Wykonany z wysokiej jakości materiałów zapewniających trwałość. doskonały jako prezent dla bliskiej osoby.
Efficient Tablet 9089,Zaprojektowany z myślą o komforcie użytkownika. zaprojektowany z myślą o komforcie użytkownika.
Customizable Belt 875,"Prosty, ale niezwykle funkcjonalny. wykonany z wysokiej jakości materiałów zapewniających trwałość."
Noise-Cancelling Holder 6271,Nowoczesny design pasujący do każdego wnętrza.
Adjustable Watch 9332,Nowoczesny design pasujący do każdego wnętrza.
Durable Glove 9662,"Idealny do codziennego użytku w domu i biurze. prosty, ale niezwykle funkcjonalny."
Wireless Bag 7510,Nowoczesny design pasujący do każdego wnętrza. wykonany z wysokiej jakości materiałów zapewniających trwałość.
Transparent Cover 7852,Wykonany z wysokiej jakości materiałów zapewniających trwałość.
Reliable Speaker 9897,"Prosty, ale niezwykle funkcjonalny. nowoczesny design pasujący do każdego wnętrza."
Advanced Monitor 6062,Zaprojektowany z myślą o komforcie użytkownika.
Lightweight Brush 1923,"Wykonany z wysokiej jakości materiałów zapewniających trwałość. prosty, ale niezwykle funkcjonalny."
Ergonomic Drill 8401,Nowoczesny design pasujący do każdego wnętrza. dzięki kompaktowym wymiarom łatwy do przenoszenia.
Versatile Cable 8451,"Lekki, a jednocześnie wyjątkowo solidny. zaprojektowany z myślą o komforcie użytkownika."
Sustainable Wallet 6707,Świetnie sprawdza się w podróży i codziennym użytkowaniu.
Ultra-Light Watch 1139,Wykonany z wysokiej jakości materiałów zapewniających trwałość. doskonały jako prezent dla bliskiej osoby.
Energy-Saving Printer 6321,Wykonany z wysokiej jakości materiałów zapewniających trwałość.
Smart Bicycle 8989,Idealny do codziennego użytku w domu i biurze. świetnie sprawdza się w podróży i codziennym użytkowaniu.
Efficient Razor 7140,Świetnie sprawdza się w podróży i codziennym użytkowaniu. świetnie sprawdza się w podróży i codziennym użytkowaniu.
Reliable Pen 6817,Nowoczesny design pasujący do każdego wnętrza.
Stylish Screen 789,Świetnie sprawdza się w podróży i codziennym użytkowaniu.
Refined Scarf 9309,Doskonały jako prezent dla bliskiej osoby. dzięki kompaktowym wymiarom łatwy do przenoszenia.
Durable Belt 8515,"Lekki, a jednocześnie wyjątkowo solidny."
Portable Mat 5484,"Lekki, a jednocześnie wyjątkowo solidny. zaprojektowany z myślą o komforcie użytkownika."
Noise-Cancelling Blanket 7093,Idealny do codziennego użytku w domu i biurze.
Rechargeable Pillow 2001,Nowoczesny design pasujący do każdego wnętrza.
Premium-Grade Router 9735,"Dzięki kompaktowym wymiarom łatwy do przenoszenia. lekki, a jednocześnie wyjątkowo solidny."
Classic Mirror 9113,Dzięki kompaktowym wymiarom łatwy do przenoszenia.
Noise-Cancelling Drill 3966,Łatwy w utrzymaniu czystości i bardzo praktyczny. zaprojektowany z myślą o komforcie użytkownika.
Multi-Functional Mug 9576,"Nowoczesny design pasujący do każdego wnętrza. prosty, ale niezwykle funkcjonalny."
Sustainable Frame 4349,"Świetnie sprawdza się w podróży i codziennym użytkowaniu. prosty, ale niezwykle funkcjonalny."
High-Quality Mug 5967,Zaprojektowany z myślą o komforcie użytkownika. zaprojektowany z myślą o komforcie użytkownika.
Rechargeable Mug 56,Zaprojektowany z myślą o komforcie użytkownika. dzięki kompaktowym wymiarom łatwy do przenoszenia.
Smart Speaker 2787,Doskonały jako prezent dla bliskiej osoby.
Multi-Functional Lamp 7416,Dzięki kompaktowym wymiarom łatwy do przenoszenia. doskonały jako prezent dla bliskiej osoby.
Balanced Router 2721,"Lekki, a jednocześnie wyjątkowo solidny."
Smart Necklace 6906,Wykonany z wysokiej jakości materiałów zapewniających trwałość.
Stylish Shoe 1828,Nowoczesny design pasujący do każdego wnętrza. zaprojektowany z myślą o komforcie użytkownika.
Eco-Friendly Glasses 6309,Zaprojektowany z myślą o komforcie użytkownika.
Classic Speaker 3769,"Nowoczesny design pasujący do każdego wnętrza. prosty, ale niezwykle funkcjonalny."
Eco-Friendly Fan 7345,Idealny do codziennego użytku w domu i biurze. zaprojektowany z myślą o komforcie użytkownika.
Flexible Cup 9358,Dzięki kompaktowym wymiarom łatwy do przenoszenia. dzięki kompaktowym wymiarom łatwy do przenoszenia.
Lightweight Tool 5898,"Prosty, ale niezwykle funkcjonalny."
Practical Bag 1261,Dzięki kompaktowym wymiarom łatwy do przenoszenia.
Reliable Powerbank 5568,Świetnie sprawdza się w podróży i codziennym użytkowaniu.
Minimalist Bottle 7813,Świetnie sprawdza się w podróży i codziennym użytkowaniu. nowoczesny design pasujący do każdego wnętrza.
Premium Glasses 3481,Nowoczesny design pasujący do każdego wnętrza. nowoczesny design pasujący do każdego wnętrza.
Practical Basket 1397,"Prosty, ale niezwykle funkcjonalny."
Smart-Enabled Razor 4981,"Lekki, a jednocześnie wyjątkowo solidny. nowoczesny design pasujący do każdego wnętrza."
Eco-Conscious Cup 5938,Idealny do codziennego użytku w domu i biurze. dzięki kompaktowym wymiarom łatwy do przenoszenia.
Foldable Camera 2761,Łatwy w utrzymaniu czystości i bardzo praktyczny. zaprojektowany z myślą o komforcie użytkownika.
Compact Chair 9219,Świetnie sprawdza się w podróży i codziennym użytkowaniu.
Premium-Grade Jacket 7025,Świetnie sprawdza się w podróży i codziennym użytkowaniu. idealny do codziennego użytku w domu i biurze.
Powerful Mouse 6021,Idealny do codziennego użytku w domu i biurze. wykonany z wysokiej jakości materiałów zapewniających trwałość.
Eco-Conscious Jacket 955,"Prosty, ale niezwykle funkcjonalny."
Practical Cushion 4624,Wykonany z wysokiej jakości materiałów zapewniających trwałość. wykonany z wysokiej jakości materiałów zapewniających trwałość.
Transparent Cup 4784,"Lekki, a jednocześnie wyjątkowo solidny. nowoczesny design pasujący do każdego wnętrza."
Stylish Brush 2199,Wykonany z wysokiej jakości materiałów zapewniających trwałość.
Minimalist Necklace 9363,Doskonały jako prezent dla bliskiej osoby.
Strong Bag 1556,Nowoczesny design pasujący do każdego wnętrza.
Robust Blanket 4139,Nowoczesny design pasujący do każdego wnętrza.
Energy-Saving Shelf 5027,Świetnie sprawdza się w podróży i codziennym użytkowaniu.
Classic Bag 9638,Nowoczesny design pasujący do każdego wnętrza. łatwy w utrzymaniu czystości i bardzo praktyczny.
Reliable Cup 2035,Dzięki kompaktowym wymiarom łatwy do przenoszenia. nowoczesny design pasujący do każdego wnętrza.
Practical Watch 1612,Świetnie sprawdza się w podróży i codziennym użytkowaniu.
Powerful Umbrella 4728,Idealny do codziennego użytku w domu i biurze. idealny do codziennego użytku w domu i biurze.
Powerful Plate 4199,"Idealny do codziennego użytku w domu i biurze. lekki, a jednocześnie wyjątkowo solidny."
Eco-Safe Drone 5166,Doskonały jako prezent dla bliskiej osoby.
Eco-Conscious Tablet 5685,Nowoczesny design pasujący do każdego wnętrza. łatwy w utrzymaniu czystości i bardzo praktyczny.
Energy-Saving Bottle 4064,Łatwy w utrzymaniu czystości i bardzo praktyczny.
Affordable Holder 2791,Łatwy w utrzymaniu czystości i bardzo praktyczny.
Powerful Mat 443,Łatwy w utrzymaniu czystości i bardzo praktyczny. łatwy w utrzymaniu czystości i bardzo praktyczny.
Reliable Mat 9427,Zaprojektowany z myślą o komforcie użytkownika. dzięki kompaktowym wymiarom łatwy do przenoszenia.
Efficient Lamp 8426,Nowoczesny design pasujący do każdego wnętrza. wykonany z wysokiej jakości materiałów zapewniających trwałość.
Precision Cushion 9166,"Zaprojektowany z myślą o komforcie użytkownika. prosty, ale niezwykle funkcjonalny."
Refined Watch 5226,Doskonały jako prezent dla bliskiej osoby. doskonały jako prezent dla bliskiej osoby.
Smart Glove 8677,Idealny do codziennego użytku w domu i biurze.
Eco-Conscious Fan 6565,"Doskonały jako prezent dla bliskiej osoby. lekki, a jednocześnie wyjątkowo solidny."
Luxury Monitor 7820,"Prosty, ale niezwykle funkcjonalny."
Versatile Container 2195,Świetnie sprawdza się w podróży i codziennym użytkowaniu. nowoczesny design pasujący do każdego wnętrza.
Efficient Toy 2486,"Lekki, a jednocześnie wyjątkowo solidny. prosty, ale niezwykle funkcjonalny."
Transparent Clock 3344,"Prosty, ale niezwykle funkcjonalny. lekki, a jednocześnie wyjątkowo solidny."
Smart Powerbank 6746,Dzięki kompaktowym wymiarom łatwy do przenoszenia.
Magnetic Mouse 8708,Zaprojektowany z myślą o komforcie użytkownika.
Comfortable Fan 3046,"Dzięki kompaktowym wymiarom łatwy do przenoszenia. lekki, a jednocześnie wyjątkowo solidny."
Robust Tool 2204,Świetnie sprawdza się w podróży i codziennym użytkowaniu. zaprojektowany z myślą o komforcie użytkownika.
Ergonomic Pen 6477,"Prosty, ale niezwykle funkcjonalny. łatwy w utrzymaniu czystości i bardzo praktyczny."
Innovative Basket 6779,Dzięki kompaktowym wymiarom łatwy do przenoszenia.
Waterproof Clock 1114,Idealny do codziennego użytku w domu i biurze.
Practical Mug 2355,Idealny do codziennego użytku w domu i biurze.
Luxury Notebook 5658,Zaprojektowany z myślą o komforcie użytkownika. świetnie sprawdza się w podróży i codziennym użytkowaniu.
Rechargeable Umbrella 4117,"Wykonany z wysokiej jakości materiałów zapewniających trwałość. prosty, ale niezwykle funkcjonalny."
Portable Bench 6989,Wykonany z wysokiej jakości materiałów zapewniających trwałość.
Portable Fan 1641,Wykonany z wysokiej jakości materiałów zapewniających trwałość. wykonany z wysokiej jakości materiałów zapewniających trwałość.
Lightweight Mouse 9619,Łatwy w utrzymaniu czystości i bardzo praktyczny. łatwy w utrzymaniu czystości i bardzo praktyczny.
Versatile Towel 7170,Doskonały jako prezent dla bliskiej osoby. zaprojektowany z myślą o komforcie użytkownika.
Robust Razor 488,Zaprojektowany z myślą o komforcie użytkownika.
Noise-Cancelling Case 9963,"Prosty, ale niezwykle funkcjonalny."
Robust Camera 1080,Nowoczesny design pasujący do każdego wnętrza.
Strong Keyboard 6353,Dzięki kompaktowym wymiarom łatwy do przenoszenia.
Portable Scarf 4938,Idealny do codziennego użytku w domu i biurze.
Waterproof Monitor 5635,Idealny do codziennego użytku w domu i biurze. zaprojektowany z myślą o komforcie użytkownika.
Classic Cup 1491,Świetnie sprawdza się w podróży i codziennym użytkowaniu. zaprojektowany z myślą o komforcie użytkownika.
Powerful Router 2693,"Łatwy w utrzymaniu czystości i bardzo praktyczny. prosty, ale niezwykle funkcjonalny."
Advanced Backpack 6595,"Prosty, ale niezwykle funkcjonalny. łatwy w utrzymaniu czystości i bardzo praktyczny."
Magnetic Lamp 6017,"Łatwy w utrzymaniu czystości i bardzo praktyczny. prosty, ale niezwykle funkcjonalny."
Eco-Friendly Cushion 6369,Wykonany z wysokiej jakości materiałów zapewniających trwałość. świetnie sprawdza się w podróży i codziennym użytkowaniu.
Luxury Cushion 8596,Nowoczesny design pasujący do każdego wnętrza. doskonały jako prezent dla bliskiej osoby.
Premium-Grade Table 4520,"Doskonały jako prezent dla bliskiej osoby. lekki, a jednocześnie wyjątkowo solidny."
Customizable Keyboard 5528,"Wykonany z wysokiej jakości materiałów zapewniających trwałość. prosty, ale niezwykle funkcjonalny."
Versatile Case 8646,Nowoczesny design pasujący do każdego wnętrza. nowoczesny design pasujący do każdego wnętrza.
Stylish Fan 746,Idealny do codziennego użytku w domu i biurze. zaprojektowany z myślą o komforcie użytkownika.
Practical Cable 853,Nowoczesny design pasujący do każdego wnętrza. dzięki kompaktowym wymiarom łatwy do przenoszenia.
Waterproof Brush 496,Dzięki kompaktowym wymiarom łatwy do przenoszenia.
Compact Chair 7257,Wykonany z wysokiej jakości materiałów zapewniających trwałość. idealny do codziennego użytku w domu i biurze.
Durable Toy 4907,Łatwy w utrzymaniu czystości i bardzo praktyczny. dzięki kompaktowym wymiarom łatwy do przenoszenia.
High-Quality Mug 1408,"Prosty, ale niezwykle funkcjonalny."
Strong Speaker 3032,Zaprojektowany z myślą o komforcie użytkownika. łatwy w utrzymaniu czystości i bardzo praktyczny.
Practical Blanket 4238,Zaprojektowany z myślą o komforcie użytkownika. łatwy w utrzymaniu czystości i bardzo praktyczny.
Flexible Cable 1332,Dzięki kompaktowym wymiarom łatwy do przenoszenia. zaprojektowany z myślą o komforcie użytkownika.
Strong Tablet 2003,"Prosty, ale niezwykle funkcjonalny. świetnie sprawdza się w podróży i codziennym użytkowaniu."
Balanced Frame 2016,"Prosty, ale niezwykle funkcjonalny. dzięki kompaktowym wymiarom łatwy do przenoszenia."
Wireless Container 3297,Dzięki kompaktowym wymiarom łatwy do przenoszenia.
Premium Router 489,Wykonany z wysokiej jakości materiałów zapewniających trwałość. idealny do codziennego użytku w domu i biurze.
Smart Necklace 9926,"Lekki, a jednocześnie wyjątkowo solidny. doskonały jako prezent dla bliskiej osoby."
Eco-Safe Tripod 8007,Wykonany z wysokiej jakości materiałów zapewniających trwałość. idealny do codziennego użytku w domu i biurze.
Premium-Grade Razor 5923,"Dzięki kompaktowym wymiarom łatwy do przenoszenia. prosty, ale niezwykle funkcjonalny."
Compact Plate 2444,Łatwy w utrzymaniu czystości i bardzo praktyczny. zaprojektowany z myślą o komforcie użytkownika.
Rechargeable Headphones 3782,Łatwy w utrzymaniu czystości i bardzo praktyczny.
Minimalist Umbrella 218,Idealny do codziennego użytku w domu i biurze.
High-Quality Monitor 6072,Wykonany z wysokiej jakości materiałów zapewniających trwałość.
Robust Monitor 7877,Wykonany z wysokiej jakości materiałów zapewniających trwałość.
Adjustable Bottle 800,Dzięki kompaktowym wymiarom łatwy do przenoszenia.
Robust Umbrella 8158,Idealny do codziennego użytku w domu i biurze.
Colorful Wallet 9775,Wykonany z wysokiej jakości materiałów zapewniających trwałość.
Practical Monitor 1521,Idealny do codziennego użytku w domu i biurze.
Efficient Chair 196,"Wykonany z wysokiej jakości materiałów zapewniających trwałość. lekki, a jednocześnie wyjątkowo solidny."
Eco-Conscious Umbrella 4099,"Idealny do codziennego użytku w domu i biurze. prosty, ale niezwykle funkcjonalny."
Innovative Charger 7749,Łatwy w utrzymaniu czystości i bardzo praktyczny. doskonały jako prezent dla bliskiej osoby.
Precision Speaker 2685,Świetnie sprawdza się w podróży i codziennym użytkowaniu. dzięki kompaktowym wymiarom łatwy do przenoszenia.
Robust Shelf 1883,Dzięki kompaktowym wymiarom łatwy do przenoszenia. łatwy w utrzymaniu czystości i bardzo praktyczny.
Balanced Case 5173,Dzięki kompaktowym wymiarom łatwy do przenoszenia.
Sustainable Container 7439,Świetnie sprawdza się w podróży i codziennym użytkowaniu. idealny do codziennego użytku w domu i biurze.
Lightweight Mat 5978,"Wykonany z wysokiej jakości materiałów zapewniających trwałość. lekki, a jednocześnie wyjątkowo solidny."
Compact Watch 4752,"Łatwy w utrzymaniu czystości i bardzo praktyczny. lekki, a jednocześnie wyjątkowo solidny."
Smart Keyboard 3457,"Lekki, a jednocześnie wyjątkowo solidny."
Luxury Necklace 4485,Idealny do codziennego użytku w domu i biurze. łatwy w utrzymaniu czystości i bardzo praktyczny.
Premium-Grade Case 4912,"Lekki, a jednocześnie wyjątkowo solidny."
Smart Phone 7291,Dzięki kompaktowym wymiarom łatwy do przenoszenia.
Multi-Functional Bag 5887,"Lekki, a jednocześnie wyjątkowo solidny. prosty, ale niezwykle funkcjonalny."
Transparent Bottle 3987,Dzięki kompaktowym wymiarom łatwy do przenoszenia. łatwy w utrzymaniu czystości i bardzo praktyczny.
Stylish Stand 711,Doskonały jako prezent dla bliskiej osoby. łatwy w utrzymaniu czystości i bardzo praktyczny.
Innovative Wallet 1370,"Lekki, a jednocześnie wyjątkowo solidny. prosty, ale niezwykle funkcjonalny."
Premium Box 9724,Zaprojektowany z myślą o komforcie użytkownika.
Eco-Friendly Cushion 7938,"Zaprojektowany z myślą o komforcie użytkownika. prosty, ale niezwykle funkcjonalny."
Transparent Powerbank 5574,"Prosty, ale niezwykle funkcjonalny. łatwy w utrzymaniu czystości i bardzo praktyczny."
Multi-Functional Frame 3137,"Prosty, ale niezwykle funkcjonalny."
Smart-Enabled Shoe 5362,Zaprojektowany z myślą o komforcie użytkownika. świetnie sprawdza się w podróży i codziennym użytkowaniu.
Versatile Frame 1765,Wykonany z wysokiej jakości materiałów zapewniających trwałość. dzięki kompaktowym wymiarom łatwy do przenoszenia.
Precision Plate 1096,Łatwy w utrzymaniu czystości i bardzo praktyczny.
Dynamic Glove 9863,Doskonały jako prezent dla bliskiej osoby. łatwy w utrzymaniu czystości i bardzo praktyczny.
Elegant Speaker 7155,Dzięki kompaktowym wymiarom łatwy do przenoszenia. dzięki kompaktowym wymiarom łatwy do przenoszenia.
Transparent Lamp 5649,"Prosty, ale niezwykle funkcjonalny."
Refined Camera 4574,"Lekki, a jednocześnie wyjątkowo solidny."
Ergonomic Jacket 4363,Zaprojektowany z myślą o komforcie użytkownika.
Foldable Printer 6482,Wykonany z wysokiej jakości materiałów zapewniających trwałość.
Ultra-Light Glove 9653,Świetnie sprawdza się w podróży i codziennym użytkowaniu.
Wireless Pen 64,"Lekki, a jednocześnie wyjątkowo solidny."
Rechargeable Headphones 5572,Idealny do codziennego użytku w domu i biurze. świetnie sprawdza się w podróży i codziennym użytkowaniu.
Strong Cable 5566,Zaprojektowany z myślą o komforcie użytkownika.
Affordable Mug 1052,Łatwy w utrzymaniu czystości i bardzo praktyczny. dzięki kompaktowym wymiarom łatwy do przenoszenia.
Eco-Safe Pillow 9096,Łatwy w utrzymaniu czystości i bardzo praktyczny. świetnie sprawdza się w podróży i codziennym użytkowaniu.
Powerful Keyboard 188,Łatwy w utrzymaniu czystości i bardzo praktyczny. łatwy w utrzymaniu czystości i bardzo praktyczny.
Ultra-Light Plate 7823,Dzięki kompaktowym wymiarom łatwy do przenoszenia.
Transparent Backpack 1084,Doskonały jako prezent dla bliskiej osoby. wykonany z wysokiej jakości materiałów zapewniających trwałość.
Premium Glove 7000,Idealny do codziennego użytku w domu i biurze. wykonany z wysokiej jakości materiałów zapewniających trwałość.
Practical Notebook 6691,Świetnie sprawdza się w podróży i codziennym użytkowaniu. wykonany z wysokiej jakości materiałów zapewniających trwałość.
Colorful Cushion 9927,"Prosty, ale niezwykle funkcjonalny. lekki, a jednocześnie wyjątkowo solidny."
Customizable Stand 344,Zaprojektowany z myślą o komforcie użytkownika.
Advanced Speaker 9083,Idealny do codziennego użytku w domu i biurze. dzięki kompaktowym wymiarom łatwy do przenoszenia.
Balanced Basket 7686,Łatwy w utrzymaniu czystości i bardzo praktyczny. łatwy w utrzymaniu czystości i bardzo praktyczny.
Adjustable Monitor 8985,Świetnie sprawdza się w podróży i codziennym użytkowaniu.
Eco-Friendly Tablet 5553,"Prosty, ale niezwykle funkcjonalny."
Magnetic Bench 4518,Doskonały jako prezent dla bliskiej osoby. świetnie sprawdza się w podróży i codziennym użytkowaniu.
Premium Mirror 5241,"Prosty, ale niezwykle funkcjonalny. łatwy w utrzymaniu czystości i bardzo praktyczny."
Strong Mug 3859,Wykonany z wysokiej jakości materiałów zapewniających trwałość. idealny do codziennego użytku w domu i biurze.
Balanced Cup 433,Dzięki kompaktowym wymiarom łatwy do przenoszenia.
Waterproof Drone 4914,"Lekki, a jednocześnie wyjątkowo solidny. nowoczesny design pasujący do każdego wnętrza."
Strong Charger 3418,Świetnie sprawdza się w podróży i codziennym użytkowaniu.
Compact Printer 5344,Dzięki kompaktowym wymiarom łatwy do przenoszenia. zaprojektowany z myślą o komforcie użytkownika.
Premium Container 9027,Nowoczesny design pasujący do każdego wnętrza.
Modern Monitor 1358,Zaprojektowany z myślą o komforcie użytkownika. nowoczesny design pasujący do każdego wnętrza.
Dynamic Monitor 1308,"Doskonały jako prezent dla bliskiej osoby. prosty, ale niezwykle funkcjonalny."
Eco-Friendly Cup 2847,Łatwy w utrzymaniu czystości i bardzo praktyczny. doskonały jako prezent dla bliskiej osoby.
Eco-Safe Bag 2720,Dzięki kompaktowym wymiarom łatwy do przenoszenia. łatwy w utrzymaniu czystości i bardzo praktyczny.
High-Quality Jacket 3611,Wykonany z wysokiej jakości materiałów zapewniających trwałość. dzięki kompaktowym wymiarom łatwy do przenoszenia.
Foldable Camera 7882,"Dzięki kompaktowym wymiarom łatwy do przenoszenia. prosty, ale niezwykle funkcjonalny."
Reliable Plate 9979,Doskonały jako prezent dla bliskiej osoby. zaprojektowany z myślą o komforcie użytkownika.
Comfortable Mat 1274,Doskonały jako prezent dla bliskiej osoby.
Powerful Cable 8102,Wykonany z wysokiej jakości materiałów zapewniających trwałość.
Strong Bench 1654,Wykonany z wysokiej jakości materiałów zapewniających trwałość.
High-Quality Mat 4620,"Lekki, a jednocześnie wyjątkowo solidny."
Eco-Safe Printer 1768,Wykonany z wysokiej jakości materiałów zapewniających trwałość.
Soft Frame 7348,Łatwy w utrzymaniu czystości i bardzo praktyczny.
Durable Powerbank 7660,Doskonały jako prezent dla bliskiej osoby.
Durable Tool 3266,Doskonały jako prezent dla bliskiej osoby.
Innovative Mat 4897,Nowoczesny design pasujący do każdego wnętrza. łatwy w utrzymaniu czystości i bardzo praktyczny.
Precision Glove 65,"Doskonały jako prezent dla bliskiej osoby. lekki, a jednocześnie wyjątkowo solidny."
Compact Shelf 4412,"Prosty, ale niezwykle funkcjonalny. zaprojektowany z myślą o komforcie użytkownika."
Smart-Enabled Charger 4270,Łatwy w utrzymaniu czystości i bardzo praktyczny. dzięki kompaktowym wymiarom łatwy do przenoszenia.
Premium-Grade Mouse 5641,Dzięki kompaktowym wymiarom łatwy do przenoszenia. wykonany z wysokiej jakości materiałów zapewniających trwałość.
Durable Stand 1665,Łatwy w utrzymaniu czystości i bardzo praktyczny.
Compact Towel 2778,Idealny do codziennego użytku w domu i biurze.
Noise-Cancelling Mug 341,Dzięki kompaktowym wymiarom łatwy do przenoszenia. doskonały jako prezent dla bliskiej osoby.
Multi-Functional Drone 7146,Dzięki kompaktowym wymiarom łatwy do przenoszenia.
Balanced Blanket 9405,Wykonany z wysokiej jakości materiałów zapewniających trwałość. nowoczesny design pasujący do każdego wnętrza.
Eco-Conscious Tablet 4445,Doskonały jako prezent dla bliskiej osoby. doskonały jako prezent dla bliskiej osoby.
Elegant Keyboard 8380,Doskonały jako prezent dla bliskiej osoby. wykonany z wysokiej jakości materiałów zapewniających trwałość.
Energy-Saving Cable 1512,"Prosty, ale niezwykle funkcjonalny. prosty, ale niezwykle funkcjonalny."
Ultra-Light Watch 2870,Wykonany z wysokiej jakości materiałów zapewniających trwałość.
Soft Cover 698,Zaprojektowany z myślą o komforcie użytkownika.
Foldable Headphones 811,Świetnie sprawdza się w podróży i codziennym użytkowaniu.
Classic Box 1406,Łatwy w utrzymaniu czystości i bardzo praktyczny. idealny do codziennego użytku w domu i biurze.
Luxury Scarf 677,"Lekki, a jednocześnie wyjątkowo solidny. prosty, ale niezwykle funkcjonalny."
Robust Necklace 2935,Zaprojektowany z myślą o komforcie użytkownika.
Precision Monitor 218,"Lekki, a jednocześnie wyjątkowo solidny."
Dynamic Drill 6440,Łatwy w utrzymaniu czystości i bardzo praktyczny. zaprojektowany z myślą o komforcie użytkownika.
Flexible Powerbank 571,Nowoczesny design pasujący do każdego wnętrza. świetnie sprawdza się w podróży i codziennym użytkowaniu.
Customizable Lamp 1575,Doskonały jako prezent dla bliskiej osoby. dzięki kompaktowym wymiarom łatwy do przenoszenia.
Portable Glove 2183,Nowoczesny design pasujący do każdego wnętrza. wykonany z wysokiej jakości materiałów zapewniających trwałość.
Ultra-Light Bench 9624,"Prosty, ale niezwykle funkcjonalny. lekki, a jednocześnie wyjątkowo solidny."
Stylish Mirror 4138,Łatwy w utrzymaniu czystości i bardzo praktyczny.
Flexible Tool 9166,Zaprojektowany z myślą o komforcie użytkownika.
Wireless Cable 8488,Zaprojektowany z myślą o komforcie użytkownika. świetnie sprawdza się w podróży i codziennym użytkowaniu.
Eco-Safe Frame 9998,Dzięki kompaktowym wymiarom łatwy do przenoszenia.
Luxury Case 2335,"Świetnie sprawdza się w podróży i codziennym użytkowaniu. prosty, ale niezwykle funkcjonalny."
Customizable Cover 6716,Zaprojektowany z myślą o komforcie użytkownika.
Flexible Shelf 3824,Idealny do codziennego użytku w domu i biurze. doskonały jako prezent dla bliskiej osoby.
Premium Toy 3854,Wykonany z wysokiej jakości materiałów zapewniających trwałość. idealny do codziennego użytku w domu i biurze.
Premium-Grade Chair 9142,Wykonany z wysokiej jakości materiałów zapewniających trwałość. łatwy w utrzymaniu czystości i bardzo praktyczny.
Adjustable Case 8429,Zaprojektowany z myślą o komforcie użytkownika.
Precision Fan 1712,Łatwy w utrzymaniu czystości i bardzo praktyczny. łatwy w utrzymaniu czystości i bardzo praktyczny.
Powerful Monitor 8623,Nowoczesny design pasujący do każdego wnętrza. nowoczesny design pasujący do każdego wnętrza.
Eco-Safe Table 6581,"Prosty, ale niezwykle funkcjonalny. dzięki kompaktowym wymiarom łatwy do przenoszenia."
Minimalist Tripod 994,"Nowoczesny design pasujący do każdego wnętrza. prosty, ale niezwykle funkcjonalny."
Transparent Printer 7418,"Lekki, a jednocześnie wyjątkowo solidny. prosty, ale niezwykle funkcjonalny."
Strong Case 2059,Zaprojektowany z myślą o komforcie użytkownika.
High-Quality Necklace 926,"Lekki, a jednocześnie wyjątkowo solidny. wykonany z wysokiej jakości materiałów zapewniających trwałość."
Adjustable Mug 6507,Wykonany z wysokiej jakości materiałów zapewniających trwałość.
Transparent Plate 6999,Świetnie sprawdza się w podróży i codziennym użytkowaniu.
Eco-Conscious Tripod 9020,"Prosty, ale niezwykle funkcjonalny. dzięki kompaktowym wymiarom łatwy do przenoszenia."
Minimalist Lamp 2357,Dzięki kompaktowym wymiarom łatwy do przenoszenia. nowoczesny design pasujący do każdego wnętrza.
Durable Plate 6730,Dzięki kompaktowym wymiarom łatwy do przenoszenia.
Durable Belt 6834,"Zaprojektowany z myślą o komforcie użytkownika. lekki, a jednocześnie wyjątkowo solidny."
Classic Phone 2309,"Prosty, ale niezwykle funkcjonalny."
Balanced Chair 3778,"Świetnie sprawdza się w podróży i codziennym użytkowaniu. lekki, a jednocześnie wyjątkowo solidny."
Magnetic Mouse 3407,"Prosty, ale niezwykle funkcjonalny. świetnie sprawdza się w podróży i codziennym użytkowaniu."
Magnetic Belt 538,"Lekki, a jednocześnie wyjątkowo solidny."
Robust Cable 6247,Zaprojektowany z myślą o komforcie użytkownika.
Premium Monitor 7746,Zaprojektowany z myślą o komforcie użytkownika. nowoczesny design pasujący do każdego wnętrza.
Compact Keyboard 5822,Wykonany z wysokiej jakości materiałów zapewniających trwałość.
Customizable Jacket 4888,Doskonały jako prezent dla bliskiej osoby.
Luxury Tablet 5403,"Prosty, ale niezwykle funkcjonalny."
Advanced Bag 524,Wykonany z wysokiej jakości materiałów zapewniających trwałość. nowoczesny design pasujący do każdego wnętrza.
Waterproof Brush 4998,Łatwy w utrzymaniu czystości i bardzo praktyczny.
Refined Camera 5276,Zaprojektowany z myślą o komforcie użytkownika. zaprojektowany z myślą o komforcie użytkownika.
Premium-Grade Glasses 8817,Idealny do codziennego użytku w domu i biurze.
Ultra-Light Bag 2711,Nowoczesny design pasujący do każdego wnętrza.
Practical Stand 8663,"Lekki, a jednocześnie wyjątkowo solidny."
Refined Bottle 6771,Nowoczesny design pasujący do każdego wnętrza.
Smart Tool 2903,"Prosty, ale niezwykle funkcjonalny. prosty, ale niezwykle funkcjonalny."
Elegant Monitor 7219,Łatwy w utrzymaniu czystości i bardzo praktyczny.
Robust Scarf 1696,Idealny do codziennego użytku w domu i biurze.
Reliable Belt 2266,Łatwy w utrzymaniu czystości i bardzo praktyczny.
Colorful Glove 9290,"Dzięki kompaktowym wymiarom łatwy do przenoszenia. lekki, a jednocześnie wyjątkowo solidny."
Adjustable Basket 8096,"Prosty, ale niezwykle funkcjonalny. nowoczesny design pasujący do każdego wnętrza."
Multi-Functional Holder 8720,Idealny do codziennego użytku w domu i biurze.
Affordable Clock 417,"Lekki, a jednocześnie wyjątkowo solidny."
Waterproof Shelf 8609,"Lekki, a jednocześnie wyjątkowo solidny. idealny do codziennego użytku w domu i biurze."
Affordable Speaker 1480,"Lekki, a jednocześnie wyjątkowo solidny. nowoczesny design pasujący do każdego wnętrza."
Efficient Scarf 8782,"Prosty, ale niezwykle funkcjonalny. doskonały jako prezent dla bliskiej osoby."
Durable Drone 1703,Wykonany z wysokiej jakości materiałów zapewniających trwałość.
Balanced Scarf 3872,Wykonany z wysokiej jakości materiałów zapewniających trwałość.
High-Quality Mouse 1560,Zaprojektowany z myślą o komforcie użytkownika. nowoczesny design pasujący do każdego wnętrza.
Colorful Blanket 4304,Doskonały jako prezent dla bliskiej osoby. dzięki kompaktowym wymiarom łatwy do przenoszenia.
Soft Drone 8892,Idealny do codziennego użytku w domu i biurze.
Innovative Frame 928,Nowoczesny design pasujący do każdego wnętrza. zaprojektowany z myślą o komforcie użytkownika.
Energy-Saving Cup 7344,Świetnie sprawdza się w podróży i codziennym użytkowaniu.
Noise-Cancelling Powerbank 9952,"Prosty, ale niezwykle funkcjonalny."
Noise-Cancelling Router 2243,"Prosty, ale niezwykle funkcjonalny. doskonały jako prezent dla bliskiej osoby."
Refined Cup 785,Idealny do codziennego użytku w domu i biurze.
Innovative Mirror 2520,"Lekki, a jednocześnie wyjątkowo solidny. świetnie sprawdza się w podróży i codziennym użytkowaniu."
Rechargeable Backpack 107,"Zaprojektowany z myślą o komforcie użytkownika. prosty, ale niezwykle funkcjonalny."
Compact Pillow 7258,Nowoczesny design pasujący do każdego wnętrza.
Comfortable Fan 2928,Doskonały jako prezent dla bliskiej osoby.
Wireless Plate 2108,"Prosty, ale niezwykle funkcjonalny."
Advanced Brush 8883,Idealny do codziennego użytku w domu i biurze.
Strong Razor 2644,Wykonany z wysokiej jakości materiałów zapewniających trwałość.
Smart-Enabled Powerbank 1053,"Lekki, a jednocześnie wyjątkowo solidny. zaprojektowany z myślą o komforcie użytkownika."
Luxury Tool 1084,Nowoczesny design pasujący do każdego wnętrza.
Rechargeable Toy 4325,Zaprojektowany z myślą o komforcie użytkownika. świetnie sprawdza się w podróży i codziennym użytkowaniu.
Magnetic Pen 1460,Nowoczesny design pasujący do każdego wnętrza. nowoczesny design pasujący do każdego wnętrza.
Waterproof Glasses 4034,"Łatwy w utrzymaniu czystości i bardzo praktyczny. lekki, a jednocześnie wyjątkowo solidny."
Portable Speaker 2101,Dzięki kompaktowym wymiarom łatwy do przenoszenia.
Waterproof Lamp 8004,Nowoczesny design pasujący do każdego wnętrza.
Strong Mat 5082,Dzięki kompaktowym wymiarom łatwy do przenoszenia.
High-Quality Box 3982,Nowoczesny design pasujący do każdego wnętrza.
Innovative Pillow 7143,Świetnie sprawdza się w podróży i codziennym użytkowaniu.
Waterproof Bench 7544,Doskonały jako prezent dla bliskiej osoby.
Ergonomic Mirror 7060,Nowoczesny design pasujący do każdego wnętrza. nowoczesny design pasujący do każdego wnętrza.
Durable Brush 5188,"Prosty, ale niezwykle funkcjonalny."
Powerful Lamp 374,Świetnie sprawdza się w podróży i codziennym użytkowaniu. zaprojektowany z myślą o komforcie użytkownika.
Eco-Conscious Bottle 8746,Dzięki kompaktowym wymiarom łatwy do przenoszenia. świetnie sprawdza się w podróży i codziennym użytkowaniu.
Strong Keyboard 3367,"Dzięki kompaktowym wymiarom łatwy do przenoszenia. lekki, a jednocześnie wyjątkowo solidny."
Transparent Belt 4314,Zaprojektowany z myślą o komforcie użytkownika.
Flexible Headphones 9847,"Prosty, ale niezwykle funkcjonalny."
Ergonomic Powerbank 9687,Dzięki kompaktowym wymiarom łatwy do przenoszenia.
Robust Camera 9374,Nowoczesny design pasujący do każdego wnętrza. doskonały jako prezent dla bliskiej osoby.
Transparent Bag 28,"Prosty, ale niezwykle funkcjonalny."
Durable Frame 6429,Świetnie sprawdza się w podróży i codziennym użytkowaniu.
Strong Cover 6004,Łatwy w utrzymaniu czystości i bardzo praktyczny.
Elegant Shelf 443,"Prosty, ale niezwykle funkcjonalny."
Strong Cup 1300,Nowoczesny design pasujący do każdego wnętrza.
Customizable Headphones 9087,Łatwy w utrzymaniu czystości i bardzo praktyczny.
Adjustable Wallet 5360,Doskonały jako prezent dla bliskiej osoby.
Powerful Phone 9549,Nowoczesny design pasujący do każdego wnętrza. łatwy w utrzymaniu czystości i bardzo praktyczny.
Dynamic Tablet 2855,Łatwy w utrzymaniu czystości i bardzo praktyczny. nowoczesny design pasujący do każdego wnętrza.
Portable Tablet 628,Zaprojektowany z myślą o komforcie użytkownika. idealny do codziennego użytku w domu i biurze.
Powerful Belt 9479,Wykonany z wysokiej jakości materiałów zapewniających trwałość.
Portable Mouse 8957,Doskonały jako prezent dla bliskiej osoby. łatwy w utrzymaniu czystości i bardzo praktyczny.
Classic Bag 4720,Idealny do codziennego użytku w domu i biurze. świetnie sprawdza się w podróży i codziennym użytkowaniu.
Reliable Table 1653,Nowoczesny design pasujący do każdego wnętrza.
Eco-Conscious Plate 3185,Wykonany z wysokiej jakości materiałów zapewniających trwałość. wykonany z wysokiej jakości materiałów zapewniających trwałość.
Eco-Conscious Cushion 4825,Zaprojektowany z myślą o komforcie użytkownika.
Flexible Tool 6152,"Lekki, a jednocześnie wyjątkowo solidny. nowoczesny design pasujący do każdego wnętrza."
Elegant Mirror 2192,"Lekki, a jednocześnie wyjątkowo solidny."
Advanced Blanket 7678,Łatwy w utrzymaniu czystości i bardzo praktyczny. dzięki kompaktowym wymiarom łatwy do przenoszenia.
Balanced Headphones 7131,Zaprojektowany z myślą o komforcie użytkownika. świetnie sprawdza się w podróży i codziennym użytkowaniu.
Smart-Enabled Umbrella 4014,"Dzięki kompaktowym wymiarom łatwy do przenoszenia. prosty, ale niezwykle funkcjonalny."
Luxury Watch 8971,"Prosty, ale niezwykle funkcjonalny. wykonany z wysokiej jakości materiałów zapewniających trwałość."
Efficient Holder 1230,Zaprojektowany z myślą o komforcie użytkownika.
Ergonomic Cover 8292,"Lekki, a jednocześnie wyjątkowo solidny. świetnie sprawdza się w podróży i codziennym użytkowaniu."
Advanced Pen 489,Dzięki kompaktowym wymiarom łatwy do przenoszenia.
Precision Bag 7711,Dzięki kompaktowym wymiarom łatwy do przenoszenia. nowoczesny design pasujący do każdego wnętrza.
Minimalist Shelf 3932,Łatwy w utrzymaniu czystości i bardzo praktyczny. doskonały jako prezent dla bliskiej osoby.
Energy-Saving Container 611,"Prosty, ale niezwykle funkcjonalny. dzięki kompaktowym wymiarom łatwy do przenoszenia."
Eco-Conscious Ring 7108,Wykonany z wysokiej jakości materiałów zapewniających trwałość. idealny do codziennego użytku w domu i biurze.
Robust Lamp 5942,Idealny do codziennego użytku w domu i biurze.
Soft Screen 8812,Nowoczesny design pasujący do każdego wnętrza. zaprojektowany z myślą o komforcie użytkownika.
Refined Charger 1783,Dzięki kompaktowym wymiarom łatwy do przenoszenia. dzięki kompaktowym wymiarom łatwy do przenoszenia.
Affordable Bottle 8814,Łatwy w utrzymaniu czystości i bardzo praktyczny.
Elegant Belt 1548,Łatwy w utrzymaniu czystości i bardzo praktyczny. świetnie sprawdza się w podróży i codziennym użytkowaniu.
Precision Chair 7731,"Prosty, ale niezwykle funkcjonalny."
Efficient Keyboard 8684,Zaprojektowany z myślą o komforcie użytkownika. nowoczesny design pasujący do każdego wnętrza.
Adjustable Plate 5110,Świetnie sprawdza się w podróży i codziennym użytkowaniu. nowoczesny design pasujący do każdego wnętrza.
Affordable Watch 972,"Zaprojektowany z myślą o komforcie użytkownika. prosty, ale niezwykle funkcjonalny."
Robust Stand 7536,"Prosty, ale niezwykle funkcjonalny. lekki, a jednocześnie wyjątkowo solidny."
Premium Stand 3720,"Prosty, ale niezwykle funkcjonalny."
Magnetic Glasses 6825,Idealny do codziennego użytku w domu i biurze. łatwy w utrzymaniu czystości i bardzo praktyczny.
Premium-Grade Lamp 8336,Świetnie sprawdza się w podróży i codziennym użytkowaniu. nowoczesny design pasujący do każdego wnętrza.
Magnetic Pillow 396,"Prosty, ale niezwykle funkcjonalny. łatwy w utrzymaniu czystości i bardzo praktyczny."
Wireless Tablet 8992,Doskonały jako prezent dla bliskiej osoby. dzięki kompaktowym wymiarom łatwy do przenoszenia.
Soft Notebook 7886,"Prosty, ale niezwykle funkcjonalny. lekki, a jednocześnie wyjątkowo solidny."
Compact Cover 4792,Łatwy w utrzymaniu czystości i bardzo praktyczny. łatwy w utrzymaniu czystości i bardzo praktyczny.
Flexible Drill 9368,"Idealny do codziennego użytku w domu i biurze. lekki, a jednocześnie wyjątkowo solidny."
Strong Tool 2199,"Lekki, a jednocześnie wyjątkowo solidny. nowoczesny design pasujący do każdego wnętrza."
Waterproof Tool 2934,Wykonany z wysokiej jakości materiałów zapewniających trwałość.
Eco-Friendly Watch 7407,Dzięki kompaktowym wymiarom łatwy do przenoszenia. doskonały jako prezent dla bliskiej osoby.
Robust Necklace 3620,"Prosty, ale niezwykle funkcjonalny. nowoczesny design pasujący do każdego wnętrza."
Compact Plate 2098,Nowoczesny design pasujący do każdego wnętrza. dzięki kompaktowym wymiarom łatwy do przenoszenia.
Noise-Cancelling Screen 4521,"Lekki, a jednocześnie wyjątkowo solidny."
Premium Tablet 307,Nowoczesny design pasujący do każdego wnętrza.
Smart Drill 5858,"Lekki, a jednocześnie wyjątkowo solidny."
Smart Stand 7689,Zaprojektowany z myślą o komforcie użytkownika. dzięki kompaktowym wymiarom łatwy do przenoszenia.
Eco-Safe Razor 3489,Nowoczesny design pasujący do każdego wnętrza.
Premium-Grade Bench 1447,Doskonały jako prezent dla bliskiej osoby.
Robust Monitor 2664,Idealny do codziennego użytku w domu i biurze.
Premium-Grade Box 445,"Prosty, ale niezwykle funkcjonalny. idealny do codziennego użytku w domu i biurze."
Eco-Safe Plate 361,Łatwy w utrzymaniu czystości i bardzo praktyczny. nowoczesny design pasujący do każdego wnętrza.
Innovative Bicycle 555,"Prosty, ale niezwykle funkcjonalny. doskonały jako prezent dla bliskiej osoby."
Reliable Container 4563,"Lekki, a jednocześnie wyjątkowo solidny. dzięki kompaktowym wymiarom łatwy do przenoszenia."
Durable Cover 5321,Idealny do codziennego użytku w domu i biurze.
Powerful Tripod 7329,"Doskonały jako prezent dla bliskiej osoby. prosty, ale niezwykle funkcjonalny."
Multi-Functional Towel 6543,"Doskonały jako prezent dla bliskiej osoby. prosty, ale niezwykle funkcjonalny."
Refined Holder 8616,Idealny do codziennego użytku w domu i biurze.
Dynamic Shoe 8145,Świetnie sprawdza się w podróży i codziennym użytkowaniu. świetnie sprawdza się w podróży i codziennym użytkowaniu.
Eco-Friendly Frame 9305,Dzięki kompaktowym wymiarom łatwy do przenoszenia. nowoczesny design pasujący do każdego wnętrza.
Colorful Necklace 2793,Nowoczesny design pasujący do każdego wnętrza.
Refined Box 8162,Dzięki kompaktowym wymiarom łatwy do przenoszenia.
Comfortable Cushion 3499,Wykonany z wysokiej jakości materiałów zapewniających trwałość.
Luxury Headphones 7426,"Lekki, a jednocześnie wyjątkowo solidny. wykonany z wysokiej jakości materiałów zapewniających trwałość."
Smart Necklace 3841,Świetnie sprawdza się w podróży i codziennym użytkowaniu. świetnie sprawdza się w podróży i codziennym użytkowaniu.
Transparent Necklace 2009,Zaprojektowany z myślą o komforcie użytkownika. nowoczesny design pasujący do każdego wnętrza.
Affordable Table 8210,Idealny do codziennego użytku w domu i biurze. zaprojektowany z myślą o komforcie użytkownika.
Ultra-Light Box 5579,Doskonały jako prezent dla bliskiej osoby.
Smart-Enabled Bicycle 2890,Idealny do codziennego użytku w domu i biurze.
Magnetic Frame 2375,"Lekki, a jednocześnie wyjątkowo solidny. doskonały jako prezent dla bliskiej osoby."
Advanced Tripod 5915,Świetnie sprawdza się w podróży i codziennym użytkowaniu.
Energy-Saving Lamp 5461,"Łatwy w utrzymaniu czystości i bardzo praktyczny. lekki, a jednocześnie wyjątkowo solidny."
Stylish Shelf 2379,Łatwy w utrzymaniu czystości i bardzo praktyczny.
Eco-Conscious Lamp 5284,Nowoczesny design pasujący do każdego wnętrza. idealny do codziennego użytku w domu i biurze.
Lightweight Frame 8374,"Prosty, ale niezwykle funkcjonalny. prosty, ale niezwykle funkcjonalny."
Precision Pillow 7249,Dzięki kompaktowym wymiarom łatwy do przenoszenia. dzięki kompaktowym wymiarom łatwy do przenoszenia.
Smart Powerbank 3777,Łatwy w utrzymaniu czystości i bardzo praktyczny.
Eco-Friendly Lamp 4296,Idealny do codziennego użytku w domu i biurze. zaprojektowany z myślą o komforcie użytkownika.
Premium Brush 35,Idealny do codziennego użytku w domu i biurze. idealny do codziennego użytku w domu i biurze.
Premium Stand 9024,Doskonały jako prezent dla bliskiej osoby. zaprojektowany z myślą o komforcie użytkownika.
Energy-Saving Case 3350,Łatwy w utrzymaniu czystości i bardzo praktyczny.
Ergonomic Wallet 4968,Świetnie sprawdza się w podróży i codziennym użytkowaniu.
Innovative Razor 6470,Idealny do codziennego użytku w domu i biurze.
Luxury Fan 7900,Doskonały jako prezent dla bliskiej osoby. zaprojektowany z myślą o komforcie użytkownika.
Efficient Stand 8128,Doskonały jako prezent dla bliskiej osoby. idealny do codziennego użytku w domu i biurze.
Practical Tripod 1849,Świetnie sprawdza się w podróży i codziennym użytkowaniu. łatwy w utrzymaniu czystości i bardzo praktyczny.
Wireless Mouse 671,Zaprojektowany z myślą o komforcie użytkownika. wykonany z wysokiej jakości materiałów zapewniających trwałość.
Reliable Cover 2675,"Prosty, ale niezwykle funkcjonalny."
Modern Clock 2210,Świetnie sprawdza się w podróży i codziennym użytkowaniu. nowoczesny design pasujący do każdego wnętrza.
Transparent Towel 8756,Idealny do codziennego użytku w domu i biurze. świetnie sprawdza się w podróży i codziennym użytkowaniu.
Energy-Saving Speaker 9978,Doskonały jako prezent dla bliskiej osoby.
Smart-Enabled Wallet 9680,Świetnie sprawdza się w podróży i codziennym użytkowaniu. dzięki kompaktowym wymiarom łatwy do przenoszenia.
Eco-Safe Charger 7850,Zaprojektowany z myślą o komforcie użytkownika. doskonały jako prezent dla bliskiej osoby.
Premium-Grade Phone 9604,Nowoczesny design pasujący do każdego wnętrza.
Sustainable Ring 5268,Dzięki kompaktowym wymiarom łatwy do przenoszenia.
Soft Screen 6768,Łatwy w utrzymaniu czystości i bardzo praktyczny. zaprojektowany z myślą o komforcie użytkownika.
Minimalist Drill 9490,Dzięki kompaktowym wymiarom łatwy do przenoszenia.
Precision Case 7055,Nowoczesny design pasujący do każdego wnętrza. zaprojektowany z myślą o komforcie użytkownika.
High-Quality Phone 8899,"Prosty, ale niezwykle funkcjonalny."
Customizable Shelf 3070,Doskonały jako prezent dla bliskiej osoby. idealny do codziennego użytku w domu i biurze.
Smart Tripod 3204,Dzięki kompaktowym wymiarom łatwy do przenoszenia.
Compact Mirror 2058,Nowoczesny design pasujący do każdego wnętrza.
Strong Bottle 2018,"Prosty, ale niezwykle funkcjonalny."
Innovative Mouse 8053,Nowoczesny design pasujący do każdego wnętrza. zaprojektowany z myślą o komforcie użytkownika.
Multi-Functional Plate 446,Doskonały jako prezent dla bliskiej osoby. idealny do codziennego użytku w domu i biurze.
Noise-Cancelling Necklace 6740,Idealny do codziennego użytku w domu i biurze.
Strong Notebook 3413,Łatwy w utrzymaniu czystości i bardzo praktyczny. idealny do codziennego użytku w domu i biurze.
Affordable Mouse 703,"Lekki, a jednocześnie wyjątkowo solidny. lekki, a jednocześnie wyjątkowo solidny."
Colorful Flashlight 6598,Łatwy w utrzymaniu czystości i bardzo praktyczny.
Colorful Bicycle 2903,Idealny do codziennego użytku w domu i biurze.
Ultra-Light Razor 9191,Nowoczesny design pasujący do każdego wnętrza.
Eco-Safe Necklace 491,"Prosty, ale niezwykle funkcjonalny."
Eco-Friendly Screen 9328,Nowoczesny design pasujący do każdego wnętrza.
Noise-Cancelling Tool 7981,Świetnie sprawdza się w podróży i codziennym użytkowaniu.
Efficient Frame 4164,Idealny do codziennego użytku w domu i biurze. dzięki kompaktowym wymiarom łatwy do przenoszenia.
Foldable Umbrella 985,Idealny do codziennego użytku w domu i biurze.
Affordable Cable 153,"Prosty, ale niezwykle funkcjonalny. świetnie sprawdza się w podróży i codziennym użytkowaniu."
Comfortable Scarf 7985,Doskonały jako prezent dla bliskiej osoby.
Luxury Tripod 6254,Idealny do codziennego użytku w domu i biurze.
Robust Box 7946,Zaprojektowany z myślą o komforcie użytkownika.
Premium Cup 8008,Świetnie sprawdza się w podróży i codziennym użytkowaniu. zaprojektowany z myślą o komforcie użytkownika.
Advanced Mirror 6358,Idealny do codziennego użytku w domu i biurze. doskonały jako prezent dla bliskiej osoby.
High-Quality Mat 6607,"Prosty, ale niezwykle funkcjonalny."
Refined Cup 6357,Dzięki kompaktowym wymiarom łatwy do przenoszenia.
Compact Backpack 7512,Wykonany z wysokiej jakości materiałów zapewniających trwałość. zaprojektowany z myślą o komforcie użytkownika.
Smart-Enabled Ring 3896,Wykonany z wysokiej jakości materiałów zapewniających trwałość. wykonany z wysokiej jakości materiałów zapewniających trwałość.
Affordable Monitor 2851,Idealny do codziennego użytku w domu i biurze. zaprojektowany z myślą o komforcie użytkownika.
Classic Bottle 2729,Świetnie sprawdza się w podróży i codziennym użytkowaniu.
Elegant Bottle 2430,Dzięki kompaktowym wymiarom łatwy do przenoszenia.
Strong Glasses 9075,"Prosty, ale niezwykle funkcjonalny. wykonany z wysokiej jakości materiałów zapewniających trwałość."
Comfortable Tool 4793,"Lekki, a jednocześnie wyjątkowo solidny. prosty, ale niezwykle funkcjonalny."
Reliable Router 2794,Nowoczesny design pasujący do każdego wnętrza.
Balanced Mirror 8095,"Prosty, ale niezwykle funkcjonalny."
Compact Router 6667,Dzięki kompaktowym wymiarom łatwy do przenoszenia. idealny do codziennego użytku w domu i biurze.
Eco-Friendly Mouse 1110,Łatwy w utrzymaniu czystości i bardzo praktyczny. nowoczesny design pasujący do każdego wnętrza.
Waterproof Jacket 6339,"Lekki, a jednocześnie wyjątkowo solidny."
Energy-Saving Notebook 1104,Świetnie sprawdza się w podróży i codziennym użytkowaniu. idealny do codziennego użytku w domu i biurze.
Eco-Conscious Powerbank 4140,Łatwy w utrzymaniu czystości i bardzo praktyczny.
Affordable Backpack 2865,"Prosty, ale niezwykle funkcjonalny. lekki, a jednocześnie wyjątkowo solidny."
Elegant Chair 1359,Zaprojektowany z myślą o komforcie użytkownika.
Modern Plate 5320,"Prosty, ale niezwykle funkcjonalny."
Luxury Container 2978,Łatwy w utrzymaniu czystości i bardzo praktyczny. nowoczesny design pasujący do każdego wnętrza.
Comfortable Frame 1015,Dzięki kompaktowym wymiarom łatwy do przenoszenia. świetnie sprawdza się w podróży i codziennym użytkowaniu.
Compact Towel 3060,Dzięki kompaktowym wymiarom łatwy do przenoszenia. świetnie sprawdza się w podróży i codziennym użytkowaniu.
Adjustable Glove 5396,"Prosty, ale niezwykle funkcjonalny."
Soft Container 5800,Świetnie sprawdza się w podróży i codziennym użytkowaniu.
Transparent Drone 7641,Dzięki kompaktowym wymiarom łatwy do przenoszenia. wykonany z wysokiej jakości materiałów zapewniających trwałość.
Adjustable Headphones 4685,Zaprojektowany z myślą o komforcie użytkownika.
Classic Plate 7123,Idealny do codziennego użytku w domu i biurze.
Affordable Router 4083,"Prosty, ale niezwykle funkcjonalny. nowoczesny design pasujący do każdego wnętrza."
Luxury Pillow 3195,Zaprojektowany z myślą o komforcie użytkownika.
Robust Monitor 1435,Nowoczesny design pasujący do każdego wnętrza. świetnie sprawdza się w podróży i codziennym użytkowaniu.
Stylish Mirror 4674,Idealny do codziennego użytku w domu i biurze. wykonany z wysokiej jakości materiałów zapewniających trwałość.
Precision Container 3800,Łatwy w utrzymaniu czystości i bardzo praktyczny.
Flexible Table 4539,Łatwy w utrzymaniu czystości i bardzo praktyczny.
Ergonomic Shoe 7396,"Lekki, a jednocześnie wyjątkowo solidny."
Innovative Bottle 7450,Dzięki kompaktowym wymiarom łatwy do przenoszenia. doskonały jako prezent dla bliskiej osoby.
Modern Belt 159,Doskonały jako prezent dla bliskiej osoby. dzięki kompaktowym wymiarom łatwy do przenoszenia.
High-Quality Frame 1644,Idealny do codziennego użytku w domu i biurze.
Flexible Tripod 179,Dzięki kompaktowym wymiarom łatwy do przenoszenia.
Efficient Cup 9680,Świetnie sprawdza się w podróży i codziennym użytkowaniu. nowoczesny design pasujący do każdego wnętrza.
Luxury Mouse 1421,"Nowoczesny design pasujący do każdego wnętrza. prosty, ale niezwykle funkcjonalny."
Customizable Tripod 5911,Nowoczesny design pasujący do każdego wnętrza. zaprojektowany z myślą o komforcie użytkownika.
Reliable Glasses 4980,Idealny do codziennego użytku w domu i biurze.
Customizable Cup 3061,Dzięki kompaktowym wymiarom łatwy do przenoszenia.
Lightweight Chair 8996,Świetnie sprawdza się w podróży i codziennym użytkowaniu. nowoczesny design pasujący do każdego wnętrza.
Premium Bottle 6156,Wykonany z wysokiej jakości materiałów zapewniających trwałość. nowoczesny design pasujący do każdego wnętrza.
Comfortable Blanket 8783,Nowoczesny design pasujący do każdego wnętrza.
Dynamic Mug 8876,"Lekki, a jednocześnie wyjątkowo solidny. idealny do codziennego użytku w domu i biurze."
Eco-Safe Frame 6034,Zaprojektowany z myślą o komforcie użytkownika. łatwy w utrzymaniu czystości i bardzo praktyczny.
Smart Bottle 5048,"Wykonany z wysokiej jakości materiałów zapewniających trwałość. prosty, ale niezwykle funkcjonalny."
Versatile Camera 8729,"Doskonały jako prezent dla bliskiej osoby. lekki, a jednocześnie wyjątkowo solidny."
Wireless Frame 5791,Idealny do codziennego użytku w domu i biurze.
Colorful Plate 8961,"Prosty, ale niezwykle funkcjonalny."
Waterproof Lamp 1362,Zaprojektowany z myślą o komforcie użytkownika. dzięki kompaktowym wymiarom łatwy do przenoszenia.
Innovative Toy 312,Łatwy w utrzymaniu czystości i bardzo praktyczny.
Foldable Charger 3183,Doskonały jako prezent dla bliskiej osoby.
Durable Toy 201,Świetnie sprawdza się w podróży i codziennym użytkowaniu.
Durable Phone 109,"Lekki, a jednocześnie wyjątkowo solidny. doskonały jako prezent dla bliskiej osoby."
Robust Keyboard 9176,Dzięki kompaktowym wymiarom łatwy do przenoszenia.
Waterproof Charger 3248,Idealny do codziennego użytku w domu i biurze.
Customizable Camera 8074,"Wykonany z wysokiej jakości materiałów zapewniających trwałość. prosty, ale niezwykle funkcjonalny."
Energy-Saving Razor 1480,Nowoczesny design pasujący do każdego wnętrza. wykonany z wysokiej jakości materiałów zapewniających trwałość.
Rechargeable Monitor 7068,"Świetnie sprawdza się w podróży i codziennym użytkowaniu. prosty, ale niezwykle funkcjonalny."
Strong Necklace 2864,Doskonały jako prezent dla bliskiej osoby.
Premium Case 1516,"Wykonany z wysokiej jakości materiałów zapewniających trwałość. prosty, ale niezwykle funkcjonalny."
Customizable Mirror 2384,Świetnie sprawdza się w podróży i codziennym użytkowaniu. idealny do codziennego użytku w domu i biurze.
Comfortable Pen 2851,Łatwy w utrzymaniu czystości i bardzo praktyczny. wykonany z wysokiej jakości materiałów zapewniających trwałość.
Classic Keyboard 47,"Świetnie sprawdza się w podróży i codziennym użytkowaniu. lekki, a jednocześnie wyjątkowo solidny."
Magnetic Brush 2384,Zaprojektowany z myślą o komforcie użytkownika.
Flexible Router 2036,Nowoczesny design pasujący do każdego wnętrza. świetnie sprawdza się w podróży i codziennym użytkowaniu.
Refined Stand 7033,"Dzięki kompaktowym wymiarom łatwy do przenoszenia. lekki, a jednocześnie wyjątkowo solidny."
Waterproof Bicycle 9905,"Prosty, ale niezwykle funkcjonalny."
Soft Bicycle 2861,Zaprojektowany z myślą o komforcie użytkownika.
Smart-Enabled Router 143,"Dzięki kompaktowym wymiarom łatwy do przenoszenia. lekki, a jednocześnie wyjątkowo solidny."
Practical Necklace 1577,Zaprojektowany z myślą o komforcie użytkownika.
Premium-Grade Screen 749,"Prosty, ale niezwykle funkcjonalny."
Refined Stand 6198,Nowoczesny design pasujący do każdego wnętrza.
Multi-Functional Container 6850,"Dzięki kompaktowym wymiarom łatwy do przenoszenia. prosty, ale niezwykle funkcjonalny."
Refined Screen 4709,Doskonały jako prezent dla bliskiej osoby.
Durable Stand 9549,Doskonały jako prezent dla bliskiej osoby. nowoczesny design pasujący do każdego wnętrza.
Wireless Towel 5565,Zaprojektowany z myślą o komforcie użytkownika. nowoczesny design pasujący do każdego wnętrza.
Adjustable Cup 7248,Nowoczesny design pasujący do każdego wnętrza. dzięki kompaktowym wymiarom łatwy do przenoszenia.
Premium Towel 560,Doskonały jako prezent dla bliskiej osoby. dzięki kompaktowym wymiarom łatwy do przenoszenia.
Sustainable Drone 3456,"Nowoczesny design pasujący do każdego wnętrza. prosty, ale niezwykle funkcjonalny."
Innovative Chair 6575,Nowoczesny design pasujący do każdego wnętrza.
Eco-Safe Fan 7425,"Nowoczesny design pasujący do każdego wnętrza. lekki, a jednocześnie wyjątkowo solidny."
Classic Wallet 8449,"Prosty, ale niezwykle funkcjonalny. wykonany z wysokiej jakości materiałów zapewniających trwałość."
Adjustable Bench 7187,Wykonany z wysokiej jakości materiałów zapewniających trwałość. idealny do codziennego użytku w domu i biurze.
High-Quality Drill 2177,Idealny do codziennego użytku w domu i biurze.
Robust Glasses 4753,"Prosty, ale niezwykle funkcjonalny. doskonały jako prezent dla bliskiej osoby."
Innovative Headphones 2031,Wykonany z wysokiej jakości materiałów zapewniających trwałość.
Adjustable Printer 2696,"Lekki, a jednocześnie wyjątkowo solidny. zaprojektowany z myślą o komforcie użytkownika."
Sustainable Mug 4120,Dzięki kompaktowym wymiarom łatwy do przenoszenia.
Minimalist Headphones 3900,"Lekki, a jednocześnie wyjątkowo solidny."
Wireless Chair 546,"Prosty, ale niezwykle funkcjonalny. wykonany z wysokiej jakości materiałów zapewniających trwałość."
Strong Camera 2207,Łatwy w utrzymaniu czystości i bardzo praktyczny.
Precision Flashlight 6097,Wykonany z wysokiej jakości materiałów zapewniających trwałość.
Balanced Plate 4898,Wykonany z wysokiej jakości materiałów zapewniających trwałość.
Noise-Cancelling Bottle 7078,Doskonały jako prezent dla bliskiej osoby. idealny do codziennego użytku w domu i biurze.
Durable Plate 5839,Idealny do codziennego użytku w domu i biurze. świetnie sprawdza się w podróży i codziennym użytkowaniu.
Magnetic Ring 2987,Dzięki kompaktowym wymiarom łatwy do przenoszenia. nowoczesny design pasujący do każdego wnętrza.
Premium Screen 8083,Łatwy w utrzymaniu czystości i bardzo praktyczny.
Compact Lamp 3515,Świetnie sprawdza się w podróży i codziennym użytkowaniu.
Ultra-Light Table 1261,Łatwy w utrzymaniu czystości i bardzo praktyczny.
Precision Bench 1721,Idealny do codziennego użytku w domu i biurze. doskonały jako prezent dla bliskiej osoby.
Practical Mug 9586,Świetnie sprawdza się w podróży i codziennym użytkowaniu. dzięki kompaktowym wymiarom łatwy do przenoszenia.
Colorful Headphones 3607,"Dzięki kompaktowym wymiarom łatwy do przenoszenia. prosty, ale niezwykle funkcjonalny."
Modern Pillow 5195,Świetnie sprawdza się w podróży i codziennym użytkowaniu. wykonany z wysokiej jakości materiałów zapewniających trwałość.
Practical Camera 5159,Nowoczesny design pasujący do każdego wnętrza.
Premium Tool 4940,Doskonały jako prezent dla bliskiej osoby.
Strong Router 668,"Prosty, ale niezwykle funkcjonalny."
Premium-Grade Jacket 1794,"Prosty, ale niezwykle funkcjonalny."
Wireless Wallet 5894,"Lekki, a jednocześnie wyjątkowo solidny. świetnie sprawdza się w podróży i codziennym użytkowaniu."
Waterproof Bicycle 1882,Świetnie sprawdza się w podróży i codziennym użytkowaniu. nowoczesny design pasujący do każdego wnętrza.
Practical Glasses 3578,Doskonały jako prezent dla bliskiej osoby. nowoczesny design pasujący do każdego wnętrza.
Foldable Charger 9783,Nowoczesny design pasujący do każdego wnętrza.
Reliable Mat 7685,Nowoczesny design pasujący do każdego wnętrza.
Soft Towel 7187,Nowoczesny design pasujący do każdego wnętrza.
Balanced Jacket 2232,Idealny do codziennego użytku w domu i biurze.
Eco-Conscious Box 8441,"Prosty, ale niezwykle funkcjonalny. łatwy w utrzymaniu czystości i bardzo praktyczny."
Strong Bag 7917,"Prosty, ale niezwykle funkcjonalny. świetnie sprawdza się w podróży i codziennym użytkowaniu."
Waterproof Powerbank 1648,Dzięki kompaktowym wymiarom łatwy do przenoszenia.
Refined Bag 7417,Świetnie sprawdza się w podróży i codziennym użytkowaniu. zaprojektowany z myślą o komforcie użytkownika.
Comfortable Case 7818,Nowoczesny design pasujący do każdego wnętrza.
Stylish Drill 4121,Dzięki kompaktowym wymiarom łatwy do przenoszenia.
Waterproof Glove 6511,Wykonany z wysokiej jakości materiałów zapewniających trwałość. wykonany z wysokiej jakości materiałów zapewniających trwałość.
Eco-Conscious Cover 9466,Idealny do codziennego użytku w domu i biurze. wykonany z wysokiej jakości materiałów zapewniających trwałość.
Noise-Cancelling Cover 199,Doskonały jako prezent dla bliskiej osoby.
Affordable Router 8178,Zaprojektowany z myślą o komforcie użytkownika. wykonany z wysokiej jakości materiałów zapewniających trwałość.
Elegant Toy 5831,Dzięki kompaktowym wymiarom łatwy do przenoszenia. doskonały jako prezent dla bliskiej osoby.
Adjustable Stand 4827,Łatwy w utrzymaniu czystości i bardzo praktyczny. wykonany z wysokiej jakości materiałów zapewniających trwałość.
Robust Bicycle 312,"Lekki, a jednocześnie wyjątkowo solidny."
Efficient Glove 6528,Doskonały jako prezent dla bliskiej osoby.
Smart Tool 4811,Idealny do codziennego użytku w domu i biurze.
Eco-Conscious Glasses 237,Idealny do codziennego użytku w domu i biurze. zaprojektowany z myślą o komforcie użytkownika.
Powerful Monitor 2310,Nowoczesny design pasujący do każdego wnętrza. nowoczesny design pasujący do każdego wnętrza.
Refined Glove 8713,"Prosty, ale niezwykle funkcjonalny. prosty, ale niezwykle funkcjonalny."
Lightweight Bicycle 5630,"Prosty, ale niezwykle funkcjonalny. nowoczesny design pasujący do każdego wnętrza."
Reliable Charger 5001,Nowoczesny design pasujący do każdego wnętrza. dzięki kompaktowym wymiarom łatwy do przenoszenia.
Robust Necklace 245,Doskonały jako prezent dla bliskiej osoby. wykonany z wysokiej jakości materiałów zapewniających trwałość.
Elegant Fan 5525,Idealny do codziennego użytku w domu i biurze.
Elegant Notebook 2650,Doskonały jako prezent dla bliskiej osoby.
Eco-Friendly Mug 4773,Świetnie sprawdza się w podróży i codziennym użytkowaniu. świetnie sprawdza się w podróży i codziennym użytkowaniu.
Eco-Safe Phone 6231,Dzięki kompaktowym wymiarom łatwy do przenoszenia. zaprojektowany z myślą o komforcie użytkownika.
Portable Monitor 4079,Świetnie sprawdza się w podróży i codziennym użytkowaniu. dzięki kompaktowym wymiarom łatwy do przenoszenia.
Practical Camera 7207,Zaprojektowany z myślą o komforcie użytkownika.
Minimalist Glove 4492,Wykonany z wysokiej jakości materiałów zapewniających trwałość.
Affordable Jacket 1112,"Lekki, a jednocześnie wyjątkowo solidny."
Smart-Enabled Drill 3329,Dzięki kompaktowym wymiarom łatwy do przenoszenia.
Affordable Plate 1488,Łatwy w utrzymaniu czystości i bardzo praktyczny.
Robust Powerbank 5630,Zaprojektowany z myślą o komforcie użytkownika.
Transparent Headphones 8609,Zaprojektowany z myślą o komforcie użytkownika. wykonany z wysokiej jakości materiałów zapewniających trwałość.
Magnetic Towel 687,Idealny do codziennego użytku w domu i biurze. nowoczesny design pasujący do każdego wnętrza.
Smart-Enabled Mug 7005,Świetnie sprawdza się w podróży i codziennym użytkowaniu. świetnie sprawdza się w podróży i codziennym użytkowaniu.
Premium-Grade Necklace 1745,Świetnie sprawdza się w podróży i codziennym użytkowaniu.
Comfortable Table 5512,Nowoczesny design pasujący do każdego wnętrza.
Energy-Saving Holder 9862,"Zaprojektowany z myślą o komforcie użytkownika. prosty, ale niezwykle funkcjonalny."
Powerful Stand 6187,Dzięki kompaktowym wymiarom łatwy do przenoszenia.
Durable Cushion 3340,Nowoczesny design pasujący do każdego wnętrza.
Advanced Camera 768,Nowoczesny design pasujący do każdego wnętrza. zaprojektowany z myślą o komforcie użytkownika.
Durable Flashlight 1352,Dzięki kompaktowym wymiarom łatwy do przenoszenia. dzięki kompaktowym wymiarom łatwy do przenoszenia.
Eco-Safe Screen 7039,Zaprojektowany z myślą o komforcie użytkownika.
Transparent Shoe 9296,Wykonany z wysokiej jakości materiałów zapewniających trwałość.
Ergonomic Bench 5304,"Prosty, ale niezwykle funkcjonalny."
Elegant Tripod 1275,Nowoczesny design pasujący do każdego wnętrza.
Adjustable Bag 9388,Idealny do codziennego użytku w domu i biurze. doskonały jako prezent dla bliskiej osoby.
Eco-Safe Belt 3706,"Lekki, a jednocześnie wyjątkowo solidny."
Comfortable Brush 4235,Idealny do codziennego użytku w domu i biurze.
Energy-Saving Keyboard 2422,Idealny do codziennego użytku w domu i biurze. idealny do codziennego użytku w domu i biurze.
Eco-Conscious Basket 7721,Nowoczesny design pasujący do każdego wnętrza. świetnie sprawdza się w podróży i codziennym użytkowaniu.
Premium-Grade Headphones 2923,Łatwy w utrzymaniu czystości i bardzo praktyczny.
Rechargeable Drone 885,Nowoczesny design pasujący do każdego wnętrza.
Noise-Cancelling Tablet 1094,Świetnie sprawdza się w podróży i codziennym użytkowaniu.
Compact Printer 6556,Nowoczesny design pasujący do każdego wnętrza.
Energy-Saving Shoe 1695,Nowoczesny design pasujący do każdego wnętrza.
Wireless Holder 7666,"Prosty, ale niezwykle funkcjonalny."
Rechargeable Shoe 2968,Nowoczesny design pasujący do każdego wnętrza. łatwy w utrzymaniu czystości i bardzo praktyczny.
Stylish Notebook 1263,Łatwy w utrzymaniu czystości i bardzo praktyczny.
Flexible Towel 5127,Idealny do codziennego użytku w domu i biurze. wykonany z wysokiej jakości materiałów zapewniających trwałość.
Smart Frame 6912,Nowoczesny design pasujący do każdego wnętrza.
Magnetic Drone 5079,Łatwy w utrzymaniu czystości i bardzo praktyczny.
Smart-Enabled Case 6495,"Lekki, a jednocześnie wyjątkowo solidny. idealny do codziennego użytku w domu i biurze."
Innovative Screen 3976,Świetnie sprawdza się w podróży i codziennym użytkowaniu.
Luxury Powerbank 8367,Doskonały jako prezent dla bliskiej osoby. zaprojektowany z myślą o komforcie użytkownika.
Adjustable Flashlight 8334,Doskonały jako prezent dla bliskiej osoby.
High-Quality Pen 3557,Łatwy w utrzymaniu czystości i bardzo praktyczny.
Energy-Saving Belt 4517,Dzięki kompaktowym wymiarom łatwy do przenoszenia.
Powerful Drill 9440,Idealny do codziennego użytku w domu i biurze.
Noise-Cancelling Mirror 4348,Świetnie sprawdza się w podróży i codziennym użytkowaniu.
Versatile Blanket 3276,Łatwy w utrzymaniu czystości i bardzo praktyczny.
Comfortable Bench 66,Łatwy w utrzymaniu czystości i bardzo praktyczny.
Luxury Powerbank 2805,Idealny do codziennego użytku w domu i biurze. wykonany z wysokiej jakości materiałów zapewniających trwałość.
Rechargeable Cover 7843,Dzięki kompaktowym wymiarom łatwy do przenoszenia. zaprojektowany z myślą o komforcie użytkownika.
Portable Frame 1019,Nowoczesny design pasujący do każdego wnętrza.
Efficient Mat 4804,Wykonany z wysokiej jakości materiałów zapewniających trwałość.
Flexible Cable 4015,"Prosty, ale niezwykle funkcjonalny."
Smart Mirror 7814,"Prosty, ale niezwykle funkcjonalny."
Rechargeable Case 1359,"Lekki, a jednocześnie wyjątkowo solidny."
Ultra-Light Bottle 2890,"Prosty, ale niezwykle funkcjonalny. lekki, a jednocześnie wyjątkowo solidny."
Luxury Towel 291,"Lekki, a jednocześnie wyjątkowo solidny. idealny do codziennego użytku w domu i biurze."
Strong Cover 1347,Doskonały jako prezent dla bliskiej osoby.
Durable Tool 7081,"Nowoczesny design pasujący do każdego wnętrza. lekki, a jednocześnie wyjątkowo solidny."
Innovative Case 8348,"Lekki, a jednocześnie wyjątkowo solidny."
Soft Drone 1163,Idealny do codziennego użytku w domu i biurze.
Portable Bag 45,Zaprojektowany z myślą o komforcie użytkownika. wykonany z wysokiej jakości materiałów zapewniających trwałość.
Modern Jacket 1456,Doskonały jako prezent dla bliskiej osoby. świetnie sprawdza się w podróży i codziennym użytkowaniu.
Sustainable Flashlight 5028,"Prosty, ale niezwykle funkcjonalny. dzięki kompaktowym wymiarom łatwy do przenoszenia."
Eco-Conscious Printer 4208,"Lekki, a jednocześnie wyjątkowo solidny. dzięki kompaktowym wymiarom łatwy do przenoszenia."
Modern Clock 74,"Prosty, ale niezwykle funkcjonalny. prosty, ale niezwykle funkcjonalny."
Lightweight Towel 9036,Dzięki kompaktowym wymiarom łatwy do przenoszenia.
High-Quality Cup 4586,Świetnie sprawdza się w podróży i codziennym użytkowaniu.
Compact Brush 4369,Świetnie sprawdza się w podróży i codziennym użytkowaniu.
Luxury Towel 4743,Wykonany z wysokiej jakości materiałów zapewniających trwałość. dzięki kompaktowym wymiarom łatwy do przenoszenia.
Energy-Saving Scarf 5723,"Świetnie sprawdza się w podróży i codziennym użytkowaniu. prosty, ale niezwykle funkcjonalny."
Powerful Cup 6665,Doskonały jako prezent dla bliskiej osoby. nowoczesny design pasujący do każdego wnętrza.
Premium-Grade Bench 9240,Łatwy w utrzymaniu czystości i bardzo praktyczny.
Precision Phone 6103,Nowoczesny design pasujący do każdego wnętrza.
Balanced Shoe 6679,Świetnie sprawdza się w podróży i codziennym użytkowaniu.
Robust Tool 3224,Nowoczesny design pasujący do każdego wnętrza. nowoczesny design pasujący do każdego wnętrza.
Noise-Cancelling Flashlight 2521,"Prosty, ale niezwykle funkcjonalny. prosty, ale niezwykle funkcjonalny."
Reliable Wallet 1783,"Łatwy w utrzymaniu czystości i bardzo praktyczny. prosty, ale niezwykle funkcjonalny."
Innovative Tripod 6297,Idealny do codziennego użytku w domu i biurze. zaprojektowany z myślą o komforcie użytkownika.
Ergonomic Phone 8339,Zaprojektowany z myślą o komforcie użytkownika.
Strong Monitor 8877,"Lekki, a jednocześnie wyjątkowo solidny."
Balanced Camera 2549,Łatwy w utrzymaniu czystości i bardzo praktyczny.
Eco-Safe Ring 3078,Łatwy w utrzymaniu czystości i bardzo praktyczny. zaprojektowany z myślą o komforcie użytkownika.
Multi-Functional Case 1942,"Lekki, a jednocześnie wyjątkowo solidny."
Eco-Friendly Router 3254,Nowoczesny design pasujący do każdego wnętrza.
Durable Drone 9730,Dzięki kompaktowym wymiarom łatwy do przenoszenia.
Premium-Grade Cover 2434,Wykonany z wysokiej jakości materiałów zapewniających trwałość.
Energy-Saving Charger 4854,Wykonany z wysokiej jakości materiałów zapewniających trwałość.
Premium Frame 2890,"Świetnie sprawdza się w podróży i codziennym użytkowaniu. lekki, a jednocześnie wyjątkowo solidny."
Foldable Table 7946,Dzięki kompaktowym wymiarom łatwy do przenoszenia.
Rechargeable Blanket 6658,Zaprojektowany z myślą o komforcie użytkownika. wykonany z wysokiej jakości materiałów zapewniających trwałość.
Eco-Safe Necklace 6179,Doskonały jako prezent dla bliskiej osoby.
Classic Bag 4686,Idealny do codziennego użytku w domu i biurze. idealny do codziennego użytku w domu i biurze.
Minimalist Screen 2000,Wykonany z wysokiej jakości materiałów zapewniających trwałość.
Energy-Saving Towel 6469,Doskonały jako prezent dla bliskiej osoby. dzięki kompaktowym wymiarom łatwy do przenoszenia.
Balanced Mirror 2527,Dzięki kompaktowym wymiarom łatwy do przenoszenia.
Elegant Mouse 5089,"Lekki, a jednocześnie wyjątkowo solidny."
Strong Towel 2634,Dzięki kompaktowym wymiarom łatwy do przenoszenia. wykonany z wysokiej jakości materiałów zapewniających trwałość.
Practical Clock 69,"Prosty, ale niezwykle funkcjonalny. zaprojektowany z myślą o komforcie użytkownika."
Strong Stand 9658,Łatwy w utrzymaniu czystości i bardzo praktyczny.
Wireless Lamp 7826,Nowoczesny design pasujący do każdego wnętrza.
Ultra-Light Basket 4683,"Lekki, a jednocześnie wyjątkowo solidny. zaprojektowany z myślą o komforcie użytkownika."
Precision Bicycle 5983,Dzięki kompaktowym wymiarom łatwy do przenoszenia.
Minimalist Mirror 7128,"Prosty, ale niezwykle funkcjonalny. lekki, a jednocześnie wyjątkowo solidny."
Ergonomic Tool 8919,"Wykonany z wysokiej jakości materiałów zapewniających trwałość. prosty, ale niezwykle funkcjonalny."
Eco-Friendly Table 9663,Wykonany z wysokiej jakości materiałów zapewniających trwałość.
Adjustable Camera 962,Świetnie sprawdza się w podróży i codziennym użytkowaniu. nowoczesny design pasujący do każdego wnętrza.
Ergonomic Speaker 5178,"Prosty, ale niezwykle funkcjonalny."
Precision Pillow 3350,Wykonany z wysokiej jakości materiałów zapewniających trwałość. wykonany z wysokiej jakości materiałów zapewniających trwałość.
Modern Cover 4340,Idealny do codziennego użytku w domu i biurze.
Multi-Functional Case 8659,Zaprojektowany z myślą o komforcie użytkownika. wykonany z wysokiej jakości materiałów zapewniających trwałość.
Smart-Enabled Flashlight 5324,"Lekki, a jednocześnie wyjątkowo solidny. nowoczesny design pasujący do każdego wnętrza."
Premium-Grade Clock 3513,"Lekki, a jednocześnie wyjątkowo solidny. lekki, a jednocześnie wyjątkowo solidny."
Luxury Umbrella 7109,"Lekki, a jednocześnie wyjątkowo solidny. wykonany z wysokiej jakości materiałów zapewniających trwałość."
Noise-Cancelling Headphones 636,"Prosty, ale niezwykle funkcjonalny."
Classic Umbrella 8559,Idealny do codziennego użytku w domu i biurze.
Portable Charger 1408,Zaprojektowany z myślą o komforcie użytkownika. dzięki kompaktowym wymiarom łatwy do przenoszenia.
Rechargeable Printer 1344,Świetnie sprawdza się w podróży i codziennym użytkowaniu. idealny do codziennego użytku w domu i biurze.
Ultra-Light Monitor 8049,Nowoczesny design pasujący do każdego wnętrza.
Minimalist Bottle 6072,Doskonały jako prezent dla bliskiej osoby.
Robust Notebook 1397,Wykonany z wysokiej jakości materiałów zapewniających trwałość.
Robust Speaker 8382,Zaprojektowany z myślą o komforcie użytkownika. wykonany z wysokiej jakości materiałów zapewniających trwałość.
Multi-Functional Camera 7437,"Łatwy w utrzymaniu czystości i bardzo praktyczny. lekki, a jednocześnie wyjątkowo solidny."
Adjustable Router 4851,Dzięki kompaktowym wymiarom łatwy do przenoszenia.
Efficient Notebook 3437,Doskonały jako prezent dla bliskiej osoby. dzięki kompaktowym wymiarom łatwy do przenoszenia.
Portable Glove 1464,Wykonany z wysokiej jakości materiałów zapewniających trwałość.
Smart Necklace 6312,Doskonały jako prezent dla bliskiej osoby.
Strong Screen 2477,Doskonały jako prezent dla bliskiej osoby. idealny do codziennego użytku w domu i biurze.
Foldable Notebook 8677,"Prosty, ale niezwykle funkcjonalny."
Compact Bicycle 1050,"Zaprojektowany z myślą o komforcie użytkownika. lekki, a jednocześnie wyjątkowo solidny."
Premium Drone 6421,Zaprojektowany z myślą o komforcie użytkownika.
High-Quality Razor 724,Łatwy w utrzymaniu czystości i bardzo praktyczny.
Rechargeable Keyboard 6072,Świetnie sprawdza się w podróży i codziennym użytkowaniu. łatwy w utrzymaniu czystości i bardzo praktyczny.
Dynamic Phone 4254,Nowoczesny design pasujący do każdego wnętrza.
Compact Frame 8750,"Lekki, a jednocześnie wyjątkowo solidny. zaprojektowany z myślą o komforcie użytkownika."
Transparent Box 7152,Dzięki kompaktowym wymiarom łatwy do przenoszenia.
Minimalist Glove 3544,Łatwy w utrzymaniu czystości i bardzo praktyczny. dzięki kompaktowym wymiarom łatwy do przenoszenia.
Wireless Mirror 637,Świetnie sprawdza się w podróży i codziennym użytkowaniu.
Colorful Cable 9667,Łatwy w utrzymaniu czystości i bardzo praktyczny. nowoczesny design pasujący do każdego wnętrza.
Luxury Printer 9825,Idealny do codziennego użytku w domu i biurze. doskonały jako prezent dla bliskiej osoby.
Reliable Drone 5003,Wykonany z wysokiej jakości materiałów zapewniających trwałość.
Flexible Box 6531,Wykonany z wysokiej jakości materiałów zapewniających trwałość. dzięki kompaktowym wymiarom łatwy do przenoszenia.
Smart Keyboard 402,Zaprojektowany z myślą o komforcie użytkownika.
Smart Pillow 9930,Łatwy w utrzymaniu czystości i bardzo praktyczny. nowoczesny design pasujący do każdego wnętrza.
Compact Mat 5315,"Nowoczesny design pasujący do każdego wnętrza. prosty, ale niezwykle funkcjonalny."
Customizable Ring 2905,Zaprojektowany z myślą o komforcie użytkownika. świetnie sprawdza się w podróży i codziennym użytkowaniu.
Durable Headphones 6638,Nowoczesny design pasujący do każdego wnętrza. dzięki kompaktowym wymiarom łatwy do przenoszenia.
Powerful Headphones 3601,Nowoczesny design pasujący do każdego wnętrza. doskonały jako prezent dla bliskiej osoby.
Colorful Umbrella 6425,Świetnie sprawdza się w podróży i codziennym użytkowaniu. doskonały jako prezent dla bliskiej osoby.
Advanced Box 9150,Doskonały jako prezent dla bliskiej osoby.
Practical Scarf 9569,Zaprojektowany z myślą o komforcie użytkownika.
Customizable Camera 3855,Nowoczesny design pasujący do każdego wnętrza. idealny do codziennego użytku w domu i biurze.
Elegant Printer 725,Świetnie sprawdza się w podróży i codziennym użytkowaniu.
Eco-Conscious Router 5011,Łatwy w utrzymaniu czystości i bardzo praktyczny.
Eco-Conscious Watch 2609,Łatwy w utrzymaniu czystości i bardzo praktyczny.
Colorful Frame 415,"Prosty, ale niezwykle funkcjonalny."
Ergonomic Brush 3317,Zaprojektowany z myślą o komforcie użytkownika.
Affordable Notebook 5630,Dzięki kompaktowym wymiarom łatwy do przenoszenia. łatwy w utrzymaniu czystości i bardzo praktyczny.
Powerful Container 2396,Doskonały jako prezent dla bliskiej osoby.
Flexible Shoe 5857,Łatwy w utrzymaniu czystości i bardzo praktyczny.
Rechargeable Bench 8133,Idealny do codziennego użytku w domu i biurze.
Versatile Brush 6176,Dzięki kompaktowym wymiarom łatwy do przenoszenia.
Portable Tripod 1053,"Łatwy w utrzymaniu czystości i bardzo praktyczny. prosty, ale niezwykle funkcjonalny."
Magnetic Mirror 1922,Dzięki kompaktowym wymiarom łatwy do przenoszenia. dzięki kompaktowym wymiarom łatwy do przenoszenia.
Reliable Cushion 1528,Idealny do codziennego użytku w domu i biurze.
Eco-Conscious Cushion 4333,"Nowoczesny design pasujący do każdego wnętrza. prosty, ale niezwykle funkcjonalny."
Robust Charger 2640,Nowoczesny design pasujący do każdego wnętrza. idealny do codziennego użytku w domu i biurze.
Strong Mouse 4360,Nowoczesny design pasujący do każdego wnętrza.
Refined Cushion 8164,Świetnie sprawdza się w podróży i codziennym użytkowaniu. doskonały jako prezent dla bliskiej osoby.
Durable Clock 8451,"Idealny do codziennego użytku w domu i biurze. lekki, a jednocześnie wyjątkowo solidny."
Foldable Case 8807,Dzięki kompaktowym wymiarom łatwy do przenoszenia.
Flexible Stand 8514,Idealny do codziennego użytku w domu i biurze.
Classic Clock 3792,Dzięki kompaktowym wymiarom łatwy do przenoszenia. nowoczesny design pasujący do każdego wnętrza.
Waterproof Bench 9797,"Lekki, a jednocześnie wyjątkowo solidny. idealny do codziennego użytku w domu i biurze."
Rechargeable Box 5521,Świetnie sprawdza się w podróży i codziennym użytkowaniu.
Ergonomic Drone 9414,"Zaprojektowany z myślą o komforcie użytkownika. prosty, ale niezwykle funkcjonalny."
Smart-Enabled Scarf 3256,Doskonały jako prezent dla bliskiej osoby.
Strong Screen 1302,Idealny do codziennego użytku w domu i biurze.
Stylish Holder 3296,Nowoczesny design pasujący do każdego wnętrza.
Practical Bottle 2386,Zaprojektowany z myślą o komforcie użytkownika.
Magnetic Printer 4153,Wykonany z wysokiej jakości materiałów zapewniających trwałość.
Premium Towel 7366,"Lekki, a jednocześnie wyjątkowo solidny."
Foldable Phone 9757,Wykonany z wysokiej jakości materiałów zapewniających trwałość.
Flexible Toy 8292,Dzięki kompaktowym wymiarom łatwy do przenoszenia.
Powerful Flashlight 8166,Dzięki kompaktowym wymiarom łatwy do przenoszenia. świetnie sprawdza się w podróży i codziennym użytkowaniu.
Multi-Functional Router 5086,Idealny do codziennego użytku w domu i biurze. zaprojektowany z myślą o komforcie użytkownika.
Comfortable Tool 6621,Doskonały jako prezent dla bliskiej osoby. łatwy w utrzymaniu czystości i bardzo praktyczny.
Precision Blanket 4259,"Wykonany z wysokiej jakości materiałów zapewniających trwałość. prosty, ale niezwykle funkcjonalny."
Premium-Grade Mouse 7305,"Lekki, a jednocześnie wyjątkowo solidny."
Ergonomic Keyboard 5410,Doskonały jako prezent dla bliskiej osoby. idealny do codziennego użytku w domu i biurze.
Elegant Shoe 1417,"Lekki, a jednocześnie wyjątkowo solidny. lekki, a jednocześnie wyjątkowo solidny."
Classic Screen 4747,Wykonany z wysokiej jakości materiałów zapewniających trwałość.
Eco-Safe Chair 1807,Wykonany z wysokiej jakości materiałów zapewniających trwałość.
Compact Backpack 9986,Idealny do codziennego użytku w domu i biurze.
Dynamic Shoe 9103,Doskonały jako prezent dla bliskiej osoby. dzięki kompaktowym wymiarom łatwy do przenoszenia.
Eco-Conscious Speaker 2414,"Prosty, ale niezwykle funkcjonalny."
Compact Charger 9248,"Prosty, ale niezwykle funkcjonalny. nowoczesny design pasujący do każdego wnętrza."
Eco-Friendly Box 5798,Zaprojektowany z myślą o komforcie użytkownika. doskonały jako prezent dla bliskiej osoby.
Energy-Saving Cushion 6579,Idealny do codziennego użytku w domu i biurze. doskonały jako prezent dla bliskiej osoby.
Smart Scarf 4323,"Prosty, ale niezwykle funkcjonalny."
Waterproof Mirror 8729,"Prosty, ale niezwykle funkcjonalny. łatwy w utrzymaniu czystości i bardzo praktyczny."
Foldable Mouse 5280,Nowoczesny design pasujący do każdego wnętrza.
Customizable Drone 6507,"Lekki, a jednocześnie wyjątkowo solidny. wykonany z wysokiej jakości materiałów zapewniających trwałość."
Strong Watch 4140,Zaprojektowany z myślą o komforcie użytkownika. doskonały jako prezent dla bliskiej osoby.
Ergonomic Toy 7171,Dzięki kompaktowym wymiarom łatwy do przenoszenia.
Strong Towel 9490,Wykonany z wysokiej jakości materiałów zapewniających trwałość.
Classic Holder 904,"Prosty, ale niezwykle funkcjonalny."
Durable Umbrella 7137,Nowoczesny design pasujący do każdego wnętrza. łatwy w utrzymaniu czystości i bardzo praktyczny.
Lightweight Charger 8807,Łatwy w utrzymaniu czystości i bardzo praktyczny.
Adjustable Bag 9167,Idealny do codziennego użytku w domu i biurze. nowoczesny design pasujący do każdego wnętrza.
Innovative Basket 7941,Świetnie sprawdza się w podróży i codziennym użytkowaniu. idealny do codziennego użytku w domu i biurze.
Powerful Bicycle 2945,Idealny do codziennego użytku w domu i biurze.
Efficient Mug 5346,Idealny do codziennego użytku w domu i biurze.
Transparent Plate 8110,Nowoczesny design pasujący do każdego wnętrza. doskonały jako prezent dla bliskiej osoby.
Rechargeable Speaker 4831,"Prosty, ale niezwykle funkcjonalny."
Robust Table 7079,Nowoczesny design pasujący do każdego wnętrza. świetnie sprawdza się w podróży i codziennym użytkowaniu.
Waterproof Brush 8037,Łatwy w utrzymaniu czystości i bardzo praktyczny. doskonały jako prezent dla bliskiej osoby.
High-Quality Basket 9346,Łatwy w utrzymaniu czystości i bardzo praktyczny.
Luxury Pen 9914,"Dzięki kompaktowym wymiarom łatwy do przenoszenia. prosty, ale niezwykle funkcjonalny."
Adjustable Cup 6726,Świetnie sprawdza się w podróży i codziennym użytkowaniu. doskonały jako prezent dla bliskiej osoby.
Strong Basket 124,Idealny do codziennego użytku w domu i biurze. nowoczesny design pasujący do każdego wnętrza.
Robust Chair 9382,"Prosty, ale niezwykle funkcjonalny. świetnie sprawdza się w podróży i codziennym użytkowaniu."
Refined Screen 1049,Dzięki kompaktowym wymiarom łatwy do przenoszenia.
Reliable Monitor 8702,Idealny do codziennego użytku w domu i biurze.
Luxury Bicycle 9993,Wykonany z wysokiej jakości materiałów zapewniających trwałość. wykonany z wysokiej jakości materiałów zapewniających trwałość.
Lightweight Plate 7003,Wykonany z wysokiej jakości materiałów zapewniających trwałość.
Durable Ring 8901,Zaprojektowany z myślą o komforcie użytkownika.
Smart Router 9323,Dzięki kompaktowym wymiarom łatwy do przenoszenia.
Eco-Safe Cover 8013,Zaprojektowany z myślą o komforcie użytkownika. wykonany z wysokiej jakości materiałów zapewniających trwałość.
Magnetic Watch 219,Doskonały jako prezent dla bliskiej osoby. doskonały jako prezent dla bliskiej osoby.
Reliable Fan 7639,Doskonały jako prezent dla bliskiej osoby.
Wireless Lamp 8241,Wykonany z wysokiej jakości materiałów zapewniających trwałość.
Luxury Pen 2184,"Lekki, a jednocześnie wyjątkowo solidny."
Robust Cup 3548,Idealny do codziennego użytku w domu i biurze. dzięki kompaktowym wymiarom łatwy do przenoszenia.
Ergonomic Blanket 6254,Łatwy w utrzymaniu czystości i bardzo praktyczny.
Sustainable Flashlight 6245,Doskonały jako prezent dla bliskiej osoby.
Compact Frame 9796,Dzięki kompaktowym wymiarom łatwy do przenoszenia. zaprojektowany z myślą o komforcie użytkownika.
Magnetic Cushion 9815,"Wykonany z wysokiej jakości materiałów zapewniających trwałość. lekki, a jednocześnie wyjątkowo solidny."
Customizable Phone 6971,Świetnie sprawdza się w podróży i codziennym użytkowaniu.
Ergonomic Belt 3722,Idealny do codziennego użytku w domu i biurze.
Stylish Pillow 5993,Doskonały jako prezent dla bliskiej osoby.
Eco-Safe Glasses 604,Dzięki kompaktowym wymiarom łatwy do przenoszenia.
Adjustable Powerbank 4621,Świetnie sprawdza się w podróży i codziennym użytkowaniu.
Balanced Screen 7130,Łatwy w utrzymaniu czystości i bardzo praktyczny.
Eco-Friendly Bicycle 6021,Idealny do codziennego użytku w domu i biurze. idealny do codziennego użytku w domu i biurze.
Transparent Mouse 4573,"Lekki, a jednocześnie wyjątkowo solidny."
Classic Backpack 6861,Nowoczesny design pasujący do każdego wnętrza.
Transparent Keyboard 3969,Świetnie sprawdza się w podróży i codziennym użytkowaniu.
Refined Bench 8804,"Prosty, ale niezwykle funkcjonalny. prosty, ale niezwykle funkcjonalny."
Modern Towel 6583,Zaprojektowany z myślą o komforcie użytkownika.
Balanced Pillow 3112,Zaprojektowany z myślą o komforcie użytkownika. wykonany z wysokiej jakości materiałów zapewniających trwałość.
Foldable Umbrella 9076,Świetnie sprawdza się w podróży i codziennym użytkowaniu.
Wireless Pillow 3650,Łatwy w utrzymaniu czystości i bardzo praktyczny. doskonały jako prezent dla bliskiej osoby.
Stylish Box 2977,Dzięki kompaktowym wymiarom łatwy do przenoszenia. dzięki kompaktowym wymiarom łatwy do przenoszenia.
Foldable Fan 4419,Nowoczesny design pasujący do każdego wnętrza.
Compact Pillow 1517,"Lekki, a jednocześnie wyjątkowo solidny. doskonały jako prezent dla bliskiej osoby."
Compact Drill 6846,"Lekki, a jednocześnie wyjątkowo solidny."
Eco-Friendly Shoe 1967,Doskonały jako prezent dla bliskiej osoby. wykonany z wysokiej jakości materiałów zapewniających trwałość.
Modern Charger 8108,Idealny do codziennego użytku w domu i biurze.
Innovative Drone 1494,Wykonany z wysokiej jakości materiałów zapewniających trwałość.
Classic Watch 8988,Świetnie sprawdza się w podróży i codziennym użytkowaniu. świetnie sprawdza się w podróży i codziennym użytkowaniu.
Eco-Conscious Glove 9245,Doskonały jako prezent dla bliskiej osoby.
Stylish Notebook 8323,Doskonały jako prezent dla bliskiej osoby.
Versatile Camera 5154,"Lekki, a jednocześnie wyjątkowo solidny."
Lightweight Drill 1316,Świetnie sprawdza się w podróży i codziennym użytkowaniu.
High-Quality Notebook 19,Nowoczesny design pasujący do każdego wnętrza.
Rechargeable Cup 8219,"Prosty, ale niezwykle funkcjonalny."
High-Quality Umbrella 4267,"Prosty, ale niezwykle funkcjonalny."
Reliable Cup 7623,Łatwy w utrzymaniu czystości i bardzo praktyczny.
Stylish Brush 70,Doskonały jako prezent dla bliskiej osoby.
Modern Blanket 6955,Dzięki kompaktowym wymiarom łatwy do przenoszenia.
Affordable Scarf 4002,Dzięki kompaktowym wymiarom łatwy do przenoszenia.
Stylish Scarf 5325,Dzięki kompaktowym wymiarom łatwy do przenoszenia. świetnie sprawdza się w podróży i codziennym użytkowaniu.
Strong Brush 5900,"Nowoczesny design pasujący do każdego wnętrza. prosty, ale niezwykle funkcjonalny."
Eco-Conscious Cup 4346,Zaprojektowany z myślą o komforcie użytkownika.
Innovative Camera 5760,Wykonany z wysokiej jakości materiałów zapewniających trwałość.
Premium-Grade Notebook 3366,Łatwy w utrzymaniu czystości i bardzo praktyczny.
Sustainable Powerbank 2947,Świetnie sprawdza się w podróży i codziennym użytkowaniu.
Dynamic Mug 2006,Łatwy w utrzymaniu czystości i bardzo praktyczny.
Lightweight Lamp 5092,Łatwy w utrzymaniu czystości i bardzo praktyczny.
Advanced Speaker 625,"Lekki, a jednocześnie wyjątkowo solidny."
Refined Speaker 663,Świetnie sprawdza się w podróży i codziennym użytkowaniu.
Robust Cup 9592,Zaprojektowany z myślą o komforcie użytkownika. łatwy w utrzymaniu czystości i bardzo praktyczny.
Customizable Frame 2386,Zaprojektowany z myślą o komforcie użytkownika.
Balanced Bench 5687,Świetnie sprawdza się w podróży i codziennym użytkowaniu. doskonały jako prezent dla bliskiej osoby.
Eco-Conscious Clock 6681,Doskonały jako prezent dla bliskiej osoby. nowoczesny design pasujący do każdego wnętrza.
Portable Ring 8907,Zaprojektowany z myślą o komforcie użytkownika. świetnie sprawdza się w podróży i codziennym użytkowaniu.
Efficient Blanket 9593,Świetnie sprawdza się w podróży i codziennym użytkowaniu. wykonany z wysokiej jakości materiałów zapewniających trwałość.
Noise-Cancelling Razor 5267,Doskonały jako prezent dla bliskiej osoby.
Dynamic Toy 4761,Doskonały jako prezent dla bliskiej osoby. idealny do codziennego użytku w domu i biurze.
Multi-Functional Container 1821,Idealny do codziennego użytku w domu i biurze. idealny do codziennego użytku w domu i biurze.
Flexible Umbrella 327,Doskonały jako prezent dla bliskiej osoby. świetnie sprawdza się w podróży i codziennym użytkowaniu.
Wireless Shoe 3838,"Lekki, a jednocześnie wyjątkowo solidny."
Reliable Umbrella 9648,Nowoczesny design pasujący do każdego wnętrza.
Lightweight Mirror 3590,Świetnie sprawdza się w podróży i codziennym użytkowaniu.
Precision Tripod 6671,"Lekki, a jednocześnie wyjątkowo solidny."
Colorful Router 3,Wykonany z wysokiej jakości materiałów zapewniających trwałość. wykonany z wysokiej jakości materiałów zapewniających trwałość.
Dynamic Blanket 7682,"Prosty, ale niezwykle funkcjonalny."
Advanced Notebook 8772,Dzięki kompaktowym wymiarom łatwy do przenoszenia.
Ergonomic Powerbank 4716,Świetnie sprawdza się w podróży i codziennym użytkowaniu.
Magnetic Keyboard 286,"Prosty, ale niezwykle funkcjonalny. wykonany z wysokiej jakości materiałów zapewniających trwałość."
Ultra-Light Tripod 6263,Doskonały jako prezent dla bliskiej osoby. zaprojektowany z myślą o komforcie użytkownika.
Practical Scarf 9010,Dzięki kompaktowym wymiarom łatwy do przenoszenia.
Lightweight Fan 6478,Dzięki kompaktowym wymiarom łatwy do przenoszenia.
Smart Monitor 9775,Idealny do codziennego użytku w domu i biurze.
Advanced Container 2670,Dzięki kompaktowym wymiarom łatwy do przenoszenia.
Innovative Notebook 9337,Idealny do codziennego użytku w domu i biurze. dzięki kompaktowym wymiarom łatwy do przenoszenia.
Strong Tool 7760,Idealny do codziennego użytku w domu i biurze.
Portable Plate 2615,Wykonany z wysokiej jakości materiałów zapewniających trwałość. idealny do codziennego użytku w domu i biurze.
Smart Glasses 2572,Idealny do codziennego użytku w domu i biurze. zaprojektowany z myślą o komforcie użytkownika.
Practical Brush 1013,Łatwy w utrzymaniu czystości i bardzo praktyczny. nowoczesny design pasujący do każdego wnętrza.
Strong Chair 1167,Łatwy w utrzymaniu czystości i bardzo praktyczny. łatwy w utrzymaniu czystości i bardzo praktyczny.
Energy-Saving Bottle 4797,Świetnie sprawdza się w podróży i codziennym użytkowaniu.
Ultra-Light Belt 6910,Zaprojektowany z myślą o komforcie użytkownika.
Lightweight Speaker 8605,"Nowoczesny design pasujący do każdego wnętrza. prosty, ale niezwykle funkcjonalny."
Luxury Ring 3221,"Prosty, ale niezwykle funkcjonalny. łatwy w utrzymaniu czystości i bardzo praktyczny."
Precision Umbrella 191,"Świetnie sprawdza się w podróży i codziennym użytkowaniu. prosty, ale niezwykle funkcjonalny."
Adjustable Tablet 7780,"Łatwy w utrzymaniu czystości i bardzo praktyczny. prosty, ale niezwykle funkcjonalny."
Comfortable Lamp 8564,Wykonany z wysokiej jakości materiałów zapewniających trwałość.
Practical Flashlight 1955,Wykonany z wysokiej jakości materiałów zapewniających trwałość.
Refined Jacket 3170,Idealny do codziennego użytku w domu i biurze. dzięki kompaktowym wymiarom łatwy do przenoszenia.
Multi-Functional Table 4441,Zaprojektowany z myślą o komforcie użytkownika.
Comfortable Stand 478,Dzięki kompaktowym wymiarom łatwy do przenoszenia. łatwy w utrzymaniu czystości i bardzo praktyczny.
Precision Clock 4837,"Lekki, a jednocześnie wyjątkowo solidny."
Reliable Glasses 1565,"Prosty, ale niezwykle funkcjonalny."
Versatile Speaker 8386,"Prosty, ale niezwykle funkcjonalny. lekki, a jednocześnie wyjątkowo solidny."
Durable Cable 2918,Łatwy w utrzymaniu czystości i bardzo praktyczny.
Lightweight Belt 1012,Idealny do codziennego użytku w domu i biurze. idealny do codziennego użytku w domu i biurze.
Strong Phone 405,Świetnie sprawdza się w podróży i codziennym użytkowaniu. świetnie sprawdza się w podróży i codziennym użytkowaniu.
Lightweight Notebook 1010,Idealny do codziennego użytku w domu i biurze. zaprojektowany z myślą o komforcie użytkownika.
Sustainable Camera 4736,"Prosty, ale niezwykle funkcjonalny."
Smart-Enabled Basket 6858,Zaprojektowany z myślą o komforcie użytkownika.
Smart-Enabled Umbrella 7645,Świetnie sprawdza się w podróży i codziennym użytkowaniu.
Compact Powerbank 2976,"Prosty, ale niezwykle funkcjonalny. świetnie sprawdza się w podróży i codziennym użytkowaniu."
Portable Razor 8223,Nowoczesny design pasujący do każdego wnętrza.
Noise-Cancelling Bicycle 417,Zaprojektowany z myślą o komforcie użytkownika.
Waterproof Tripod 534,Świetnie sprawdza się w podróży i codziennym użytkowaniu.
Luxury Umbrella 384,Dzięki kompaktowym wymiarom łatwy do przenoszenia.
Reliable Backpack 4711,Dzięki kompaktowym wymiarom łatwy do przenoszenia.
Multi-Functional Backpack 2245,Zaprojektowany z myślą o komforcie użytkownika.
Premium-Grade Drone 5611,Zaprojektowany z myślą o komforcie użytkownika.
Versatile Clock 3219,Idealny do codziennego użytku w domu i biurze. świetnie sprawdza się w podróży i codziennym użytkowaniu.
High-Quality Jacket 8862,"Lekki, a jednocześnie wyjątkowo solidny."
Soft Wallet 6942,Łatwy w utrzymaniu czystości i bardzo praktyczny. zaprojektowany z myślą o komforcie użytkownika.
Eco-Conscious Container 5348,Zaprojektowany z myślą o komforcie użytkownika. zaprojektowany z myślą o komforcie użytkownika.
Rechargeable Razor 5375,Nowoczesny design pasujący do każdego wnętrza.
Rechargeable Frame 9905,Wykonany z wysokiej jakości materiałów zapewniających trwałość. zaprojektowany z myślą o komforcie użytkownika.
Versatile Towel 2184,"Lekki, a jednocześnie wyjątkowo solidny. wykonany z wysokiej jakości materiałów zapewniających trwałość."
Robust Stand 6383,Łatwy w utrzymaniu czystości i bardzo praktyczny.
Adjustable Lamp 5691,Wykonany z wysokiej jakości materiałów zapewniających trwałość.
Premium Bicycle 936,"Nowoczesny design pasujący do każdego wnętrza. prosty, ale niezwykle funkcjonalny."
Flexible Bench 7187,Nowoczesny design pasujący do każdego wnętrza. świetnie sprawdza się w podróży i codziennym użytkowaniu.
Ultra-Light Glasses 3065,Zaprojektowany z myślą o komforcie użytkownika.
Smart Watch 2673,Nowoczesny design pasujący do każdego wnętrza.
Soft Printer 4491,Zaprojektowany z myślą o komforcie użytkownika. dzięki kompaktowym wymiarom łatwy do przenoszenia.
Refined Shelf 6740,"Lekki, a jednocześnie wyjątkowo solidny. doskonały jako prezent dla bliskiej osoby."
Dynamic Chair 9826,Dzięki kompaktowym wymiarom łatwy do przenoszenia. zaprojektowany z myślą o komforcie użytkownika.
High-Quality Tripod 8079,Idealny do codziennego użytku w domu i biurze.
Waterproof Necklace 810,Idealny do codziennego użytku w domu i biurze. wykonany z wysokiej jakości materiałów zapewniających trwałość.
Waterproof Tool 6400,"Świetnie sprawdza się w podróży i codziennym użytkowaniu. lekki, a jednocześnie wyjątkowo solidny."
Portable Table 402,Idealny do codziennego użytku w domu i biurze.
Minimalist Flashlight 9187,"Lekki, a jednocześnie wyjątkowo solidny."
Portable Umbrella 6510,Nowoczesny design pasujący do każdego wnętrza.
Adjustable Umbrella 7339,"Lekki, a jednocześnie wyjątkowo solidny."
Innovative Box 9079,Idealny do codziennego użytku w domu i biurze. łatwy w utrzymaniu czystości i bardzo praktyczny.
Lightweight Umbrella 3131,"Lekki, a jednocześnie wyjątkowo solidny. dzięki kompaktowym wymiarom łatwy do przenoszenia."
Minimalist Screen 4037,Zaprojektowany z myślą o komforcie użytkownika. zaprojektowany z myślą o komforcie użytkownika.
Smart Drone 1560,Doskonały jako prezent dla bliskiej osoby.
Eco-Friendly Ring 9245,"Prosty, ale niezwykle funkcjonalny."
Soft Pen 6104,"Wykonany z wysokiej jakości materiałów zapewniających trwałość. prosty, ale niezwykle funkcjonalny."
Balanced Bag 6076,Nowoczesny design pasujący do każdego wnętrza. idealny do codziennego użytku w domu i biurze.
Energy-Saving Bicycle 482,Wykonany z wysokiej jakości materiałów zapewniających trwałość.
Magnetic Toy 3001,Łatwy w utrzymaniu czystości i bardzo praktyczny.
Premium-Grade Bench 5588,Świetnie sprawdza się w podróży i codziennym użytkowaniu. wykonany z wysokiej jakości materiałów zapewniających trwałość.
Noise-Cancelling Shoe 697,Łatwy w utrzymaniu czystości i bardzo praktyczny.
Balanced Brush 7851,Idealny do codziennego użytku w domu i biurze. łatwy w utrzymaniu czystości i bardzo praktyczny.
Wireless Basket 8748,Zaprojektowany z myślą o komforcie użytkownika. doskonały jako prezent dla bliskiej osoby.
Wireless Cup 5919,Wykonany z wysokiej jakości materiałów zapewniających trwałość.
Flexible Wallet 6076,Idealny do codziennego użytku w domu i biurze.
Ergonomic Necklace 1699,"Wykonany z wysokiej jakości materiałów zapewniających trwałość. prosty, ale niezwykle funkcjonalny."
Premium Watch 8754,Zaprojektowany z myślą o komforcie użytkownika. doskonały jako prezent dla bliskiej osoby.
Foldable Plate 9610,Dzięki kompaktowym wymiarom łatwy do przenoszenia.
Wireless Bag 9655,"Prosty, ale niezwykle funkcjonalny."
Smart-Enabled Container 1748,Doskonały jako prezent dla bliskiej osoby.
Ergonomic Printer 7139,Łatwy w utrzymaniu czystości i bardzo praktyczny. nowoczesny design pasujący do każdego wnętrza.
Portable Flashlight 1374,Idealny do codziennego użytku w domu i biurze. wykonany z wysokiej jakości materiałów zapewniających trwałość.
Ergonomic Basket 6698,Zaprojektowany z myślą o komforcie użytkownika.
Eco-Conscious Powerbank 4470,Doskonały jako prezent dla bliskiej osoby. świetnie sprawdza się w podróży i codziennym użytkowaniu.
Refined Scarf 8060,Idealny do codziennego użytku w domu i biurze. świetnie sprawdza się w podróży i codziennym użytkowaniu.
Lightweight Brush 1515,"Prosty, ale niezwykle funkcjonalny. świetnie sprawdza się w podróży i codziennym użytkowaniu."
Soft Charger 4399,Świetnie sprawdza się w podróży i codziennym użytkowaniu.
Strong Container 6137,"Nowoczesny design pasujący do każdego wnętrza. prosty, ale niezwykle funkcjonalny."
Sustainable Shelf 4202,Doskonały jako prezent dla bliskiej osoby. zaprojektowany z myślą o komforcie użytkownika.
Reliable Table 7333,"Świetnie sprawdza się w podróży i codziennym użytkowaniu. lekki, a jednocześnie wyjątkowo solidny."
Flexible Brush 4356,Świetnie sprawdza się w podróży i codziennym użytkowaniu. nowoczesny design pasujący do każdego wnętrza.
Advanced Bench 3444,"Zaprojektowany z myślą o komforcie użytkownika. prosty, ale niezwykle funkcjonalny."
Efficient Backpack 309,"Łatwy w utrzymaniu czystości i bardzo praktyczny. lekki, a jednocześnie wyjątkowo solidny."
Noise-Cancelling Bag 6799,Idealny do codziennego użytku w domu i biurze.
Flexible Tripod 2422,Dzięki kompaktowym wymiarom łatwy do przenoszenia.
Portable Lamp 9711,Nowoczesny design pasujący do każdego wnętrza.
Modern Pillow 3071,Świetnie sprawdza się w podróży i codziennym użytkowaniu.
Minimalist Cover 205,Doskonały jako prezent dla bliskiej osoby.
Luxury Scarf 9637,Łatwy w utrzymaniu czystości i bardzo praktyczny.
Practical Backpack 998,Wykonany z wysokiej jakości materiałów zapewniających trwałość. zaprojektowany z myślą o komforcie użytkownika.
Smart-Enabled Cable 4624,Łatwy w utrzymaniu czystości i bardzo praktyczny.
Versatile Printer 3077,Świetnie sprawdza się w podróży i codziennym użytkowaniu.
Smart Toy 6735,"Prosty, ale niezwykle funkcjonalny. prosty, ale niezwykle funkcjonalny."
Strong Keyboard 4472,Zaprojektowany z myślą o komforcie użytkownika. nowoczesny design pasujący do każdego wnętrza.
Minimalist Phone 3590,"Lekki, a jednocześnie wyjątkowo solidny."
Adjustable Flashlight 5779,"Prosty, ale niezwykle funkcjonalny."
Eco-Friendly Speaker 7573,"Lekki, a jednocześnie wyjątkowo solidny."
Comfortable Container 8008,Doskonały jako prezent dla bliskiej osoby. wykonany z wysokiej jakości materiałów zapewniających trwałość.
Rechargeable Pillow 6610,"Idealny do codziennego użytku w domu i biurze. prosty, ale niezwykle funkcjonalny."
Versatile Backpack 5954,Doskonały jako prezent dla bliskiej osoby.
Durable Wallet 955,"Zaprojektowany z myślą o komforcie użytkownika. prosty, ale niezwykle funkcjonalny."
Smart Stand 3566,Świetnie sprawdza się w podróży i codziennym użytkowaniu.
Rechargeable Notebook 4870,Dzięki kompaktowym wymiarom łatwy do przenoszenia.
Soft Jacket 4505,Dzięki kompaktowym wymiarom łatwy do przenoszenia.
Ultra-Light Brush 3032,Nowoczesny design pasujący do każdego wnętrza. doskonały jako prezent dla bliskiej osoby.
Reliable Mirror 1526,Świetnie sprawdza się w podróży i codziennym użytkowaniu. wykonany z wysokiej jakości materiałów zapewniających trwałość.
Advanced Box 4374,"Idealny do codziennego użytku w domu i biurze. prosty, ale niezwykle funkcjonalny."
Smart-Enabled Cup 1562,Zaprojektowany z myślą o komforcie użytkownika.
Smart Shoe 8810,Idealny do codziennego użytku w domu i biurze. łatwy w utrzymaniu czystości i bardzo praktyczny.
Adjustable Wallet 5896,"Lekki, a jednocześnie wyjątkowo solidny. nowoczesny design pasujący do każdego wnętrza."
Waterproof Razor 7606,Zaprojektowany z myślą o komforcie użytkownika.
Compact Watch 9945,Łatwy w utrzymaniu czystości i bardzo praktyczny. dzięki kompaktowym wymiarom łatwy do przenoszenia.
Eco-Safe Box 6755,Świetnie sprawdza się w podróży i codziennym użytkowaniu. zaprojektowany z myślą o komforcie użytkownika.
Ergonomic Phone 1710,Dzięki kompaktowym wymiarom łatwy do przenoszenia. świetnie sprawdza się w podróży i codziennym użytkowaniu.
Classic Bench 4002,Doskonały jako prezent dla bliskiej osoby.
Classic Frame 8400,Świetnie sprawdza się w podróży i codziennym użytkowaniu.
Wireless Shoe 6652,Idealny do codziennego użytku w domu i biurze.
Luxury Watch 3334,Idealny do codziennego użytku w domu i biurze.
Luxury Tool 9920,Świetnie sprawdza się w podróży i codziennym użytkowaniu.
Refined Keyboard 162,Zaprojektowany z myślą o komforcie użytkownika. nowoczesny design pasujący do każdego wnętrza.
Premium-Grade Jacket 9820,Idealny do codziennego użytku w domu i biurze.
Waterproof Tablet 4823,Doskonały jako prezent dla bliskiej osoby.
Efficient Brush 1817,"Prosty, ale niezwykle funkcjonalny. dzięki kompaktowym wymiarom łatwy do przenoszenia."
Premium-Grade Powerbank 9431,Nowoczesny design pasujący do każdego wnętrza.
Sustainable Mouse 6876,Idealny do codziennego użytku w domu i biurze. zaprojektowany z myślą o komforcie użytkownika.
Strong Flashlight 5321,Zaprojektowany z myślą o komforcie użytkownika. świetnie sprawdza się w podróży i codziennym użytkowaniu.
Colorful Flashlight 5367,"Prosty, ale niezwykle funkcjonalny. dzięki kompaktowym wymiarom łatwy do przenoszenia."
Luxury Container 7778,Nowoczesny design pasujący do każdego wnętrza.
Durable Cable 8628,Wykonany z wysokiej jakości materiałów zapewniających trwałość.
High-Quality Clock 8527,"Prosty, ale niezwykle funkcjonalny. zaprojektowany z myślą o komforcie użytkownika."
Energy-Saving Umbrella 1930,"Nowoczesny design pasujący do każdego wnętrza. prosty, ale niezwykle funkcjonalny."
Magnetic Cover 2886,"Prosty, ale niezwykle funkcjonalny. lekki, a jednocześnie wyjątkowo solidny."
Eco-Conscious Drill 1865,"Lekki, a jednocześnie wyjątkowo solidny. idealny do codziennego użytku w domu i biurze."
Refined Tablet 4473,"Lekki, a jednocześnie wyjątkowo solidny."
Lightweight Tool 7959,Nowoczesny design pasujący do każdego wnętrza. dzięki kompaktowym wymiarom łatwy do przenoszenia.
Eco-Friendly Box 4108,Świetnie sprawdza się w podróży i codziennym użytkowaniu.
Modern Jacket 2107,"Prosty, ale niezwykle funkcjonalny. dzięki kompaktowym wymiarom łatwy do przenoszenia."
Premium Mirror 3327,"Prosty, ale niezwykle funkcjonalny. świetnie sprawdza się w podróży i codziennym użytkowaniu."
Comfortable Brush 8906,Dzięki kompaktowym wymiarom łatwy do przenoszenia.
Affordable Holder 8451,"Prosty, ale niezwykle funkcjonalny."
Versatile Umbrella 7680,"Lekki, a jednocześnie wyjątkowo solidny. nowoczesny design pasujący do każdego wnętrza."
Portable Cup 4558,Idealny do codziennego użytku w domu i biurze. idealny do codziennego użytku w domu i biurze.
Smart Speaker 4476,Nowoczesny design pasujący do każdego wnętrza.
Versatile Plate 6727,"Idealny do codziennego użytku w domu i biurze. lekki, a jednocześnie wyjątkowo solidny."
Eco-Safe Mouse 539,Zaprojektowany z myślą o komforcie użytkownika.
Stylish Tablet 376,Łatwy w utrzymaniu czystości i bardzo praktyczny. dzięki kompaktowym wymiarom łatwy do przenoszenia.
Robust Powerbank 952,"Nowoczesny design pasujący do każdego wnętrza. lekki, a jednocześnie wyjątkowo solidny."
Classic Drone 7138,Wykonany z wysokiej jakości materiałów zapewniających trwałość.
Powerful Fan 9094,"Prosty, ale niezwykle funkcjonalny. zaprojektowany z myślą o komforcie użytkownika."
Premium-Grade Mouse 8599,Doskonały jako prezent dla bliskiej osoby. dzięki kompaktowym wymiarom łatwy do przenoszenia.
Premium-Grade Umbrella 9185,Nowoczesny design pasujący do każdego wnętrza. wykonany z wysokiej jakości materiałów zapewniających trwałość.
Modern Brush 3084,"Lekki, a jednocześnie wyjątkowo solidny."
Eco-Conscious Screen 2191,"Prosty, ale niezwykle funkcjonalny."
Smart Tablet 9662,Zaprojektowany z myślą o komforcie użytkownika.
Premium-Grade Fan 627,"Doskonały jako prezent dla bliskiej osoby. prosty, ale niezwykle funkcjonalny."
Soft Stand 5964,Idealny do codziennego użytku w domu i biurze. świetnie sprawdza się w podróży i codziennym użytkowaniu.
Flexible Clock 8030,Doskonały jako prezent dla bliskiej osoby. dzięki kompaktowym wymiarom łatwy do przenoszenia.
Efficient Plate 154,"Lekki, a jednocześnie wyjątkowo solidny."
Ultra-Light Tablet 6963,Idealny do codziennego użytku w domu i biurze. nowoczesny design pasujący do każdego wnętrza.
Compact Cup 4232,Doskonały jako prezent dla bliskiej osoby.
Robust Frame 1733,Dzięki kompaktowym wymiarom łatwy do przenoszenia.
Foldable Notebook 5186,"Lekki, a jednocześnie wyjątkowo solidny. idealny do codziennego użytku w domu i biurze."
Durable Belt 7888,Łatwy w utrzymaniu czystości i bardzo praktyczny.
Smart-Enabled Chair 7279,Nowoczesny design pasujący do każdego wnętrza. dzięki kompaktowym wymiarom łatwy do przenoszenia.
Sustainable Tripod 1874,Doskonały jako prezent dla bliskiej osoby. zaprojektowany z myślą o komforcie użytkownika.
Soft Drill 1618,Wykonany z wysokiej jakości materiałów zapewniających trwałość.
Minimalist Screen 8843,Wykonany z wysokiej jakości materiałów zapewniających trwałość. nowoczesny design pasujący do każdego wnętrza.
Modern Bag 742,Świetnie sprawdza się w podróży i codziennym użytkowaniu.
Affordable Phone 8719,Świetnie sprawdza się w podróży i codziennym użytkowaniu.
Noise-Cancelling Screen 7961,Łatwy w utrzymaniu czystości i bardzo praktyczny. zaprojektowany z myślą o komforcie użytkownika.
Balanced Tablet 1424,"Doskonały jako prezent dla bliskiej osoby. prosty, ale niezwykle funkcjonalny."
Ultra-Light Backpack 3301,"Prosty, ale niezwykle funkcjonalny. zaprojektowany z myślą o komforcie użytkownika."
Eco-Safe Flashlight 7287,"Prosty, ale niezwykle funkcjonalny."
Dynamic Tool 3696,Zaprojektowany z myślą o komforcie użytkownika. łatwy w utrzymaniu czystości i bardzo praktyczny.
Minimalist Wallet 1862,Idealny do codziennego użytku w domu i biurze.
Eco-Friendly Towel 2013,"Prosty, ale niezwykle funkcjonalny."
Dynamic Blanket 4955,Idealny do codziennego użytku w domu i biurze.
Eco-Conscious Brush 2339,"Świetnie sprawdza się w podróży i codziennym użytkowaniu. prosty, ale niezwykle funkcjonalny."
Waterproof Necklace 9040,Idealny do codziennego użytku w domu i biurze.
Customizable Notebook 582,Doskonały jako prezent dla bliskiej osoby. zaprojektowany z myślą o komforcie użytkownika.
Robust Cushion 2187,Dzięki kompaktowym wymiarom łatwy do przenoszenia. świetnie sprawdza się w podróży i codziennym użytkowaniu.
Innovative Backpack 6307,Idealny do codziennego użytku w domu i biurze.
Smart Tripod 6854,Łatwy w utrzymaniu czystości i bardzo praktyczny.
Comfortable Brush 5340,"Lekki, a jednocześnie wyjątkowo solidny. idealny do codziennego użytku w domu i biurze."
High-Quality Basket 2453,Wykonany z wysokiej jakości materiałów zapewniających trwałość. nowoczesny design pasujący do każdego wnętrza.
Premium-Grade Speaker 2187,Idealny do codziennego użytku w domu i biurze.
Smart-Enabled Basket 6529,Łatwy w utrzymaniu czystości i bardzo praktyczny.
Balanced Bag 4789,Doskonały jako prezent dla bliskiej osoby.
Smart-Enabled Frame 2118,"Nowoczesny design pasujący do każdego wnętrza. lekki, a jednocześnie wyjątkowo solidny."
Lightweight Case 6995,Doskonały jako prezent dla bliskiej osoby. świetnie sprawdza się w podróży i codziennym użytkowaniu.
Refined Fan 4100,Nowoczesny design pasujący do każdego wnętrza.
Premium Speaker 9377,"Prosty, ale niezwykle funkcjonalny. dzięki kompaktowym wymiarom łatwy do przenoszenia."
Magnetic Bag 807,Doskonały jako prezent dla bliskiej osoby.
Magnetic Stand 2304,Łatwy w utrzymaniu czystości i bardzo praktyczny.
Balanced Mouse 6110,Nowoczesny design pasujący do każdego wnętrza.
Waterproof Notebook 1747,Idealny do codziennego użytku w domu i biurze.
Multi-Functional Tablet 1762,Łatwy w utrzymaniu czystości i bardzo praktyczny. łatwy w utrzymaniu czystości i bardzo praktyczny.
Rechargeable Glove 3951,Łatwy w utrzymaniu czystości i bardzo praktyczny. nowoczesny design pasujący do każdego wnętrza.
Eco-Friendly Mat 8219,"Idealny do codziennego użytku w domu i biurze. lekki, a jednocześnie wyjątkowo solidny."
Practical Keyboard 8473,"Dzięki kompaktowym wymiarom łatwy do przenoszenia. prosty, ale niezwykle funkcjonalny."
Compact Glasses 7736,"Doskonały jako prezent dla bliskiej osoby. lekki, a jednocześnie wyjątkowo solidny."
Practical Tool 7962,Świetnie sprawdza się w podróży i codziennym użytkowaniu.
Strong Printer 140,Dzięki kompaktowym wymiarom łatwy do przenoszenia. zaprojektowany z myślą o komforcie użytkownika.
Modern Shoe 3168,Idealny do codziennego użytku w domu i biurze.
Wireless Cushion 7246,"Prosty, ale niezwykle funkcjonalny. dzięki kompaktowym wymiarom łatwy do przenoszenia."
Noise-Cancelling Charger 1095,Łatwy w utrzymaniu czystości i bardzo praktyczny. nowoczesny design pasujący do każdego wnętrza.
Modern Wallet 1863,Doskonały jako prezent dla bliskiej osoby. zaprojektowany z myślą o komforcie użytkownika.
Smart-Enabled Mirror 8178,Świetnie sprawdza się w podróży i codziennym użytkowaniu.
Waterproof Mirror 1215,Zaprojektowany z myślą o komforcie użytkownika.
Powerful Monitor 9810,Łatwy w utrzymaniu czystości i bardzo praktyczny.
Magnetic Glasses 467,Dzięki kompaktowym wymiarom łatwy do przenoszenia. doskonały jako prezent dla bliskiej osoby.
Flexible Cable 7416,"Prosty, ale niezwykle funkcjonalny. dzięki kompaktowym wymiarom łatwy do przenoszenia."
Comfortable Headphones 5148,Wykonany z wysokiej jakości materiałów zapewniających trwałość.
Powerful Keyboard 2463,Świetnie sprawdza się w podróży i codziennym użytkowaniu. zaprojektowany z myślą o komforcie użytkownika.
Ultra-Light Shelf 6277,Idealny do codziennego użytku w domu i biurze.
Portable Keyboard 6673,Zaprojektowany z myślą o komforcie użytkownika. doskonały jako prezent dla bliskiej osoby.
Elegant Mat 1317,Nowoczesny design pasujący do każdego wnętrza.
Luxury Phone 8971,"Łatwy w utrzymaniu czystości i bardzo praktyczny. prosty, ale niezwykle funkcjonalny."
Reliable Fan 6224,Zaprojektowany z myślą o komforcie użytkownika. dzięki kompaktowym wymiarom łatwy do przenoszenia.
Comfortable Wallet 8960,"Prosty, ale niezwykle funkcjonalny."
Ergonomic Holder 5556,"Lekki, a jednocześnie wyjątkowo solidny. łatwy w utrzymaniu czystości i bardzo praktyczny."
Compact Tripod 4099,Zaprojektowany z myślą o komforcie użytkownika.
Sustainable Brush 1800,Łatwy w utrzymaniu czystości i bardzo praktyczny. świetnie sprawdza się w podróży i codziennym użytkowaniu.
Classic Charger 7290,Dzięki kompaktowym wymiarom łatwy do przenoszenia.
Waterproof Razor 7157,Wykonany z wysokiej jakości materiałów zapewniających trwałość. doskonały jako prezent dla bliskiej osoby.
Flexible Mat 9018,Łatwy w utrzymaniu czystości i bardzo praktyczny. świetnie sprawdza się w podróży i codziennym użytkowaniu.
Portable Umbrella 6684,Nowoczesny design pasujący do każdego wnętrza. łatwy w utrzymaniu czystości i bardzo praktyczny.
Eco-Conscious Backpack 8734,Zaprojektowany z myślą o komforcie użytkownika.
Foldable Table 708,"Lekki, a jednocześnie wyjątkowo solidny. prosty, ale niezwykle funkcjonalny."
Precision Plate 8172,Nowoczesny design pasujący do każdego wnętrza.
Smart Mug 5468,Wykonany z wysokiej jakości materiałów zapewniających trwałość.
Foldable Blanket 5281,Dzięki kompaktowym wymiarom łatwy do przenoszenia.
Ultra-Light Razor 1216,Łatwy w utrzymaniu czystości i bardzo praktyczny.
Ergonomic Flashlight 3929,Zaprojektowany z myślą o komforcie użytkownika. doskonały jako prezent dla bliskiej osoby.
Innovative Pen 3130,Łatwy w utrzymaniu czystości i bardzo praktyczny.
Stylish Necklace 6224,Zaprojektowany z myślą o komforcie użytkownika.
Eco-Safe Lamp 5571,Nowoczesny design pasujący do każdego wnętrza.
Powerful Tablet 1889,Nowoczesny design pasujący do każdego wnętrza.
Smart-Enabled Wallet 6830,Wykonany z wysokiej jakości materiałów zapewniających trwałość. świetnie sprawdza się w podróży i codziennym użytkowaniu.
Dynamic Flashlight 7244,"Doskonały jako prezent dla bliskiej osoby. lekki, a jednocześnie wyjątkowo solidny."
Noise-Cancelling Cup 8794,Idealny do codziennego użytku w domu i biurze. wykonany z wysokiej jakości materiałów zapewniających trwałość.
Innovative Watch 7803,Nowoczesny design pasujący do każdego wnętrza.
Stylish Speaker 9541,"Dzięki kompaktowym wymiarom łatwy do przenoszenia. prosty, ale niezwykle funkcjonalny."
Versatile Tablet 5979,"Lekki, a jednocześnie wyjątkowo solidny. prosty, ale niezwykle funkcjonalny."
Multi-Functional Chair 6906,Wykonany z wysokiej jakości materiałów zapewniających trwałość. dzięki kompaktowym wymiarom łatwy do przenoszenia.
Soft Flashlight 8723,"Lekki, a jednocześnie wyjątkowo solidny. zaprojektowany z myślą o komforcie użytkownika."
Ergonomic Box 407,Idealny do codziennego użytku w domu i biurze.
Soft Bag 7127,Wykonany z wysokiej jakości materiałów zapewniających trwałość. wykonany z wysokiej jakości materiałów zapewniających trwałość.
Stylish Tablet 607,Wykonany z wysokiej jakości materiałów zapewniających trwałość.
Multi-Functional Phone 6456,Doskonały jako prezent dla bliskiej osoby. świetnie sprawdza się w podróży i codziennym użytkowaniu.
Premium Stand 5658,Świetnie sprawdza się w podróży i codziennym użytkowaniu. nowoczesny design pasujący do każdego wnętrza.
